518,14.0,,140.0,
1276,20.0,,200.0,
2122,40.0,,400.0,
2888,17.0,,170.0,
3572,19.0,,190.0,
4050,15.0,,150.0,
4607,16.0,,160.0,
5298,20.0,,200.0,
5876,12.0,,130.0,
6534,20.0,,200.0,
7459,29.0,,780.0,
8327,32.0,,320.0,
9298,29.0,,300.0,
9829,17.0,,170.0,
10392,25.0,,260.0,
10970,21.0,,220.0,
11802,18.0,,180.0,
12474,19.0,,190.0,
12967,14.0,,140.0,
13668,12.0,,130.0,
14175,9.0,,90.0,
14727,16.0,,160.0,
15315,18.0,,180.0,
15967,17.0,,170.0,
16610,14.0,,140.0,
17201,21.0,,220.0,
17654,16.0,,160.0,
18351,13.0,,130.0,
18924,9.0,,90.0,
19666,21.0,,210.0,
20289,15.0,,150.0,
20927,27.0,,270.0,
21611,34.0,,340.0,
22279,18.0,,190.0,
22721,21.0,,210.0,
23355,9.0,,90.0,
23945,18.0,,180.0,
24520,12.0,,120.0,
25094,17.0,,170.0,
25629,22.0,,220.0,
26305,20.0,,200.0,
27085,21.0,,210.0,
28042,29.0,,290.0,
28733,21.0,,210.0,
29382,23.0,,230.0,
29954,15.0,,150.0,
30793,26.0,,260.0,
31295,12.0,,120.0,
31844,14.0,,140.0,
32752,27.0,,270.0,
33458,17.0,,170.0,
34261,17.0,,170.0,
34832,18.0,,180.0,
35410,23.0,,230.0,
36001,10.0,,100.0,
36818,26.0,,260.0,
37624,23.0,,240.0,
38229,17.0,,170.0,
39105,22.0,,230.0,
39774,20.0,,200.0,
40443,21.0,,210.0,
41521,31.0,,310.0,
42243,22.0,,230.0,
42815,15.0,,150.0,
43437,19.0,,190.0,
44298,25.0,,260.0,
44900,23.0,,240.0,
45741,25.0,,250.0,
46622,40.0,,400.0,
47406,19.0,,190.0,
48112,16.0,,160.0,
48752,20.0,,200.0,
49467,15.0,,150.0,
50091,20.0,,200.0,
50850,29.0,,300.0,
51582,30.0,,300.0,
52232,24.0,,240.0,
53051,24.0,,240.0,
54027,28.0,,280.0,
54571,11.0,,120.0,
55249,20.0,,200.0,
56025,23.0,,230.0,
56619,12.0,,130.0,
57226,23.0,,240.0,
57780,15.0,,150.0,
58620,30.0,,310.0,
59221,13.0,,130.0,
59926,11.0,,110.0,
60656,10.0,,100.0,
61259,24.0,,240.0,
61942,16.0,,160.0,
62589,21.0,,210.0,
63284,13.0,,130.0,
63877,11.0,,110.0,
64683,21.0,,210.0,
65321,30.0,,300.0,
66185,24.0,,250.0,
66772,17.0,,180.0,
67276,14.0,,140.0,
67944,16.0,,160.0,
68594,21.0,19.8,210.0,204.6
69188,20.0,19.8,200.0,205.3
69782,13.0,19.8,130.0,205.3
70343,20.0,19.6,200.0,202.6
70969,17.0,19.6,170.0,202.9
71738,24.0,19.6,250.0,202.7
72367,17.0,19.7,170.0,203.7
73022,14.0,19.7,140.0,203.8
73588,20.0,19.6,200.0,203.2
74261,27.0,19.7,270.0,203.9
74849,14.0,19.8,140.0,204.6
75389,12.0,19.6,120.0,198.2
76143,22.0,19.4,220.0,196.2
76636,21.0,19.4,210.0,195.4
77236,9.0,19.4,90.0,195.8
77794,22.0,19.2,220.0,194.1
78381,21.0,19.2,220.0,194.1
79069,13.0,19.3,140.0,194.5
79724,19.0,19.2,190.0,194.0
80492,24.0,19.3,240.0,194.5
81111,12.0,19.4,120.0,195.6
81637,11.0,19.4,110.0,195.9
82382,21.0,19.4,210.0,195.4
83186,26.0,19.4,260.0,195.7
84114,30.0,19.5,300.0,196.6
84634,17.0,19.6,170.0,198.2
85206,17.0,19.6,170.0,197.7
85967,32.0,19.6,330.0,197.8
86657,20.0,19.8,200.0,199.8
87281,18.0,19.9,190.0,200.9
87882,24.0,19.9,240.0,200.7
88529,13.0,20.0,140.0,201.6
89093,13.0,19.8,130.0,200.3
89851,32.0,19.6,320.0,198.2
90661,29.0,19.8,290.0,199.5
91628,34.0,19.8,340.0,200.3
92295,22.0,20.1,220.0,202.8
93091,36.0,20.1,360.0,203.2
94078,23.0,20.4,230.0,205.6
94763,18.0,20.4,190.0,206.2
95363,20.0,20.4,210.0,205.9
96000,23.0,20.4,230.0,206.0
96582,21.0,20.4,210.0,206.2
97201,18.0,20.3,180.0,205.4
97792,16.0,20.3,160.0,205.1
98436,27.0,20.2,270.0,204.4
99099,25.0,20.4,250.0,205.6
99572,14.0,20.4,140.0,205.5
100184,22.0,20.4,220.0,205.7
100748,21.0,20.4,220.0,206.5
101396,23.0,20.4,230.0,206.0
102113,18.0,20.4,190.0,206.6
102654,25.0,20.5,260.0,206.8
103312,18.0,20.5,180.0,207.6
103967,23.0,20.5,230.0,207.1
104699,21.0,20.6,210.0,208.4
105338,19.0,20.6,190.0,207.9
106344,29.0,20.5,300.0,207.4
106890,21.0,20.6,210.0,208.7
107524,12.0,20.6,120.0,208.5
108116,21.0,20.6,210.0,207.7
108967,26.0,20.6,260.0,207.7
109524,21.0,20.5,210.0,207.2
110231,25.0,20.5,250.0,207.0
111023,25.0,20.6,250.0,208.0
111575,22.0,20.6,220.0,208.6
112106,11.0,20.6,110.0,208.2
112712,17.0,20.5,170.0,206.9
113279,15.0,20.4,160.0,206.1
113930,19.0,20.2,190.0,203.7
114537,14.0,20.2,140.0,203.7
115127,19.0,20.2,190.0,203.5
115699,18.0,20.1,190.0,203.4
116299,19.0,20.2,190.0,203.8
116945,30.0,20.2,300.0,203.7
117601,24.0,20.2,250.0,203.7
118231,15.0,20.1,160.0,203.2
118876,31.0,20.0,320.0,202.4
119497,15.0,20.1,150.0,203.2
120093,23.0,20.0,230.0,201.9
120659,19.0,20.1,190.0,203.0
121198,17.0,20.1,170.0,202.9
121731,16.0,20.0,160.0,202.3
122527,40.0,20.0,410.0,202.6
123265,25.0,20.2,250.0,204.3
123963,19.0,20.3,190.0,205.3
124517,18.0,20.2,180.0,204.1
125055,17.0,20.3,180.0,204.6
125766,28.0,20.3,280.0,205.3
126571,31.0,20.5,310.0,207.1
127194,11.0,20.6,110.0,207.8
127787,13.0,20.5,130.0,207.3
128366,19.0,20.4,190.0,206.5
128930,20.0,20.5,200.0,207.1
129530,21.0,20.6,210.0,208.0
130217,31.0,20.6,310.0,208.0
131009,25.0,20.6,250.0,208.1
131486,14.0,20.6,140.0,208.1
132073,14.0,20.6,140.0,207.7
132839,19.0,20.6,200.0,207.7
133560,27.0,20.6,280.0,208.1
134150,15.0,20.7,150.0,208.8
134712,23.0,20.6,230.0,208.3
135407,18.0,20.7,180.0,209.3
136230,27.0,20.7,270.0,209.1
137210,23.0,20.8,230.0,210.1
138006,23.0,20.8,230.0,209.9
138705,19.0,20.8,190.0,210.5
139256,12.0,20.9,120.0,211.0
139774,19.0,20.8,190.0,210.2
140279,30.0,20.7,300.0,209.4
140897,26.0,20.9,260.0,211.0
141408,17.0,21.0,170.0,212.4
141978,16.0,21.0,160.0,211.9
142653,18.0,20.9,180.0,211.4
143244,20.0,21.0,200.0,212.3
143771,13.0,21.0,130.0,212.1
144344,15.0,20.9,150.0,211.2
144965,12.0,21.0,120.0,211.3
145496,21.0,20.9,210.0,210.6
146352,38.0,20.8,380.0,210.3
146912,12.0,21.1,120.0,212.9
147672,27.0,21.1,270.0,213.0
148227,17.0,21.2,170.0,213.6
148851,13.0,21.1,130.0,212.7
149673,28.0,20.9,290.0,211.0
150237,22.0,21.0,220.0,212.2
150771,12.0,21.1,120.0,212.7
151440,14.0,20.9,140.0,210.6
152102,23.0,20.8,230.0,210.0
152761,28.0,20.9,280.0,210.4
153791,29.0,20.9,780.0,210.8
154440,23.0,21.1,230.0,217.2
155086,20.0,21.2,200.0,218.2
155663,23.0,21.0,230.0,217.0
156260,21.0,21.0,210.0,216.4
156912,22.0,20.9,220.0,215.1
157616,28.0,20.9,290.0,215.1
158285,16.0,20.8,170.0,214.4
158830,19.0,20.7,190.0,213.8
159610,26.0,20.7,260.0,213.8
160256,20.0,20.8,200.0,214.3
161384,41.0,20.8,410.0,214.0
162030,21.0,21.0,210.0,216.0
162728,32.0,21.0,320.0,216.3
163295,19.0,21.1,190.0,217.9
163982,20.0,21.1,200.0,217.1
164897,35.0,21.0,350.0,216.6
165648,25.0,21.2,250.0,218.7
166173,17.0,21.2,170.0,219.0
166612,12.0,21.2,120.0,218.5
167310,16.0,21.1,160.0,217.4
167930,19.0,21.1,200.0,217.1
168914,22.0,21.0,220.0,216.5
169581,18.0,21.1,180.0,216.9
170151,26.0,21.0,270.0,216.4
170926,32.0,21.1,330.0,217.0
171614,19.0,21.2,190.0,218.4
172157,17.0,21.1,170.0,217.3
172937,23.0,21.0,230.0,216.9
173673,37.0,21.2,370.0,218.0
174309,18.0,21.3,180.0,219.6
174910,14.0,21.2,150.0,218.8
175574,33.0,21.2,330.0,218.2
176278,25.0,21.2,250.0,219.0
176863,19.0,21.2,190.0,219.0
177605,33.0,21.2,330.0,218.7
178282,20.0,21.4,200.0,220.9
178925,19.0,21.5,190.0,221.2
179696,11.0,21.5,110.0,221.5
180304,13.0,21.4,140.0,220.7
180971,28.0,21.4,280.0,220.7
181537,11.0,21.5,120.0,221.6
182117,15.0,21.4,150.0,220.9
182985,29.0,21.4,290.0,220.5
183752,20.0,21.4,200.0,220.4
184319,18.0,21.4,190.0,219.9
184903,13.0,21.4,130.0,220.2
185737,17.0,21.2,170.0,218.3
186494,30.0,21.2,300.0,218.5
187072,20.0,21.3,200.0,219.2
187886,35.0,21.3,350.0,219.3
188662,28.0,21.5,290.0,221.1
189288,20.0,21.6,200.0,222.4
189913,29.0,21.4,300.0,220.3
190493,21.0,21.4,210.0,220.8
191041,16.0,21.5,160.0,221.0
191705,20.0,21.4,210.0,220.8
192284,22.0,21.5,220.0,221.1
193093,31.0,21.4,310.0,220.5
193672,24.0,21.4,240.0,220.5
194328,26.0,21.5,270.0,221.8
195143,17.0,21.7,170.0,223.2
195659,16.0,21.6,160.0,223.0
196652,28.0,21.6,280.0,222.6
197230,27.0,21.7,280.0,223.3
197877,22.0,21.6,220.0,223.0
198443,22.0,21.6,220.0,222.7
199221,23.0,21.7,240.0,223.5
200209,31.0,21.8,310.0,224.5
201176,31.0,21.9,310.0,225.6
201749,30.0,21.9,300.0,225.9
202314,22.0,22.1,220.0,227.4
202843,22.0,22.1,220.0,227.3
203406,19.0,22.1,190.0,227.7
204049,30.0,22.0,300.0,226.9
204619,34.0,22.1,340.0,227.6
205148,26.0,22.2,260.0,228.7
205992,27.0,22.3,270.0,229.4
206501,14.0,22.4,140.0,230.9
207242,22.0,22.4,230.0,230.4
207965,27.0,22.3,270.0,229.7
208696,36.0,22.3,360.0,229.8
209321,29.0,22.5,290.0,231.7
210089,22.0,22.6,220.0,233.0
210646,27.0,22.7,270.0,233.4
211419,39.0,22.8,390.0,234.1
212118,20.0,23.0,200.0,236.7
212658,27.0,23.1,270.0,237.2
213124,20.0,23.2,200.0,238.7
213699,25.0,23.2,250.0,238.6
214438,28.0,23.1,280.0,237.3
215187,27.0,23.2,270.0,238.9
215842,17.0,23.2,170.0,238.9
216489,18.0,23.2,190.0,238.9
217421,33.0,23.3,330.0,239.5
218170,19.0,23.3,190.0,239.9
218714,15.0,23.3,150.0,239.6
219578,42.0,23.3,420.0,239.9
220192,18.0,23.6,180.0,242.7
220760,21.0,23.6,220.0,242.2
221587,24.0,23.5,240.0,241.6
222116,16.0,23.4,160.0,236.2
222727,32.0,23.4,320.0,235.5
223571,39.0,23.5,390.0,236.7
224182,26.0,23.6,270.0,238.3
224904,25.0,23.7,250.0,238.9
225483,18.0,23.7,190.0,239.2
226073,30.0,23.6,300.0,238.2
226712,18.0,23.8,180.0,239.5
227315,17.0,23.8,170.0,239.4
228101,24.0,23.7,240.0,238.5
228618,30.0,23.7,300.0,238.9
229584,36.0,23.6,360.0,237.8
230278,26.0,23.8,260.0,239.3
230753,18.0,23.7,190.0,238.7
231401,22.0,23.7,220.0,238.7
232237,31.0,23.7,310.0,238.9
232909,29.0,23.7,290.0,238.5
233627,35.0,23.7,350.0,238.9
234393,29.0,23.9,290.0,240.7
234989,20.0,24.0,200.0,242.4
235633,26.0,24.1,260.0,242.8
236224,20.0,24.2,200.0,243.4
236791,19.0,24.1,190.0,243.2
237271,13.0,24.2,130.0,243.3
237845,30.0,24.0,300.0,241.9
238616,29.0,24.0,290.0,241.6
239389,25.0,24.1,260.0,242.6
239867,14.0,24.2,140.0,243.5
240763,30.0,24.1,300.0,242.6
241274,12.0,24.0,120.0,241.9
242033,38.0,24.0,390.0,241.3
242810,28.0,24.2,280.0,243.7
243292,25.0,24.2,260.0,243.2
243940,30.0,24.2,300.0,243.3
244846,31.0,24.3,320.0,244.4
245532,16.0,24.2,160.0,244.3
246137,30.0,24.2,300.0,243.9
246938,26.0,24.3,260.0,245.0
247646,23.0,24.5,230.0,246.5
248157,17.0,24.6,170.0,247.4
248907,26.0,24.4,270.0,246.3
249529,16.0,24.6,160.0,247.8
250038,19.0,24.6,190.0,247.9
250833,35.0,24.5,350.0,246.9
251348,22.0,24.7,220.0,248.4
252217,31.0,24.7,320.0,248.7
252767,23.0,24.9,230.0,250.6
253428,35.0,24.9,360.0,251.2
254083,24.0,25.0,240.0,251.8
255072,41.0,25.0,410.0,252.2
255970,40.0,25.1,890.0,252.8
256474,20.0,25.2,200.0,258.8
256992,19.0,25.2,190.0,258.8
257597,16.0,25.1,170.0,257.7
258362,25.0,25.1,250.0,257.3
258866,18.0,25.2,180.0,258.2
259505,15.0,25.1,150.0,257.9
260141,25.0,25.1,260.0,257.2
261124,31.0,25.0,310.0,256.7
261575,27.0,25.1,270.0,257.4
262204,18.0,25.1,180.0,257.4
262786,27.0,25.1,270.0,257.5
263782,43.0,25.2,440.0,258.6
264483,29.0,25.4,290.0,260.2
265021,31.0,25.4,310.0,260.3
265910,34.0,25.5,340.0,261.2
266698,41.0,25.6,410.0,262.4
267396,22.0,25.8,230.0,264.1
268290,33.0,25.7,330.0,263.3
268843,19.0,25.7,190.0,263.5
269655,24.0,25.6,240.0,262.4
270238,11.0,25.6,120.0,262.6
270896,26.0,25.5,260.0,261.6
271511,18.0,25.6,180.0,262.3
272412,40.0,25.4,400.0,261.1
272945,25.0,25.5,250.0,261.7
273492,28.0,25.5,280.0,261.6
274243,28.0,25.5,280.0,261.7
274980,30.0,25.6,300.0,263.1
275590,33.0,25.7,330.0,263.8
276236,24.0,25.8,250.0,264.4
276883,27.0,25.7,280.0,263.3
277772,21.0,25.6,210.0,263.2
278411,25.0,25.6,250.0,263.1
278936,17.0,25.6,170.0,262.9
279611,29.0,25.4,290.0,260.7
280201,30.0,25.5,300.0,261.6
281240,37.0,25.5,370.0,261.9
281854,31.0,25.7,310.0,263.6
282567,22.0,25.7,220.0,264.2
283127,33.0,25.7,330.0,263.6
283724,23.0,25.7,230.0,264.2
284396,24.0,25.8,240.0,264.8
284939,23.0,25.9,240.0,265.3
285652,32.0,25.8,320.0,264.4
286578,37.0,25.9,380.0,265.7
287405,41.0,26.1,410.0,268.0
287951,28.0,26.1,280.0,267.9
288635,25.0,26.2,250.0,268.9
289230,22.0,26.2,220.0,269.2
289825,41.0,26.2,410.0,269.0
290342,25.0,26.5,250.0,271.5
291013,27.0,26.4,280.0,270.8
291566,21.0,26.3,210.0,269.7
292110,32.0,26.2,320.0,269.1
292967,29.0,26.3,290.0,269.8
293561,27.0,26.4,270.0,270.8
294126,29.0,26.4,290.0,270.5
294577,13.0,26.5,140.0,271.6
295513,41.0,26.4,410.0,271.3
296114,27.0,26.6,270.0,273.0
296863,39.0,26.6,390.0,272.7
297471,23.0,26.6,230.0,273.0
298495,34.0,26.6,830.0,272.7
299410,27.0,26.8,280.0,279.1
300101,34.0,26.8,350.0,279.7
300662,31.0,26.8,310.0,280.1
301214,18.0,26.8,180.0,280.3
301949,31.0,26.7,310.0,278.6
302570,27.0,26.7,270.0,278.8
303259,39.0,26.8,390.0,279.5
304092,29.0,26.9,300.0,280.8
304729,21.0,27.0,210.0,281.8
305191,23.0,27.0,240.0,282.0
305750,26.0,27.1,260.0,283.1
306322,18.0,27.1,190.0,282.7
306954,26.0,27.0,260.0,281.7
307380,18.0,27.0,180.0,281.7
307991,18.0,27.0,180.0,282.1
308487,26.0,26.9,270.0,280.9
309421,42.0,27.0,430.0,282.4
310114,32.0,27.1,320.0,282.8
310718,36.0,27.1,360.0,283.2
311556,23.0,27.2,240.0,284.2
312251,27.0,27.2,270.0,283.6
312909,40.0,27.1,410.0,283.1
313620,32.0,27.4,320.0,285.6
314187,27.0,27.4,270.0,285.8
315221,50.0,27.4,500.0,285.9
315835,24.0,27.6,240.0,288.6
316394,33.0,27.7,330.0,289.3
316931,30.0,27.8,300.0,289.9
317584,32.0,27.9,320.0,291.3
318604,37.0,28.1,370.0,292.6
319260,38.0,28.1,390.0,292.8
319888,24.0,28.2,240.0,294.5
320540,38.0,28.2,380.0,293.7
321227,33.0,28.3,330.0,295.2
321818,38.0,28.3,380.0,294.9
322577,39.0,28.4,390.0,296.3
323070,32.0,28.4,330.0,296.1
323743,35.0,28.3,360.0,290.5
324379,35.0,28.5,350.0,292.1
324857,22.0,28.6,220.0,293.7
325503,32.0,28.7,320.0,294.2
326250,32.0,28.8,320.0,294.9
326977,34.0,28.9,340.0,296.3
327534,26.0,29.1,260.0,298.2
328187,29.0,29.1,290.0,298.2
328890,22.0,29.1,220.0,298.0
329386,20.0,29.0,200.0,297.5
329892,25.0,29.1,250.0,297.7
330625,33.0,29.0,340.0,297.5
331477,45.0,29.0,450.0,296.5
332301,30.0,29.1,300.0,298.1
332978,31.0,29.1,310.0,298.0
333557,21.0,29.1,210.0,297.7
334263,43.0,28.9,430.0,295.7
335057,33.0,29.1,330.0,297.7
335696,22.0,29.1,220.0,297.7
336280,30.0,29.1,300.0,298.0
337110,32.0,29.2,320.0,298.6
337660,29.0,29.4,290.0,300.6
338175,18.0,29.4,180.0,300.9
338725,34.0,29.4,340.0,300.9
339335,32.0,29.4,320.0,300.3
340109,44.0,29.4,440.0,301.0
340684,26.0,29.6,260.0,302.6
341158,30.0,29.6,300.0,302.4
342013,36.0,29.6,370.0,302.4
342785,28.0,29.6,290.0,302.8
343606,36.0,29.6,360.0,303.2
344268,38.0,29.7,380.0,304.0
344909,28.0,29.9,290.0,305.7
345669,37.0,29.9,370.0,306.1
346388,30.0,30.1,300.0,308.1
346881,20.0,30.1,200.0,308.2
347591,32.0,30.0,330.0,307.2
348097,17.0,30.0,180.0,306.8
348483,20.0,29.8,200.0,305.5
349015,31.0,29.8,310.0,305.3
349719,28.0,29.8,290.0,305.1
350309,29.0,29.8,290.0,305.7
350833,23.0,29.9,230.0,306.2
351277,22.0,29.9,230.0,306.1
351938,34.0,29.8,350.0,305.2
352828,50.0,29.8,510.0,304.9
353479,26.0,29.9,260.0,305.9
354019,21.0,29.8,210.0,305.7
354661,29.0,29.8,290.0,305.3
355332,30.0,29.9,300.0,306.0
355853,22.0,29.8,220.0,304.9
356632,36.0,29.7,360.0,304.6
357442,36.0,29.8,370.0,305.4
358056,33.0,30.0,340.0,307.0
358695,36.0,30.0,360.0,307.2
359734,40.0,30.0,400.0,307.9
360254,25.0,30.2,250.0,309.2
360641,21.0,30.1,210.0,308.8
361058,28.0,30.2,280.0,309.5
361781,36.0,30.1,370.0,308.2
362336,26.0,30.2,270.0,309.2
362781,23.0,30.0,230.0,308.0
363357,30.0,30.0,300.0,308.0
363895,22.0,30.0,220.0,302.7
364335,19.0,30.0,190.0,302.1
364872,26.0,29.8,260.0,300.5
365564,26.0,29.8,270.0,300.0
366389,38.0,29.8,400.0,300.9
366949,31.0,29.9,310.0,301.8
367507,23.0,30.0,230.0,302.2
368350,35.0,29.8,350.0,300.6
368859,27.0,29.8,270.0,301.1
369756,43.0,29.9,430.0,301.7
370691,31.0,30.1,310.0,303.6
371181,26.0,30.2,260.0,304.1
371559,16.0,30.2,160.0,304.8
372279,40.0,30.1,400.0,303.8
373158,38.0,30.4,380.0,306.0
374201,53.0,30.6,530.0,308.0
374641,27.0,30.8,270.0,310.6
375202,25.0,30.7,250.0,309.0
375839,29.0,30.6,300.0,308.3
376659,43.0,30.5,440.0,307.7
377438,44.0,30.7,450.0,309.7
378122,26.0,30.9,260.0,311.5
378855,34.0,30.8,340.0,310.0
379530,30.0,30.8,300.0,310.2
380552,44.0,30.8,440.0,310.5
381251,21.0,30.8,220.0,309.9
381855,28.0,30.7,280.0,309.7
382476,27.0,30.7,270.0,309.2
383067,25.0,30.6,250.0,308.9
383599,36.0,30.6,370.0,308.2
384171,39.0,30.6,390.0,308.2
384707,33.0,30.6,340.0,308.2
385282,39.0,30.7,400.0,309.2
385886,30.0,30.7,300.0,309.4
386502,42.0,30.6,420.0,309.1
387206,34.0,30.7,340.0,309.5
387723,31.0,30.6,310.0,309.0
388360,32.0,30.6,330.0,308.8
388818,22.0,30.6,220.0,308.5
389302,21.0,30.5,220.0,307.2
390245,30.0,30.5,310.0,307.2
390998,34.0,30.4,350.0,307.1
391610,22.0,30.5,230.0,307.4
392351,33.0,30.3,340.0,306.3
393164,43.0,30.4,430.0,307.1
394176,46.0,30.6,460.0,308.5
394704,37.0,30.8,370.0,310.9
395371,41.0,31.0,410.0,312.6
395962,30.0,31.1,310.0,314.2
396663,39.0,31.1,390.0,313.9
397423,40.0,31.0,400.0,313.3
397837,21.0,31.1,210.0,314.3
398682,42.0,31.0,420.0,313.3
399112,33.0,31.2,330.0,315.4
399732,28.0,31.1,280.0,314.4
400444,38.0,31.1,380.0,313.9
401167,38.0,31.2,380.0,315.5
401951,42.0,31.3,430.0,316.3
402585,31.0,31.4,310.0,317.4
403349,31.0,31.4,310.0,317.6
403927,24.0,31.6,250.0,318.9
404771,31.0,31.5,320.0,318.0
405640,45.0,31.5,940.0,318.0
406725,44.0,31.5,450.0,323.0
407530,40.0,31.7,410.0,324.9
408284,41.0,31.8,410.0,326.0
408758,30.0,31.8,300.0,326.4
409157,27.0,31.8,280.0,326.5
409880,46.0,31.7,460.0,325.7
410333,29.0,31.8,290.0,326.5
410824,23.0,31.8,230.0,326.5
411632,29.0,31.7,780.0,325.1
412337,34.0,31.7,350.0,329.9
412947,28.0,31.8,280.0,331.4
413369,30.0,31.8,300.0,330.9
414073,38.0,31.9,380.0,332.1
414673,32.0,32.1,320.0,333.9
415537,39.0,32.1,390.0,334.0
416169,32.0,32.2,330.0,335.0
417138,56.0,32.2,1060.0,335.4
417849,44.0,32.6,450.0,343.7
418380,24.0,32.8,240.0,345.9
419147,36.0,32.7,370.0,344.8
419883,36.0,32.6,370.0,343.4
420567,33.0,32.6,330.0,344.5
421106,32.0,32.8,320.0,345.7
421609,26.0,32.8,260.0,346.0
422152,36.0,32.8,360.0,345.6
422892,43.0,32.9,430.0,347.0
423730,39.0,33.0,390.0,347.7
424464,31.0,33.0,330.0,347.9
425054,24.0,33.0,240.0,347.8
425573,26.0,32.9,270.0,346.6
425991,22.0,32.7,230.0,345.3
426780,42.0,32.7,420.0,345.1
427530,38.0,32.9,380.0,347.2
428224,42.0,33.0,430.0,348.2
428773,34.0,33.1,340.0,348.8
429669,38.0,33.1,390.0,349.5
430131,20.0,33.3,200.0,351.1
430846,42.0,33.2,420.0,350.1
431475,32.0,33.4,330.0,352.1
431965,26.0,33.5,270.0,353.5
432533,25.0,33.5,250.0,353.6
433344,34.0,33.5,350.0,353.4
434089,27.0,33.5,280.0,352.9
434614,31.0,33.4,310.0,352.6
435348,38.0,33.5,390.0,353.4
435905,31.0,33.5,320.0,353.8
436411,30.0,33.6,300.0,354.3
437019,38.0,33.4,380.0,353.0
437795,34.0,33.5,350.0,353.7
438913,53.0,33.6,540.0,354.6
439639,49.0,34.0,990.0,358.4
440122,24.0,34.1,250.0,364.3
441014,54.0,33.9,540.0,363.0
441892,38.0,33.9,390.0,363.1
442650,44.0,34.0,440.0,364.3
443146,33.0,34.2,330.0,366.2
443634,34.0,34.3,340.0,366.5
444878,58.0,34.2,590.0,365.5
445502,30.0,34.3,310.0,366.9
446671,57.0,34.4,580.0,367.4
447860,52.0,34.6,520.0,369.8
448495,30.0,34.8,310.0,372.0
448901,23.0,34.7,230.0,370.7
449518,32.0,34.7,320.0,370.8
450011,29.0,34.7,290.0,371.2
450520,29.0,34.8,290.0,371.4
451151,43.0,34.8,440.0,371.8
451951,39.0,34.9,400.0,372.5
452574,34.0,34.9,340.0,372.6
453118,29.0,34.9,290.0,372.6
453779,34.0,34.8,340.0,371.5
454362,29.0,34.8,300.0,371.9
455580,69.0,34.7,1190.0,370.7
456279,40.0,35.0,410.0,379.2
456802,41.0,35.1,410.0,380.2
457746,35.0,35.2,350.0,381.0
458338,37.0,35.3,380.0,382.3
459294,44.0,35.5,450.0,383.9
460097,40.0,35.6,410.0,385.3
460778,28.0,35.7,280.0,385.9
461488,27.0,35.8,270.0,386.4
461971,28.0,35.7,280.0,385.7
462650,26.0,35.6,270.0,384.2
463230,42.0,35.4,420.0,382.3
463942,49.0,35.4,490.0,382.8
464615,23.0,35.5,230.0,383.6
465614,48.0,35.4,480.0,382.8
466427,43.0,35.5,430.0,383.7
467259,44.0,35.5,440.0,384.0
467658,24.0,35.8,240.0,386.3
468129,30.0,35.6,300.0,384.5
468969,38.0,35.6,380.0,384.2
469719,36.0,35.6,370.0,385.2
470554,45.0,35.6,460.0,385.1
471333,34.0,35.7,350.0,385.9
472027,39.0,35.6,400.0,385.1
472441,22.0,35.7,230.0,386.0
472904,31.0,35.6,320.0,385.2
473596,38.0,35.7,380.0,385.9
474194,32.0,35.8,330.0,386.5
475039,42.0,35.6,420.0,380.4
475869,43.0,35.6,430.0,380.1
476579,37.0,35.6,370.0,380.3
477231,33.0,35.6,330.0,379.9
477980,41.0,35.6,410.0,380.2
478607,37.0,35.8,370.0,381.5
479147,38.0,35.7,380.0,380.6
479868,36.0,35.8,360.0,381.5
480335,27.0,35.9,270.0,382.8
480929,46.0,35.9,460.0,377.7
481631,42.0,36.0,420.0,378.8
482464,36.0,36.1,360.0,380.2
482967,32.0,36.2,320.0,380.8
483538,36.0,36.1,360.0,380.2
484092,42.0,36.2,420.0,380.6
484749,44.0,36.2,450.0,380.9
485633,44.0,36.3,940.0,382.1
486085,29.0,36.2,290.0,380.9
486754,36.0,36.0,370.0,379.3
487417,36.0,36.2,370.0,380.6
488206,30.0,36.2,310.0,380.6
489055,35.0,36.1,350.0,380.0
489836,47.0,36.1,470.0,380.2
490292,31.0,36.3,310.0,381.7
491088,45.0,36.3,450.0,382.2
491755,32.0,36.4,320.0,383.1
492217,26.0,36.3,260.0,382.0
492928,38.0,36.2,390.0,380.7
493769,45.0,36.2,450.0,381.3
494447,31.0,36.5,310.0,383.4
494925,31.0,36.5,310.0,383.8
495590,40.0,36.6,410.0,384.6
496063,25.0,36.6,250.0,384.5
496746,33.0,36.4,330.0,383.2
497433,35.0,36.4,350.0,382.2
498033,34.0,36.4,350.0,382.3
498779,28.0,36.3,300.0,381.9
499571,32.0,36.4,320.0,382.9
500022,22.0,36.3,220.0,381.9
500616,28.0,36.2,290.0,380.8
501399,43.0,36.2,440.0,381.0
502124,32.0,36.4,320.0,382.9
502836,47.0,36.4,480.0,382.6
503683,34.0,36.6,340.0,384.6
504442,43.0,36.6,920.0,384.9
505038,37.0,36.7,370.0,390.2
505803,46.0,36.7,470.0,390.7
506697,39.0,36.9,390.0,392.4
507569,53.0,36.9,530.0,392.5
508321,35.0,37.1,350.0,394.3
509042,46.0,36.9,460.0,392.4
509617,35.0,36.9,350.0,387.1
510120,31.0,37.0,310.0,388.1
510848,42.0,36.8,910.0,385.8
511630,40.0,36.8,400.0,391.0
512429,51.0,36.8,520.0,390.6
513216,51.0,36.9,1990.0,392.5
513667,21.0,37.1,210.0,409.0
514426,39.0,36.7,390.0,405.2
515265,45.0,36.8,460.0,406.0
516176,43.0,36.7,430.0,404.8
516741,24.0,36.6,240.0,403.9
517721,37.0,36.6,370.0,403.2
518557,42.0,36.7,420.0,404.6
519362,38.0,36.8,380.0,405.6
520135,57.0,36.9,580.0,406.5
520857,39.0,37.2,400.0,409.4
521334,29.0,37.1,300.0,409.0
522007,28.0,37.0,280.0,408.0
522715,40.0,37.0,400.0,407.4
523501,40.0,37.1,400.0,408.5
523976,35.0,37.1,350.0,409.1
524687,29.0,37.2,290.0,409.6
525361,30.0,36.8,310.0,400.6
526083,31.0,36.7,310.0,399.6
526754,42.0,36.6,420.0,398.6
527354,28.0,36.7,290.0,399.3
528462,63.0,36.6,640.0,398.4
528972,35.0,36.8,370.0,400.3
529579,25.0,36.7,250.0,399.9
530130,24.0,36.7,240.0,399.6
530573,23.0,36.7,230.0,399.3
531221,43.0,36.6,440.0,398.8
532107,44.0,36.8,440.0,400.5
533081,45.0,36.8,460.0,400.7
533979,42.0,36.8,440.0,400.4
534836,38.0,37.0,380.0,402.5
535430,36.0,36.8,360.0,401.5
536133,35.0,36.8,350.0,400.8
537085,46.0,36.7,470.0,399.9
537848,38.0,36.9,380.0,402.2
538345,41.0,37.0,410.0,403.0
539172,42.0,37.0,930.0,403.3
540000,34.0,37.1,830.0,408.9
540514,26.0,37.0,260.0,412.6
541173,39.0,36.9,390.0,411.7
541848,36.0,36.9,370.0,411.6
542450,45.0,37.0,460.0,413.0
543129,48.0,37.2,500.0,414.4
543844,42.0,37.3,420.0,415.6
544321,36.0,37.4,360.0,416.5
545237,44.0,37.3,440.0,415.9
546302,61.0,37.3,610.0,416.0
546974,28.0,37.6,280.0,418.4
547680,36.0,37.5,360.0,417.9
548101,39.0,37.5,400.0,417.4
548544,37.0,37.5,380.0,417.7
548970,23.0,37.5,230.0,417.7
549390,29.0,37.3,290.0,416.4
550100,33.0,37.4,340.0,416.6
550743,38.0,37.2,390.0,415.4
551556,37.0,37.2,370.0,415.1
552530,30.0,37.2,300.0,415.2
553182,31.0,37.2,310.0,415.0
553540,17.0,37.1,170.0,414.5
554404,37.0,36.9,370.0,412.0
555264,32.0,36.8,320.0,411.2
555758,41.0,36.7,410.0,405.0
556215,29.0,36.8,300.0,406.2
556829,43.0,36.7,440.0,405.5
557960,60.0,36.8,1090.0,406.2
558762,52.0,37.1,520.0,414.0
559567,49.0,37.3,490.0,415.7
560313,36.0,37.3,360.0,415.9
561345,55.0,37.4,560.0,416.4
562154,43.0,37.4,430.0,417.5
562807,47.0,37.6,470.0,418.6
563416,34.0,37.8,340.0,420.7
564176,51.0,37.7,520.0,420.2
564740,35.0,37.8,350.0,420.9
565363,35.0,37.8,350.0,421.3
565899,28.0,37.9,290.0,421.7
566934,45.0,37.8,460.0,420.5
567652,47.0,38.0,490.0,422.6
568477,41.0,38.1,420.0,424.2
568861,31.0,38.2,320.0,424.9
569493,28.0,38.1,280.0,424.6
570197,48.0,38.1,490.0,424.4
570714,27.0,38.3,270.0,426.1
571442,44.0,38.3,450.0,426.6
571919,25.0,38.5,260.0,428.2
572460,43.0,38.3,930.0,426.4
573163,48.0,38.4,490.0,432.5
573873,54.0,38.4,550.0,432.6
574590,35.0,38.6,350.0,434.7
575349,25.0,38.6,250.0,429.0
575989,33.0,38.4,330.0,427.8
576832,40.0,38.3,400.0,426.4
577466,37.0,38.3,370.0,426.5
578135,40.0,38.2,400.0,424.9
578573,30.0,38.2,300.0,425.4
579320,51.0,38.0,1000.0,423.8
579827,32.0,38.2,320.0,430.3
580610,54.0,38.2,540.0,430.4
581405,38.0,38.3,380.0,426.7
582181,39.0,38.3,390.0,426.5
583023,51.0,38.2,1020.0,425.2
583712,31.0,38.2,320.0,415.5
584791,66.0,38.3,660.0,416.6
585298,27.0,38.6,270.0,419.3
585808,29.0,38.4,290.0,417.4
586618,44.0,38.2,440.0,416.0
587302,33.0,38.4,330.0,418.0
587796,29.0,38.4,290.0,417.6
588510,37.0,38.3,380.0,416.3
589199,44.0,38.3,440.0,416.3
590370,73.0,38.1,740.0,414.9
591109,38.0,38.5,380.0,418.3
591955,20.0,38.6,200.0,419.1
592735,41.0,38.5,410.0,418.3
593380,51.0,38.5,510.0,418.4
593874,35.0,38.6,350.0,419.5
595045,46.0,38.6,460.0,419.5
595625,39.0,38.8,390.0,421.2
596313,39.0,38.9,400.0,422.0
596910,32.0,38.9,320.0,422.9
597446,28.0,38.8,280.0,421.9
598502,56.0,38.8,570.0,421.8
599412,49.0,38.8,490.0,421.1
600155,37.0,38.9,370.0,422.3
600988,52.0,39.0,1020.0,423.5
601786,46.0,39.3,460.0,431.3
602461,38.0,39.5,390.0,433.6
603163,42.0,39.5,430.0,433.1
604081,55.0,39.5,550.0,433.0
604722,32.0,39.6,320.0,433.9
605633,56.0,39.5,560.0,432.7
606023,22.0,39.6,220.0,434.5
606798,46.0,39.5,1950.0,433.1
607456,42.0,39.6,430.0,449.1
608742,71.0,39.6,720.0,448.7
609721,54.0,39.9,1030.0,452.1
610312,30.0,40.0,300.0,458.3
611224,41.0,39.9,410.0,452.0
611754,41.0,40.0,420.0,447.8
612413,45.0,40.1,450.0,449.4
613146,50.0,40.2,510.0,450.0
613773,45.0,40.3,940.0,451.4
614506,45.0,40.3,450.0,456.2
615202,45.0,40.3,460.0,455.7
616189,57.0,40.3,570.0,456.1
616942,43.0,40.6,440.0,458.2
617758,44.0,40.5,440.0,458.2
618395,34.0,40.4,340.0,456.5
619099,35.0,40.4,360.0,457.1
620056,39.0,40.4,390.0,457.1
620891,49.0,40.4,980.0,457.0
621682,48.0,40.5,480.0,463.0
622221,37.0,40.8,370.0,465.5
622818,40.0,40.9,400.0,466.3
623678,37.0,40.9,370.0,466.9
624122,30.0,40.9,300.0,466.7
624963,38.0,40.9,390.0,466.0
625726,43.0,40.9,440.0,466.9
626592,44.0,41.1,440.0,468.2
627348,49.0,41.3,490.0,470.9
628344,63.0,41.4,1140.0,472.1
628928,41.0,41.8,410.0,480.3
629661,37.0,41.8,380.0,480.3
630436,38.0,41.8,390.0,481.1
630934,39.0,41.8,400.0,480.6
631688,48.0,41.6,480.0,473.7
632298,33.0,41.5,330.0,473.3
633073,39.0,41.4,400.0,471.7
633672,57.0,41.4,570.0,472.1
634484,60.0,41.4,610.0,472.2
635071,43.0,41.6,930.0,474.0
635761,50.0,41.6,500.0,478.6
636525,43.0,41.7,430.0,480.2
637244,28.0,41.6,280.0,479.3
637943,46.0,41.6,460.0,478.6
638446,36.0,41.7,360.0,479.7
638920,36.0,41.8,370.0,480.4
639662,40.0,41.7,410.0,479.5
640254,31.0,41.6,310.0,478.7
641189,56.0,41.5,560.0,477.6
641777,30.0,41.8,310.0,480.0
642319,43.0,41.8,430.0,480.3
642984,34.0,41.7,350.0,479.7
643705,47.0,41.8,470.0,480.5
644281,27.0,41.8,270.0,480.7
645348,58.0,41.8,1560.0,480.8
645988,42.0,42.0,430.0,487.1
646942,55.0,41.9,550.0,486.5
647608,40.0,41.9,410.0,486.5
648384,53.0,42.0,530.0,487.1
649155,44.0,42.3,440.0,489.9
650097,68.0,42.4,1180.0,491.0
650988,47.0,42.7,480.0,498.8
651856,55.0,42.8,550.0,499.9
653058,57.0,42.9,570.0,501.4
653547,34.0,43.2,340.0,504.1
654437,42.0,43.0,440.0,497.5
655358,49.0,43.1,980.0,498.7
656030,50.0,43.1,510.0,503.1
656668,30.0,43.2,310.0,504.4
657804,74.0,43.1,1230.0,503.6
658633,46.0,43.3,470.0,505.7
659287,42.0,43.5,420.0,507.2
659868,42.0,43.2,430.0,504.8
660916,57.0,43.4,570.0,506.4
661528,36.0,43.7,360.0,509.2
662074,30.0,43.6,310.0,508.4
662614,33.0,43.6,330.0,508.2
663325,36.0,43.6,360.0,508.6
664039,44.0,43.6,930.0,508.4
664442,28.0,43.6,280.0,513.3
664925,43.0,43.1,430.0,508.7
665587,41.0,43.2,410.0,509.2
666356,35.0,43.4,360.0,511.3
666976,34.0,43.3,350.0,510.8
667734,55.0,43.2,550.0,509.2
668551,44.0,43.4,440.0,511.2
669324,53.0,43.3,1020.0,511.0
670183,44.0,43.5,930.0,517.3
670957,48.0,43.5,490.0,522.6
671567,35.0,43.7,350.0,524.3
672411,38.0,43.8,380.0,525.0
673177,58.0,43.6,590.0,523.1
674131,57.0,43.7,580.0,524.1
674931,36.0,43.9,850.0,526.2
675566,50.0,43.7,500.0,524.5
676348,49.0,43.8,490.0,524.9
677090,42.0,43.9,430.0,525.9
677659,29.0,43.9,300.0,525.9
678250,33.0,43.6,330.0,523.4
679133,55.0,43.6,570.0,523.5
680154,46.0,43.6,470.0,523.6
680793,43.0,43.8,440.0,526.1
681671,51.0,43.8,1010.0,511.0
682573,57.0,43.9,590.0,516.8
683090,19.0,43.8,190.0,515.5
683692,35.0,43.4,350.0,507.1
684643,60.0,43.5,610.0,507.6
685108,36.0,43.6,360.0,509.6
686006,57.0,43.6,580.0,509.0
686995,39.0,43.7,400.0,510.3
687726,63.0,43.6,630.0,509.2
688453,51.0,43.8,1990.0,506.1
689259,57.0,43.8,570.0,521.5
690026,42.0,44.0,440.0,522.6
690666,45.0,43.8,460.0,521.3
691440,46.0,43.8,470.0,521.5
691934,37.0,43.9,370.0,521.8
692587,36.0,43.9,360.0,522.1
693511,70.0,43.9,700.0,522.1
694196,35.0,44.2,360.0,525.2
695106,54.0,44.1,550.0,519.0
696086,55.0,44.1,550.0,519.7
696762,42.0,44.3,910.0,521.5
697694,47.0,44.3,470.0,526.6
698251,28.0,44.4,280.0,527.6
699293,45.0,44.4,450.0,527.4
699879,38.0,44.5,380.0,528.0
700742,59.0,44.4,590.0,527.4
701523,39.0,44.6,400.0,528.9
702247,35.0,44.5,350.0,528.0
702871,35.0,44.2,360.0,520.1
703599,42.0,44.1,420.0,519.6
704483,43.0,44.2,920.0,520.0
705273,47.0,44.2,470.0,525.3
706025,46.0,44.3,460.0,526.0
706787,48.0,44.3,480.0,525.8
707303,34.0,44.4,340.0,527.3
707960,42.0,44.4,430.0,526.7
708600,40.0,44.2,410.0,525.3
709465,32.0,44.0,320.0,523.3
710901,62.0,43.9,620.0,517.2
711671,40.0,44.1,410.0,518.4
712537,61.0,44.0,1110.0,518.2
713186,38.0,44.4,380.0,526.5
713920,31.0,44.3,310.0,525.7
714655,55.0,44.2,550.0,525.2
715457,54.0,44.4,550.0,527.0
716325,59.0,44.6,1570.0,528.4
716997,50.0,44.8,500.0,541.0
717847,55.0,44.8,560.0,540.4
718419,37.0,45.0,370.0,542.9
719171,40.0,45.0,400.0,542.3
719815,44.0,45.0,440.0,542.8
720648,48.0,45.0,480.0,542.5
721480,53.0,45.2,540.0,544.6
722100,51.0,45.2,510.0,534.4
722827,49.0,45.2,500.0,535.2
723439,53.0,45.2,540.0,534.7
724031,42.0,45.3,430.0,536.0
724971,59.0,45.2,590.0,535.0
725504,44.0,45.4,450.0,536.5
726081,39.0,45.1,400.0,529.2
726716,50.0,45.0,500.0,528.4
727726,59.0,45.0,590.0,527.9
728570,57.0,45.0,580.0,528.1
729097,49.0,45.2,500.0,530.5
729912,42.0,45.3,430.0,531.1
730593,42.0,45.2,420.0,525.6
731184,47.0,45.2,480.0,524.7
731708,28.0,45.3,300.0,526.4
732478,50.0,44.9,500.0,517.1
732905,28.0,44.9,280.0,517.4
733438,42.0,44.8,420.0,516.0
734264,49.0,44.8,500.0,515.9
735067,54.0,44.7,540.0,515.2
735801,40.0,44.9,410.0,517.0
736782,84.0,45.0,840.0,518.0
737479,61.0,45.5,620.0,523.1
738397,57.0,45.7,570.0,525.7
739235,49.0,45.9,500.0,522.1
740059,65.0,46.1,650.0,524.3
740689,47.0,46.3,480.0,526.5
741330,47.0,46.4,470.0,527.2
742028,64.0,46.5,640.0,528.3
742713,39.0,46.8,400.0,531.2
743360,34.0,46.6,340.0,529.7
743855,37.0,46.5,370.0,528.7
744464,36.0,46.4,360.0,522.2
745341,62.0,46.3,620.0,516.5
745739,38.0,46.4,390.0,517.8
746290,47.0,46.4,480.0,518.2
747065,54.0,46.5,550.0,519.2
747875,42.0,46.5,420.0,518.8
748318,39.0,46.3,390.0,517.2
748830,45.0,46.4,460.0,512.6
749449,56.0,46.3,570.0,512.2
750217,45.0,46.4,450.0,513.0
750959,47.0,46.4,480.0,513.2
751732,47.0,46.6,470.0,515.0
752503,50.0,46.7,500.0,516.4
753197,36.0,46.7,360.0,515.7
753862,63.0,46.6,630.0,514.6
754642,58.0,46.8,590.0,516.5
755336,58.0,46.9,580.0,512.3
757291,91.0,46.9,930.0,512.2
757928,43.0,47.6,920.0,519.6
758452,43.0,47.7,440.0,525.3
758959,48.0,47.5,490.0,523.6
759739,53.0,47.6,540.0,524.9
760296,54.0,47.6,550.0,524.5
760909,51.0,47.7,1990.0,526.0
761539,46.0,47.6,460.0,539.6
762051,36.0,47.6,360.0,524.3
762697,61.0,47.4,610.0,522.2
763386,43.0,47.5,430.0,523.9
763822,40.0,47.5,400.0,523.6
764316,44.0,47.5,440.0,522.9
764878,47.0,47.5,470.0,523.6
765460,57.0,47.6,570.0,524.7
765933,35.0,47.5,360.0,523.4
766601,50.0,47.5,500.0,523.4
767254,44.0,47.5,440.0,522.9
767805,37.0,47.4,370.0,521.8
768495,50.0,47.3,510.0,516.4
769227,52.0,47.3,1010.0,516.8
769897,40.0,47.6,410.0,524.1
770738,51.0,47.5,1990.0,523.7
771589,60.0,47.7,1090.0,539.8
772218,45.0,47.7,460.0,544.8
772690,43.0,47.7,440.0,545.4
773505,57.0,47.8,570.0,546.3
774254,50.0,48.0,510.0,548.4
774884,47.0,48.1,470.0,549.3
775593,52.0,48.2,520.0,544.8
776475,56.0,48.2,560.0,545.3
777004,43.0,48.3,430.0,546.3
777459,37.0,48.2,370.0,545.8
777900,48.0,48.3,970.0,546.1
778690,50.0,48.3,500.0,551.5
779321,43.0,48.4,440.0,552.4
780231,53.0,48.6,540.0,553.6
780954,64.0,48.5,640.0,552.8
781598,41.0,48.7,420.0,555.1
782218,40.0,48.5,410.0,548.2
782972,56.0,48.5,570.0,548.5
783512,40.0,48.8,400.0,551.1
784147,61.0,48.6,610.0,549.6
784672,46.0,48.7,470.0,550.2
785119,33.0,48.6,340.0,539.2
785655,48.0,48.4,490.0,537.6
786323,49.0,48.3,490.0,536.9
787230,70.0,48.4,1690.0,538.1
787697,37.0,48.7,370.0,551.0
788436,57.0,48.7,570.0,550.3
788913,37.0,48.8,370.0,551.2
789673,48.0,48.6,480.0,549.5
790248,45.0,48.6,460.0,549.2
790845,54.0,48.5,540.0,548.8
791422,41.0,48.5,420.0,548.8
792137,66.0,48.5,670.0,548.7
792773,39.0,48.6,390.0,549.5
793310,46.0,48.6,470.0,548.9
793873,45.0,48.6,460.0,549.6
794527,62.0,48.6,1120.0,549.2
795318,52.0,48.6,520.0,554.5
795917,41.0,48.6,410.0,553.9
796617,51.0,48.5,510.0,553.0
797510,62.0,48.6,620.0,553.8
798267,60.0,48.8,600.0,555.8
798963,38.0,48.9,380.0,557.0
799915,64.0,49.0,650.0,557.8
800562,45.0,49.1,450.0,559.3
801503,50.0,49.3,500.0,561.0
802104,31.0,49.4,310.0,561.8
802834,49.0,49.2,500.0,559.9
803453,46.0,49.2,460.0,559.5
804205,60.0,49.2,1100.0,560.0
804935,63.0,49.0,630.0,562.6
805647,44.0,49.0,440.0,562.7
806606,63.0,48.9,1120.0,561.4
807190,43.0,49.0,430.0,567.6
807868,49.0,48.8,490.0,565.4
808485,44.0,48.8,440.0,565.5
809075,49.0,48.8,490.0,565.2
809660,43.0,48.6,430.0,563.7
810241,55.0,48.7,560.0,564.0
811083,65.0,48.9,1150.0,566.2
811705,55.0,49.2,550.0,574.0
812415,45.0,49.3,460.0,575.9
813045,49.0,49.2,500.0,574.3
813750,49.0,49.3,500.0,575.4
814418,45.0,49.3,450.0,575.6
815266,50.0,49.2,500.0,574.6
816027,61.0,49.3,610.0,575.4
816716,53.0,49.5,530.0,577.6
817399,57.0,49.6,580.0,578.3
817976,48.0,49.6,480.0,578.4
818573,51.0,49.6,510.0,578.7
819157,38.0,49.7,390.0,579.0
819898,52.0,49.6,1020.0,578.2
821188,84.0,49.6,860.0,583.4
821528,37.0,50.1,380.0,588.4
822208,50.0,49.8,510.0,585.9
822945,63.0,49.7,630.0,585.1
823735,52.0,49.8,1030.0,585.6
824548,45.0,49.4,450.0,586.6
825224,41.0,49.4,420.0,581.9
825881,62.0,49.4,620.0,581.7
826566,49.0,49.5,500.0,583.0
827032,36.0,49.5,360.0,582.6
827485,40.0,49.3,410.0,580.7
828122,44.0,49.2,450.0,564.9
828682,49.0,49.2,490.0,564.8
829455,50.0,49.3,500.0,566.1
830154,47.0,49.2,480.0,565.0
831091,48.0,49.2,480.0,565.5
831719,67.0,49.3,670.0,566.3
832432,51.0,49.6,520.0,568.6
832888,50.0,49.6,510.0,569.1
833667,58.0,49.5,1080.0,568.5
834452,54.0,49.8,1030.0,575.7
835066,49.0,49.8,500.0,581.0
835758,61.0,49.8,620.0,581.6
836332,33.0,50.1,330.0,584.1
837140,61.0,49.9,610.0,582.3
837766,47.0,50.0,480.0,578.3
838417,50.0,50.1,510.0,579.0
839287,59.0,50.1,590.0,564.2
840033,60.0,50.1,600.0,559.2
840901,55.0,50.2,550.0,560.6
841560,32.0,50.3,330.0,561.7
842378,56.0,50.1,560.0,559.3
843353,67.0,50.1,1170.0,559.8
844186,61.0,50.3,1100.0,566.8
844649,42.0,50.4,430.0,572.6
845340,52.0,50.3,520.0,571.3
846055,49.0,50.4,990.0,572.2
846711,37.0,50.5,370.0,578.4
847443,40.0,50.4,410.0,572.4
847993,41.0,50.3,410.0,571.5
848793,37.0,50.3,370.0,571.2
849523,43.0,50.1,440.0,569.5
850159,47.0,49.9,490.0,567.5
850723,49.0,50.0,500.0,568.2
851314,44.0,50.0,450.0,569.1
852119,48.0,49.9,480.0,567.9
852678,48.0,50.0,490.0,568.7
853170,49.0,49.9,500.0,567.5
854068,62.0,49.9,630.0,567.8
854593,41.0,50.2,410.0,570.7
855296,49.0,50.1,500.0,569.9
855771,43.0,50.1,440.0,570.0
856370,52.0,49.9,520.0,557.5
856901,53.0,50.0,540.0,559.0
857685,65.0,50.0,660.0,558.7
858458,47.0,50.2,470.0,561.6
859011,42.0,50.2,430.0,561.5
859779,41.0,50.2,410.0,561.2
860426,49.0,50.1,500.0,559.9
861091,61.0,50.2,610.0,560.7
861711,47.0,50.1,470.0,560.1
862577,61.0,50.2,1100.0,560.9
863364,55.0,50.3,1040.0,567.2
864047,68.0,50.4,680.0,573.0
864603,39.0,50.5,390.0,568.6
864994,36.0,50.4,370.0,567.3
865710,50.0,50.3,500.0,566.9
866321,44.0,50.3,440.0,566.8
867338,60.0,50.1,610.0,565.0
868051,50.0,50.1,510.0,565.1
868571,47.0,50.2,480.0,566.4
868987,34.0,50.1,340.0,564.7
869600,42.0,50.0,430.0,563.6
870279,34.0,49.9,350.0,562.9
870889,45.0,49.9,450.0,563.3
871396,40.0,49.9,400.0,562.8
872189,47.0,49.8,480.0,562.2
872689,49.0,49.7,500.0,556.0
873535,60.0,49.6,2570.0,554.7
874199,51.0,49.7,510.0,576.0
874887,58.0,49.6,590.0,569.9
875525,52.0,49.7,1010.0,571.5
876230,39.0,49.8,390.0,576.7
876737,52.0,49.7,520.0,576.2
877349,43.0,49.8,430.0,576.5
878063,51.0,49.8,510.0,576.5
878726,57.0,49.7,1060.0,576.0
879380,53.0,49.6,540.0,575.1
880172,51.0,49.6,520.0,575.0
880885,52.0,49.7,540.0,575.6
881478,34.0,49.7,340.0,576.0
882015,44.0,49.6,940.0,574.4
882434,44.0,49.5,440.0,579.3
882882,37.0,49.5,370.0,578.7
883467,44.0,49.2,440.0,576.3
884236,59.0,49.2,1080.0,575.4
884929,57.0,49.2,1060.0,580.4
885551,48.0,49.3,480.0,586.2
886184,43.0,49.2,430.0,585.9
887089,51.0,49.3,510.0,586.3
887623,47.0,49.3,470.0,581.2
888206,50.0,48.9,500.0,577.3
888838,45.0,49.0,450.0,578.5
889452,43.0,49.0,440.0,577.9
890033,52.0,48.8,520.0,576.0
890834,52.0,48.8,520.0,570.9
891375,57.0,48.8,570.0,571.6
892169,67.0,49.0,2160.0,573.1
892757,49.0,49.1,500.0,588.5
893651,79.0,49.1,790.0,588.5
894290,41.0,49.5,420.0,592.8
895010,60.0,49.5,600.0,592.9
896061,67.0,49.7,670.0,594.4
896865,62.0,49.8,1600.0,596.2
897791,58.0,50.0,580.0,607.2
898439,52.0,50.1,520.0,608.2
898925,49.0,50.1,490.0,608.6
899498,46.0,49.9,470.0,606.8
900253,61.0,49.9,610.0,606.3
900847,49.0,50.0,1470.0,607.3
901403,45.0,49.9,940.0,611.2
902331,59.0,49.8,590.0,610.3
903203,56.0,49.9,580.0,611.2
903819,53.0,49.9,530.0,610.8
904322,54.0,50.1,550.0,612.8
905196,64.0,50.0,640.0,612.2
905873,50.0,50.2,510.0,613.8
906584,54.0,50.2,540.0,613.8
906966,43.0,50.1,430.0,613.3
907630,46.0,49.9,460.0,611.6
908191,58.0,49.8,590.0,610.7
908911,60.0,50.1,1090.0,613.3
909948,63.0,50.2,630.0,618.6
910516,47.0,50.1,470.0,613.2
911300,58.0,50.0,1080.0,606.9
911719,43.0,50.1,440.0,613.4
912259,55.0,50.0,550.0,612.6
912903,54.0,50.1,540.0,608.2
913470,42.0,50.3,420.0,609.9
914437,73.0,50.3,730.0,610.0
915066,68.0,50.6,680.0,613.2
915502,32.0,50.9,320.0,616.3
916262,55.0,50.8,550.0,615.1
916665,45.0,50.9,460.0,615.7
917076,39.0,50.8,390.0,615.3
917570,46.0,50.8,460.0,614.7
918040,42.0,50.8,430.0,614.5
918589,45.0,50.7,1430.0,613.9
919243,50.0,50.7,510.0,623.2
919840,49.0,50.6,500.0,622.0
920330,50.0,50.6,500.0,622.9
920980,50.0,50.6,500.0,622.9
921687,54.0,50.7,540.0,623.5
922695,73.0,50.7,730.0,623.7
923136,38.0,50.9,390.0,625.6
923760,61.0,50.7,610.0,622.9
924445,51.0,50.8,510.0,624.3
925150,61.0,50.9,610.0,625.1
925651,39.0,51.1,390.0,627.1
926482,73.0,51.0,730.0,626.0
927309,60.0,51.1,600.0,627.2
928004,47.0,51.2,470.0,628.5
928498,41.0,51.1,410.0,622.2
929258,55.0,51.0,560.0,615.9
929745,43.0,50.8,920.0,614.7
930370,41.0,50.9,900.0,620.0
930912,40.0,50.9,400.0,625.3
931669,50.0,50.8,500.0,624.3
932381,59.0,50.9,590.0,624.9
933175,53.0,50.9,530.0,624.7
933804,66.0,50.9,660.0,624.9
934195,35.0,51.1,360.0,626.7
934727,47.0,51.1,470.0,626.9
935380,42.0,51.2,910.0,627.3
935911,43.0,51.2,430.0,632.9
936418,39.0,51.2,390.0,632.7
937145,63.0,51.2,630.0,632.6
937893,61.0,51.4,1100.0,634.1
938561,57.0,51.5,1060.0,640.1
939181,49.0,51.5,500.0,625.0
939871,50.0,51.4,990.0,624.9
940739,46.0,51.4,460.0,628.9
941437,49.0,51.3,500.0,623.4
941901,42.0,51.4,420.0,624.5
942653,40.0,51.3,410.0,623.5
943798,72.0,51.3,740.0,623.3
944641,66.0,51.5,1150.0,625.6
945285,49.0,51.6,490.0,626.5
946038,58.0,51.5,580.0,626.0
946925,63.0,51.6,630.0,626.6
947575,56.0,51.7,560.0,627.5
948413,57.0,51.9,570.0,629.7
948933,43.0,52.1,1410.0,626.0
949506,44.0,52.0,930.0,635.7
950318,62.0,52.1,620.0,641.3
951223,57.0,52.3,570.0,643.1
951693,51.0,52.3,510.0,638.0
952290,66.0,52.2,660.0,632.5
952934,39.0,52.4,390.0,634.3
953620,33.0,52.4,330.0,633.9
954097,43.0,52.2,430.0,632.1
954664,50.0,52.1,500.0,631.7
955232,45.0,52.1,460.0,631.7
955866,53.0,52.1,530.0,631.8
956694,64.0,52.2,640.0,632.7
957276,50.0,52.4,990.0,633.9
957871,39.0,52.3,400.0,638.6
958535,52.0,52.2,530.0,636.9
959196,64.0,52.0,640.0,620.6
959955,58.0,52.2,580.0,622.0
960600,53.0,52.0,530.0,619.9
961326,64.0,52.1,2130.0,621.0
962049,55.0,52.1,550.0,636.3
962738,52.0,52.0,1010.0,635.1
963356,45.0,51.9,940.0,629.2
964225,53.0,51.8,540.0,632.8
964981,57.0,51.8,570.0,633.0
965322,44.0,51.8,440.0,633.8
965854,44.0,51.8,450.0,633.5
966715,63.0,51.7,630.0,631.9
967234,44.0,51.8,440.0,623.5
967709,58.0,51.8,580.0,618.5
968334,50.0,51.8,500.0,618.4
968794,45.0,51.7,450.0,617.6
969425,54.0,51.6,550.0,616.8
969943,41.0,51.6,410.0,616.8
970503,65.0,51.4,1150.0,614.5
971393,55.0,51.6,1050.0,620.9
971823,36.0,51.6,360.0,626.0
972308,46.0,51.5,460.0,625.3
973058,55.0,51.5,550.0,625.3
973695,49.0,51.5,500.0,624.9
974410,54.0,51.4,540.0,619.0
974908,60.0,51.3,600.0,618.1
975355,36.0,51.4,370.0,619.4
976023,51.0,51.2,1010.0,612.3
976579,57.0,51.3,1060.0,618.0
977298,62.0,51.3,1110.0,623.1
978152,50.0,51.4,990.0,628.8
978648,46.0,51.4,460.0,634.5
979325,47.0,51.2,960.0,631.8
979954,59.0,51.0,590.0,634.6
980477,53.0,51.2,530.0,637.3
981043,49.0,51.2,500.0,637.1
981925,66.0,51.2,660.0,637.5
982474,57.0,51.5,570.0,640.2
983041,57.0,51.6,580.0,641.3
983761,47.0,51.8,480.0,642.8
984489,52.0,51.8,1010.0,633.3
985003,44.0,51.8,930.0,638.3
985694,51.0,51.8,510.0,642.6
986336,58.0,51.8,1080.0,642.7
986858,44.0,51.9,1420.0,648.5
987434,52.0,51.8,530.0,657.3
988040,45.0,51.6,460.0,655.3
988452,44.0,51.6,450.0,656.0
989128,61.0,51.4,610.0,654.4
989776,49.0,51.6,490.0,655.4
990241,43.0,51.4,440.0,654.2
990995,54.0,51.5,550.0,654.7
991696,51.0,51.3,510.0,652.9
992275,49.0,51.2,490.0,652.0
992898,51.0,51.2,510.0,652.2
993535,48.0,51.3,500.0,653.2
994137,60.0,51.2,1090.0,652.6
994623,45.0,51.4,450.0,654.3
995351,58.0,51.4,1070.0,649.8
996000,60.0,51.6,600.0,656.5
996740,62.0,51.7,620.0,657.5
997191,48.0,51.8,480.0,657.8
997624,47.0,51.7,480.0,657.3
998262,65.0,51.5,1140.0,655.5
998975,67.0,51.8,1160.0,663.3
999592,63.0,52.0,630.0,670.2
1000117,53.0,52.2,540.0,667.4
1000882,52.0,52.3,530.0,668.5
1001262,46.0,52.5,460.0,669.9
1002130,60.0,52.3,610.0,668.2
1002793,64.0,52.3,1130.0,663.3
1003864,67.0,52.4,1170.0,664.0
1004437,64.0,52.5,1140.0,670.7
1005393,84.0,52.7,1340.0,672.2
1005834,42.0,53.0,430.0,681.0
1006794,64.0,53.0,2120.0,680.3
1007260,45.0,53.2,460.0,697.3
1007734,41.0,53.2,410.0,697.8
1008287,55.0,52.9,560.0,694.5
1009220,60.0,52.8,600.0,688.6
1009641,51.0,52.9,1010.0,689.7
1010010,47.0,52.9,470.0,694.0
1010620,56.0,52.7,560.0,692.4
1011331,72.0,52.7,1220.0,692.4
1012029,65.0,52.9,650.0,698.9
1012586,44.0,53.1,440.0,691.3
1013351,66.0,53.1,2140.0,686.4
1014004,66.0,53.1,660.0,701.6
1014691,57.0,53.2,1070.0,702.5
1015910,77.0,53.3,790.0,708.1
1016579,55.0,53.4,1040.0,709.4
1017141,47.0,53.5,480.0,715.9
1017878,71.0,53.7,710.0,717.4
1018240,42.0,54.0,420.0,720.2
1018824,67.0,53.9,1160.0,719.4
1019439,61.0,54.1,620.0,726.4
1019936,55.0,54.2,550.0,727.3
1020939,60.0,54.1,1100.0,726.4
1021394,51.0,54.2,1990.0,727.5
1022106,50.0,54.3,500.0,743.4
1022889,48.0,54.3,480.0,743.1
1023572,68.0,54.1,680.0,741.5
1024489,49.0,54.2,500.0,742.5
1024786,42.0,54.2,430.0,742.2
1025233,37.0,54.0,370.0,725.2
1025971,67.0,53.8,670.0,723.4
1026687,57.0,53.9,580.0,720.0
1027235,47.0,54.1,480.0,716.4
1027830,71.0,54.0,1200.0,715.8
1028198,41.0,54.1,410.0,722.1
1028840,54.0,54.1,1030.0,721.8
1029450,59.0,54.2,600.0,727.6
1030067,54.0,54.2,550.0,727.3
1030486,41.0,54.3,410.0,728.4
1031052,57.0,54.1,580.0,726.7
1031578,59.0,54.2,590.0,727.5
1032089,48.0,54.3,490.0,728.9
1032703,35.0,54.2,360.0,728.3
1033251,57.0,54.2,580.0,727.8
1033883,54.0,54.1,1530.0,722.1
1034281,36.0,54.1,360.0,726.9
1034946,62.0,54.1,630.0,726.9
1035557,60.0,54.3,610.0,728.6
1036085,57.0,54.3,580.0,729.2
1036643,66.0,54.4,1160.0,730.0
1037429,56.0,54.5,560.0,736.2
1038023,57.0,54.5,580.0,735.8
1038730,76.0,54.7,770.0,737.9
1039342,61.0,54.9,1110.0,735.5
1040154,48.0,55.0,480.0,736.0
1040857,45.0,54.8,450.0,729.7
1041372,49.0,54.8,980.0,724.3
1042257,65.0,54.8,1150.0,729.5
1042951,61.0,55.0,610.0,731.4
1043562,57.0,55.0,580.0,731.6
1043957,36.0,55.0,360.0,732.1
1044751,55.0,54.9,550.0,730.7
1045136,41.0,54.8,410.0,729.6
1045867,66.0,54.6,1150.0,728.0
1046744,56.0,54.7,570.0,733.7
1047447,58.0,54.8,600.0,734.6
1048057,52.0,54.9,1010.0,730.5
1048636,48.0,55.0,490.0,731.3
1049317,61.0,54.9,620.0,731.1
1049768,52.0,55.0,520.0,726.5
1050281,33.0,55.0,330.0,717.5
1050912,54.0,54.9,560.0,715.5
1051495,69.0,55.0,700.0,716.5
1052107,50.0,55.2,510.0,719.0
1052514,50.0,55.1,500.0,718.0
1053119,61.0,55.1,610.0,718.1
1053928,67.0,55.3,690.0,719.8
1054760,68.0,55.4,680.0,721.2
1055301,58.0,55.6,590.0,722.9
1055845,51.0,55.7,510.0,723.9
1056650,55.0,55.7,1050.0,723.9
1057256,40.0,55.7,400.0,729.4
1058039,65.0,55.5,660.0,722.5
1058747,60.0,55.7,610.0,724.6
1059339,49.0,55.8,490.0,720.0
1060302,71.0,55.6,710.0,718.9
1061201,73.0,55.7,1230.0,719.8
1061777,63.0,56.0,640.0,727.3
1062669,61.0,56.2,1100.0,728.9
1063110,50.0,56.1,500.0,728.5
1063530,40.0,55.9,400.0,721.9
1064073,42.0,55.7,420.0,719.6
1064542,43.0,55.6,430.0,718.4
1065138,59.0,55.5,1090.0,717.4
1065932,63.0,55.6,640.0,723.7
1066345,49.0,55.7,500.0,724.0
1066816,49.0,55.5,490.0,717.7
1067580,60.0,55.3,600.0,710.9
1068442,56.0,55.3,1060.0,705.5
1068893,59.0,55.0,590.0,702.7
1069391,46.0,55.2,460.0,704.3
1070205,63.0,55.0,640.0,687.7
1071161,63.0,55.2,1120.0,689.5
1071682,49.0,55.4,490.0,696.6
1072693,68.0,55.4,1180.0,695.9
1073314,45.0,55.4,460.0,701.7
1074264,70.0,55.4,710.0,696.2
1074739,37.0,55.6,370.0,698.6
1075276,37.0,55.4,380.0,696.7
1075984,51.0,55.1,510.0,688.3
1076685,52.0,54.9,520.0,686.9
1077173,44.0,55.0,440.0,687.7
1077920,55.0,54.8,560.0,670.7
1078513,37.0,54.7,370.0,669.7
1079023,55.0,54.5,550.0,662.7
1079883,64.0,54.2,650.0,660.3
1080716,54.0,54.3,1040.0,656.4
1081496,50.0,54.4,990.0,662.0
1082134,65.0,54.2,1150.0,664.8
1082908,53.0,54.4,1020.0,672.1
1083461,54.0,54.3,550.0,670.7
1084023,55.0,54.2,550.0,670.0
1084675,41.0,54.2,420.0,670.0
1085377,57.0,54.0,1080.0,663.2
1085994,55.0,54.1,570.0,654.1
1086587,62.0,54.1,620.0,654.8
1087311,67.0,54.3,670.0,656.2
1088065,62.0,54.3,630.0,656.1
1088498,38.0,54.4,380.0,657.4
1089021,50.0,54.4,500.0,656.9
1089576,42.0,54.5,430.0,658.2
1090230,57.0,54.2,1070.0,655.8
1090652,50.0,54.2,500.0,660.7
1091473,58.0,54.3,1080.0,660.9
1092318,46.0,54.1,1940.0,659.7
1092851,53.0,54.2,540.0,675.0
1093620,81.0,54.2,1310.0,670.1
1094122,58.0,54.4,580.0,677.2
1094605,52.0,54.4,520.0,677.5
1095548,56.0,54.6,570.0,678.6
1096120,45.0,54.5,460.0,678.5
1096879,44.0,54.4,450.0,677.2
1097397,54.0,54.4,1030.0,676.8
1098095,59.0,54.6,600.0,683.5
1098891,63.0,54.6,1120.0,683.7
1099380,54.0,54.7,1040.0,679.6
1099894,55.0,54.8,560.0,686.4
1100700,48.0,54.8,490.0,685.7
1101373,38.0,54.6,380.0,684.5
1101892,48.0,54.5,490.0,682.5
1102936,62.0,54.3,640.0,675.8
1103655,57.0,54.3,580.0,676.6
1104261,47.0,54.3,480.0,676.6
1104807,51.0,54.0,520.0,673.7
1105480,71.0,54.0,710.0,667.8
1106283,54.0,54.2,1030.0,670.1
1106901,59.0,54.3,590.0,675.9
1107491,61.0,54.4,610.0,672.0
1108311,60.0,54.3,610.0,666.6
1109151,66.0,54.3,1160.0,666.6
1109764,65.0,54.4,650.0,672.4
1110567,62.0,54.7,630.0,675.3
1111225,56.0,54.8,560.0,676.1
1112174,66.0,54.9,1160.0,677.6
1113095,71.0,54.9,710.0,677.7
1114090,61.0,55.1,1100.0,679.1
1114741,61.0,55.1,1110.0,684.1
1115390,64.0,55.2,650.0,685.1
1116123,62.0,55.4,1120.0,686.7
1116960,49.0,55.4,990.0,691.7
1117525,64.0,55.3,640.0,696.4
1118501,72.0,55.6,1220.0,699.5
1118876,41.0,55.8,410.0,706.1
1119452,54.0,55.5,1040.0,703.2
1120105,50.0,55.6,510.0,708.5
1120604,60.0,55.6,1100.0,708.6
1121111,65.0,55.6,650.0,713.5
1121940,49.0,55.6,490.0,713.1
1122448,58.0,55.4,590.0,711.2
1123041,68.0,55.4,2170.0,711.2
1123731,65.0,55.5,650.0,727.8
1124670,72.0,55.6,730.0,723.8
1125432,56.0,56.0,560.0,727.1
1126039,54.0,55.9,1520.0,726.1
1126516,61.0,55.8,620.0,735.2
1127324,66.0,55.9,1160.0,736.5
1127822,51.0,55.9,510.0,741.0
1128429,60.0,55.6,610.0,733.8
1129194,60.0,55.6,610.0,733.5
1129727,55.0,55.6,550.0,728.6
1130659,76.0,55.7,1260.0,729.1
1131317,59.0,56.0,1080.0,737.7
1132300,68.0,56.2,690.0,744.3
1133079,67.0,56.4,680.0,746.9
1133905,68.0,56.5,1170.0,742.8
1134666,57.0,56.6,570.0,748.1
1135298,55.0,56.6,1050.0,748.8
1135999,61.0,56.7,620.0,754.4
1136755,68.0,56.7,690.0,754.6
1137407,67.0,56.8,680.0,750.9
1138071,51.0,56.9,520.0,751.8
1138974,74.0,57.0,1240.0,752.4
1140171,73.0,57.1,2220.0,758.4
1140849,66.0,57.2,670.0,769.4
1141745,78.0,57.4,790.0,771.2
1142400,60.0,57.4,610.0,767.3
1143064,63.0,57.6,640.0,768.8
1143886,61.0,57.5,630.0,768.1
1144783,78.0,57.8,1270.0,770.7
1145431,69.0,58.2,1180.0,779.6
1146142,56.0,58.4,560.0,786.3
1146748,56.0,58.4,570.0,786.7
1147511,80.0,58.5,810.0,788.0
1148469,66.0,58.8,1150.0,790.5
1149197,64.0,59.1,640.0,798.3
1149998,77.0,59.2,1270.0,799.2
1150520,56.0,59.3,560.0,805.4
1151410,67.0,59.3,680.0,800.6
1152026,47.0,59.5,470.0,797.5
1152528,36.0,59.3,360.0,790.7
1153266,71.0,59.1,710.0,784.1
1153795,53.0,59.3,530.0,785.7
1154478,60.0,59.3,1100.0,785.5
1155099,64.0,59.5,640.0,792.3
1155748,68.0,59.5,690.0,787.9
1156266,50.0,59.7,500.0,789.1
1157298,75.0,59.5,1240.0,787.9
1158010,70.0,59.6,700.0,793.6
1158869,62.0,59.7,630.0,794.3
1159243,43.0,59.9,440.0,796.8
1159742,48.0,59.9,970.0,796.2
1160558,65.0,59.9,660.0,801.6
1161095,66.0,60.0,1160.0,797.5
1161843,53.0,60.2,530.0,804.1
1162433,64.0,60.1,650.0,798.6
1163360,75.0,60.3,750.0,785.7
1163975,63.0,60.5,640.0,787.8
1164754,75.0,60.3,760.0,781.1
1165556,61.0,60.5,610.0,782.9
1166095,63.0,60.6,640.0,783.8
1166674,58.0,60.7,590.0,784.5
1167230,63.0,60.8,630.0,785.8
1167731,52.0,61.0,520.0,787.6
1168765,82.0,61.0,820.0,782.5
1169209,49.0,61.2,490.0,784.7
1169907,55.0,61.1,550.0,778.4
1170391,47.0,61.1,470.0,773.5
1170922,49.0,61.0,500.0,772.6
1171700,73.0,61.0,740.0,772.7
1172253,32.0,61.4,320.0,776.3
1172809,58.0,61.2,580.0,774.6
1173397,54.0,61.2,1050.0,774.0
1173975,58.0,61.1,590.0,778.7
1174442,53.0,61.2,530.0,779.8
1175246,71.0,61.2,720.0,779.9
1175756,60.0,61.2,610.0,780.0
1176663,65.0,61.3,660.0,775.8
1177304,60.0,61.4,600.0,776.5
1177729,54.0,61.4,550.0,776.4
1178213,43.0,61.3,440.0,775.8
1179141,67.0,61.1,670.0,768.6
1179603,59.0,61.1,600.0,768.8
1179991,47.0,61.1,470.0,768.5
1180381,53.0,61.0,1030.0,767.6
1181034,71.0,60.8,730.0,766.3
1181810,58.0,60.8,1080.0,766.5
1182445,61.0,60.8,610.0,766.3
1183201,76.0,60.8,1260.0,761.3
1183767,57.0,60.9,570.0,767.4
1184175,51.0,60.9,510.0,761.9
1184602,50.0,60.9,510.0,757.1
1185111,52.0,60.8,530.0,755.8
1185660,60.0,60.6,1090.0,748.9
1186587,67.0,60.8,680.0,755.7
1187078,44.0,60.9,450.0,752.1
1187844,74.0,60.8,740.0,751.5
1188732,82.0,61.0,830.0,747.9
1189260,65.0,61.1,1140.0,749.7
1189726,51.0,61.3,510.0,756.2
1190346,57.0,61.2,570.0,755.4
1190889,57.0,61.1,570.0,739.4
1191698,67.0,61.0,1160.0,738.6
1192678,77.0,61.0,1260.0,742.9
1193156,56.0,61.2,560.0,749.9
1193733,58.0,61.2,1080.0,740.3
1194433,60.0,61.2,610.0,744.9
1195064,70.0,61.1,710.0,739.4
1195620,56.0,61.3,570.0,741.4
1196525,74.0,61.3,740.0,741.0
1197124,57.0,61.4,570.0,742.3
1198102,64.0,61.4,640.0,742.5
1198828,72.0,61.3,730.0,736.3
1199649,61.0,61.4,620.0,732.8
1200324,69.0,61.4,700.0,732.1
1201410,92.0,61.4,930.0,732.3
1202173,56.0,61.6,560.0,729.9
1202736,52.0,61.6,1010.0,729.8
1203321,67.0,61.6,680.0,729.4
1203788,54.0,61.6,540.0,730.0
1204416,68.0,61.5,680.0,728.5
1205075,54.0,61.5,540.0,728.5
1205755,62.0,61.6,630.0,728.7
1206468,58.0,61.4,580.0,722.6
1207152,59.0,61.3,590.0,706.2
1207947,53.0,61.2,1040.0,705.4
1208733,64.0,61.0,640.0,707.9
1209521,68.0,61.0,680.0,708.2
1210168,62.0,61.0,630.0,708.6
1210933,59.0,61.1,1090.0,708.6
1211462,41.0,60.9,410.0,706.8
1212347,67.0,60.6,670.0,699.1
1213016,55.0,60.7,550.0,700.2
1213782,74.0,60.7,740.0,700.0
1214189,46.0,60.6,460.0,699.3
1214656,55.0,60.4,560.0,692.4
1215242,65.0,60.3,1140.0,691.6
1215812,62.0,60.2,620.0,690.3
1216309,68.0,60.3,680.0,690.9
1217172,79.0,60.3,1280.0,690.9
1217833,65.0,60.6,650.0,699.0
1218451,63.0,60.9,630.0,701.9
1219248,67.0,60.8,670.0,701.1
1220128,57.0,61.0,1060.0,702.5
1221048,65.0,60.9,650.0,702.1
1221838,87.0,60.9,1370.0,702.2
1222655,67.0,61.1,670.0,709.0
1223446,69.0,61.3,1190.0,710.7
1224380,84.0,61.2,1340.0,710.2
1225144,63.0,61.4,630.0,716.6
1225725,63.0,61.4,630.0,716.6
1226128,55.0,61.6,550.0,718.5
1226917,66.0,61.7,670.0,714.3
1227799,72.0,61.7,730.0,714.4
1228273,48.0,61.7,980.0,710.1
1228616,45.0,61.7,460.0,714.6
1229230,71.0,61.5,720.0,712.7
1230315,75.0,61.4,760.0,712.4
1231150,64.0,61.6,1130.0,713.6
1231822,78.0,61.5,1270.0,717.3
1232271,45.0,61.6,450.0,723.9
1232835,49.0,61.4,490.0,722.0
1233691,69.0,61.4,690.0,721.0
1234453,78.0,61.4,1270.0,721.6
1235130,60.0,61.7,600.0,729.1
1235835,61.0,61.5,610.0,726.9
1236423,66.0,61.6,660.0,728.1
1237173,66.0,61.7,670.0,729.2
1238264,83.0,61.9,840.0,731.2
1238977,53.0,62.2,530.0,734.6
1239670,59.0,62.0,590.0,732.5
1240363,75.0,62.3,760.0,735.2
1240992,71.0,62.5,720.0,737.0
1241548,61.0,62.6,620.0,733.7
1242231,61.0,62.7,610.0,734.0
1242722,60.0,62.7,1090.0,734.8
1243390,68.0,62.6,680.0,738.5
1244048,63.0,62.7,630.0,739.2
1245141,87.0,62.7,870.0,738.9
1245687,56.0,63.0,560.0,741.6
1246266,65.0,63.0,650.0,741.7
1246785,49.0,63.2,490.0,743.8
1247616,55.0,63.0,1040.0,742.0
1248243,63.0,63.0,630.0,746.4
1248832,46.0,63.1,460.0,748.0
1249578,66.0,63.1,1150.0,742.3
1250102,56.0,63.0,560.0,746.5
1250958,73.0,63.0,740.0,741.3
1251750,60.0,63.1,1100.0,742.6
1252402,55.0,63.0,550.0,741.0
1252988,58.0,62.9,580.0,740.8
1253681,61.0,63.0,620.0,741.5
1254382,65.0,63.1,1140.0,742.6
1255002,66.0,63.2,660.0,748.7
1255493,50.0,63.3,510.0,744.4
1256393,74.0,63.1,1250.0,742.7
1257125,51.0,63.4,510.0,750.7
1258052,69.0,63.2,690.0,748.4
1258591,52.0,63.1,520.0,747.0
1259342,57.0,63.0,570.0,740.8
1259959,62.0,63.0,630.0,741.4
1260383,68.0,63.1,680.0,742.0
1260955,68.0,63.2,680.0,743.1
1261640,72.0,63.2,1210.0,738.3
1262265,61.0,63.1,1100.0,737.8
1262912,64.0,63.2,640.0,743.2
1263652,77.0,63.2,1270.0,738.8
1264184,61.0,63.4,620.0,745.4
1265036,68.0,63.3,680.0,744.5
1265753,73.0,63.4,730.0,745.6
1266287,61.0,63.4,610.0,745.5
1266983,55.0,63.5,550.0,745.9
1267518,56.0,63.4,560.0,745.0
1268485,66.0,63.2,1150.0,743.3
1269292,78.0,63.3,790.0,748.6
1269876,52.0,63.4,520.0,749.5
1270684,51.0,63.0,510.0,745.4
1271339,71.0,62.9,1200.0,744.9
1271888,68.0,63.1,680.0,746.8
1272543,45.0,63.1,460.0,746.8
1273316,72.0,63.0,1210.0,746.0
1273914,60.0,63.1,600.0,751.3
1274485,47.0,63.1,470.0,751.9
1275455,73.0,63.0,730.0,750.3
1276060,64.0,63.1,640.0,751.8
1277076,78.0,63.2,1270.0,752.3
1277781,69.0,63.4,690.0,754.6
1278658,79.0,63.5,790.0,755.1
1279203,60.0,63.6,600.0,756.2
1279847,72.0,63.6,720.0,755.9
1280398,52.0,63.7,520.0,752.2
1281139,60.0,63.8,600.0,753.3
1281962,60.0,63.7,600.0,752.6
1282501,60.0,63.8,600.0,753.1
1283255,50.0,63.6,500.0,751.7
1284173,65.0,63.7,1150.0,752.1
1284918,65.0,63.8,1140.0,758.0
1285899,61.0,63.8,610.0,758.0
1286570,61.0,63.8,620.0,757.9
1287051,64.0,63.7,1130.0,757.3
1287678,61.0,63.6,610.0,755.8
1288648,83.0,63.5,1340.0,755.4
1289836,77.0,63.7,1270.0,762.5
1290638,67.0,63.8,1160.0,768.5
1291267,66.0,63.9,670.0,769.5
1292218,56.0,63.9,1050.0,769.7
1292904,69.0,63.6,690.0,766.5
1293590,66.0,63.6,660.0,766.7
1294234,36.0,63.6,360.0,761.4
1295072,70.0,63.1,700.0,751.6
1295581,52.0,63.2,520.0,752.3
1296371,68.0,63.1,2160.0,751.2
1296866,53.0,63.2,530.0,767.3
1297811,64.0,63.1,640.0,765.9
1298835,90.0,63.0,1400.0,765.0
1299540,56.0,63.4,560.0,769.2
1300370,68.0,63.5,680.0,770.2
1301461,72.0,63.5,730.0,769.8
1302177,59.0,63.5,590.0,769.5
1302714,60.0,63.4,600.0,764.1
1303701,65.0,63.2,1140.0,757.4
1304281,57.0,63.4,580.0,764.3
1305081,62.0,63.5,630.0,765.2
1305940,63.0,63.4,1120.0,764.6
1306843,68.0,63.3,680.0,763.1
1307494,48.0,63.4,480.0,763.9
1308047,41.0,63.2,410.0,762.6
1308497,48.0,63.0,480.0,760.1
1309118,67.0,62.8,670.0,758.2
1309940,81.0,62.7,1300.0,756.5
1310622,49.0,62.9,490.0,764.2
1311340,68.0,62.8,1170.0,763.2
1312231,69.0,62.8,1180.0,767.3
1312997,76.0,62.8,760.0,771.9
1313980,65.0,62.9,670.0,773.3
1314592,46.0,62.9,950.0,773.9
1315230,76.0,62.8,1260.0,772.5
1315875,65.0,62.9,650.0,778.3
1316659,73.0,62.9,740.0,778.5
1317227,70.0,62.8,700.0,777.2
1317834,64.0,62.9,640.0,778.6
1318623,51.0,62.9,1000.0,778.5
1319193,64.0,62.9,640.0,783.6
1319778,58.0,63.0,580.0,779.6
1320404,56.0,63.0,560.0,779.1
1321412,69.0,63.0,1180.0,780.1
1322019,61.0,63.1,610.0,780.4
1322572,58.0,63.1,580.0,780.9
1323148,64.0,63.0,640.0,779.3
1324126,78.0,63.0,790.0,774.7
1324775,69.0,63.2,690.0,777.1
1325576,74.0,63.4,740.0,778.2
1326370,64.0,63.5,640.0,779.4
1326980,54.0,63.5,540.0,774.4
1327657,55.0,63.4,550.0,773.2
1328219,60.0,63.4,610.0,773.6
1328855,64.0,63.3,1130.0,767.2
1329555,74.0,63.4,740.0,773.4
1330281,66.0,63.4,670.0,773.9
1331024,59.0,63.6,1090.0,775.4
1331560,60.0,63.6,610.0,780.6
1332373,60.0,63.6,610.0,780.4
1333231,62.0,63.5,620.0,779.7
1334252,81.0,63.4,830.0,779.1
1334859,62.0,63.5,1110.0,775.3
1335714,60.0,63.6,610.0,775.4
1336359,66.0,63.5,660.0,775.1
1337392,85.0,63.4,1840.0,769.0
1338048,45.0,63.6,450.0,781.2
1338787,66.0,63.4,660.0,778.9
1339497,58.0,63.3,580.0,778.2
1340424,80.0,63.3,2280.0,777.9
1341128,63.0,63.6,630.0,795.2
1341828,67.0,63.6,670.0,795.9
1342654,62.0,63.6,620.0,791.1
1343458,84.0,63.5,850.0,789.4
1344152,61.0,63.8,620.0,792.7
1344841,56.0,63.9,570.0,793.8
1345398,68.0,63.8,680.0,787.5
1346102,74.0,63.8,1230.0,787.5
1347126,80.0,64.0,1290.0,795.2
1347685,66.0,64.1,660.0,796.0
1348544,82.0,64.2,2300.0,796.6
1349191,69.0,64.5,1180.0,814.9
1349844,67.0,64.5,670.0,819.4
1350392,31.0,64.5,310.0,819.7
1351099,71.0,64.0,1210.0,810.1
1352026,47.0,64.1,470.0,815.3
1352567,58.0,63.8,590.0,812.1
1353187,66.0,63.7,670.0,812.0
1354060,59.0,63.7,1080.0,811.5
1354606,51.0,63.7,510.0,817.1
1355372,73.0,63.6,1220.0,816.2
1356064,55.0,63.8,550.0,822.4
1357086,84.0,63.7,1350.0,821.9
1357908,62.0,64.1,630.0,830.4
1358595,62.0,64.0,620.0,825.2
1359193,60.0,64.0,610.0,820.0
1359779,63.0,64.0,640.0,820.0
1360512,66.0,64.0,660.0,820.2
1361225,72.0,64.0,1210.0,815.5
1361957,69.0,64.2,1180.0,821.5
1362703,70.0,64.0,1190.0,819.9
1363459,72.0,63.9,1220.0,819.1
1364163,71.0,64.0,710.0,819.7
1364851,66.0,64.0,1160.0,820.1
1365824,82.0,64.1,4310.0,821.2
1366472,73.0,64.3,1220.0,857.4
1367234,68.0,64.3,680.0,863.0
1368137,71.0,64.7,710.0,866.2
1369052,81.0,64.7,810.0,866.3
1369573,61.0,65.0,620.0,869.2
1370064,62.0,64.9,630.0,853.8
1371108,84.0,65.0,860.0,854.8
1371861,57.0,65.2,570.0,857.0
1372417,58.0,64.8,580.0,848.7
1373059,63.0,64.9,630.0,848.9
1373648,43.0,64.8,430.0,848.4
1374264,53.0,64.5,530.0,845.4
1375136,73.0,64.5,2210.0,844.8
1376047,81.0,64.6,810.0,860.9
1376706,65.0,64.8,660.0,857.6
1377361,60.0,64.8,1100.0,858.4
1378349,74.0,64.8,1740.0,863.1
1378880,68.0,64.9,680.0,869.3
1379452,54.0,64.9,550.0,869.3
1380320,67.0,65.0,670.0,870.0
1381446,75.0,65.2,1240.0,872.6
1382323,70.0,65.5,1680.0,880.2
1383418,81.0,65.6,820.0,890.3
1384029,74.0,65.6,750.0,885.5
1385220,84.0,65.8,840.0,888.1
1385795,65.0,66.0,1140.0,884.8
1386451,74.0,65.9,750.0,884.4
1387445,70.0,65.9,700.0,884.3
1388082,60.0,66.0,620.0,884.6
1388595,61.0,66.1,610.0,881.3
1389250,55.0,65.9,550.0,874.8
1390020,74.0,65.8,1230.0,873.8
1390952,88.0,65.8,1860.0,878.7
1391539,57.0,66.0,580.0,890.3
1392418,80.0,66.0,1790.0,889.7
1392967,66.0,66.2,660.0,897.6
1393571,66.0,66.3,670.0,897.8
1394513,70.0,66.4,710.0,898.7
1395190,61.0,66.5,610.0,900.2
1396026,54.0,66.4,550.0,894.5
1396602,66.0,66.3,660.0,893.9
1397411,58.0,66.4,580.0,894.7
1398033,62.0,66.4,640.0,894.1
1398598,47.0,66.2,470.0,892.6
1399533,81.0,66.0,2290.0,890.4
1400456,77.0,66.0,770.0,905.9
1401242,60.0,66.2,610.0,907.2
1402155,81.0,66.2,810.0,907.9
1402777,57.0,66.5,580.0,910.5
1403714,78.0,66.5,1290.0,910.2
1404377,67.0,66.6,670.0,911.8
1405214,71.0,66.5,710.0,911.1
1406061,66.0,66.6,660.0,911.5
1406947,68.0,66.7,680.0,907.2
1407619,66.0,66.7,660.0,907.9
1408635,65.0,66.8,1140.0,908.4
1409242,72.0,66.8,720.0,913.6
1410316,68.0,66.7,680.0,912.5
1411020,77.0,66.8,770.0,908.2
1411588,63.0,67.0,1120.0,909.8
1412290,74.0,66.9,740.0,914.4
1412990,66.0,66.8,660.0,903.4
1413835,83.0,67.0,830.0,905.5
1414378,61.0,67.2,1100.0,907.2
1415099,66.0,67.2,1150.0,912.4
1416018,80.0,67.1,1290.0,901.1
1416632,67.0,67.3,670.0,907.7
1417587,74.0,67.3,1240.0,907.7
1418246,67.0,67.4,670.0,913.9
1419058,68.0,67.2,680.0,912.1
1419840,70.0,67.3,700.0,912.7
1420703,74.0,67.4,750.0,914.0
1421506,58.0,67.5,1080.0,914.7
1422102,49.0,67.3,490.0,913.2
1423113,87.0,67.0,880.0,905.2
1424252,83.0,67.2,1350.0,907.4
1425315,78.0,67.2,790.0,897.9
1426211,73.0,67.3,730.0,894.0
1427141,75.0,67.4,1270.0,894.6
1427921,73.0,67.8,730.0,904.2
1428893,74.0,67.8,740.0,899.4
1429725,74.0,68.1,740.0,902.1
1430480,64.0,68.3,640.0,903.6
1431272,64.0,68.3,650.0,903.3
1431827,53.0,68.3,530.0,899.0
1432563,71.0,68.3,1200.0,899.2
1433310,75.0,68.3,760.0,899.0
1434150,68.0,68.5,1180.0,901.1
1434944,70.0,68.4,700.0,899.4
1435623,79.0,68.4,790.0,900.1
1436173,61.0,68.6,610.0,901.8
1436987,65.0,68.6,1150.0,901.8
1437822,68.0,68.6,680.0,906.9
1438379,42.0,68.6,420.0,907.1
1439027,72.0,68.4,720.0,899.2
1439998,72.0,68.4,730.0,894.6
1440721,67.0,68.4,670.0,890.0
1441243,60.0,68.4,610.0,884.5
1442417,89.0,68.2,1890.0,883.5
1443133,62.0,68.5,620.0,890.8
1443988,85.0,68.3,1340.0,853.9
1444851,66.0,68.4,660.0,855.1
1445402,72.0,68.4,720.0,854.9
1446274,60.0,68.4,1580.0,855.0
1446739,60.0,68.2,600.0,862.7
1447196,57.0,68.2,570.0,862.5
1447853,73.0,68.1,730.0,861.9
1448749,83.0,68.0,1330.0,860.6
1449473,72.0,68.3,1210.0,868.2
1450127,66.0,68.4,1150.0,874.5
1450910,71.0,68.4,710.0,879.7
1451550,78.0,68.7,1270.0,882.5
1452120,70.0,69.0,700.0,889.9
1452708,60.0,68.9,600.0,874.8
1453568,80.0,68.7,820.0,872.7
1454138,71.0,68.9,1200.0,874.3
1454818,65.0,69.0,650.0,875.3
1455644,81.0,68.9,810.0,864.4
1456312,73.0,69.0,1230.0,865.7
1456965,73.0,69.2,1220.0,872.5
1457621,72.0,69.3,720.0,878.0
1458384,63.0,69.2,630.0,872.8
1459049,78.0,69.2,1270.0,862.3
1460030,77.0,69.1,1770.0,866.8
1460512,73.0,69.2,730.0,877.0
1461339,59.0,69.1,1090.0,875.9
1461888,72.0,69.0,720.0,875.4
1462603,63.0,69.0,630.0,875.1
1463363,70.0,68.9,710.0,874.4
1463995,61.0,69.0,610.0,875.3
1464608,74.0,69.0,1230.0,875.3
1465408,84.0,69.2,1330.0,882.1
1466112,76.0,69.3,760.0,883.1
1467079,84.0,69.2,1330.0,872.1
1467871,82.0,69.4,1320.0,879.6
1468713,79.0,69.5,1300.0,874.9
1469372,75.0,69.6,750.0,881.3
1469839,64.0,69.7,640.0,882.1
1470694,71.0,69.6,720.0,881.4
1471583,71.0,69.7,1210.0,882.5
1472275,69.0,69.9,1180.0,889.1
1473166,75.0,69.9,1750.0,894.3
1473853,73.0,70.1,730.0,906.0
1474531,51.0,70.2,510.0,906.9
1475225,74.0,70.2,740.0,907.3
1475989,75.0,70.2,750.0,891.8
1476719,80.0,70.2,800.0,891.6
1477654,79.0,70.4,2780.0,893.5
1478478,75.0,70.3,760.0,913.2
1479054,72.0,70.5,720.0,915.0
1479901,78.0,70.5,1280.0,909.3
1480739,73.0,70.6,1220.0,915.4
1481541,52.0,70.6,1020.0,920.5
1482075,57.0,70.4,570.0,924.1
1482919,72.0,70.3,1220.0,923.0
1483478,73.0,70.4,730.0,928.6
1484142,62.0,70.5,620.0,924.5
1484675,51.0,70.4,510.0,923.5
1485232,53.0,70.2,530.0,921.8
1485943,67.0,70.0,670.0,919.4
1486766,75.0,70.0,1250.0,914.9
1487540,78.0,70.0,1270.0,920.0
1488342,71.0,70.1,710.0,926.1
1489044,77.0,70.0,770.0,924.9
1489860,77.0,70.2,1260.0,921.6
1490627,68.0,70.3,680.0,922.7
1491165,64.0,70.2,650.0,916.6
1492098,86.0,70.1,1350.0,916.4
1492814,73.0,70.3,1230.0,917.5
1493532,68.0,70.3,680.0,923.1
1494375,69.0,70.3,700.0,923.1
1494961,61.0,70.3,610.0,923.1
1495786,86.0,70.2,860.0,921.7
1496298,57.0,70.5,570.0,919.5
1497043,73.0,70.5,1720.0,920.3
1497835,75.0,70.4,750.0,928.7
1498507,65.0,70.3,660.0,922.7
1499448,79.0,70.2,790.0,921.4
1500058,63.0,70.2,630.0,922.0
1501038,74.0,70.1,740.0,915.6
1501784,72.0,70.1,1210.0,915.7
1502302,57.0,70.1,580.0,920.4
1502864,66.0,70.0,670.0,918.8
1503642,78.0,70.0,2260.0,919.1
1504355,73.0,70.1,730.0,935.2
1505090,63.0,70.3,640.0,937.2
1505770,51.0,70.2,510.0,931.6
1506726,81.0,70.0,810.0,929.1
1507364,64.0,70.1,640.0,925.4
1508193,54.0,70.1,540.0,924.8
1508825,71.0,69.8,720.0,922.3
1509885,74.0,69.9,1230.0,923.4
1510769,68.0,70.0,680.0,924.2
1511590,78.0,70.0,780.0,924.2
1512282,78.0,70.4,1270.0,927.8
1513143,74.0,70.4,1230.0,933.3
1513947,72.0,70.4,1210.0,938.3
1514755,72.0,70.5,730.0,943.7
1515635,88.0,70.6,1390.0,944.9
1516427,73.0,70.6,740.0,939.9
1517161,78.0,70.7,1770.0,941.1
1517835,74.0,70.6,740.0,945.4
1518749,71.0,70.7,710.0,946.2
1519540,75.0,70.7,760.0,946.1
1520068,73.0,70.9,1230.0,937.9
1520592,54.0,71.0,540.0,944.2
1521473,74.0,71.0,740.0,943.9
1522506,84.0,71.0,850.0,944.0
1523101,68.0,71.0,680.0,939.2
1524091,75.0,70.9,1240.0,933.9
1524669,70.0,71.0,700.0,934.8
1525467,75.0,71.0,1250.0,934.7
1526161,73.0,71.0,730.0,934.5
1526740,60.0,71.0,610.0,934.8
1527553,79.0,71.0,790.0,934.9
1528176,61.0,71.0,610.0,934.6
1529175,72.0,70.9,720.0,928.7
1530137,74.0,71.0,2220.0,929.4
1530651,53.0,70.9,530.0,943.5
1531399,68.0,70.7,680.0,936.5
1531941,73.0,70.7,730.0,931.1
1532711,64.0,70.7,640.0,931.2
1533356,67.0,70.7,670.0,931.3
1534035,61.0,70.6,1590.0,925.3
1534602,58.0,70.4,580.0,923.5
1535325,75.0,70.3,750.0,922.0
1536104,71.0,70.4,1200.0,918.6
1536768,73.0,70.4,1220.0,923.4
1537729,81.0,70.5,820.0,929.3
1538488,55.0,70.6,550.0,930.4
1539202,73.0,70.6,740.0,929.8
1540073,56.0,70.6,560.0,924.9
1541035,79.0,70.3,1790.0,917.2
1541975,86.0,70.3,1360.0,927.5
1542680,68.0,70.3,680.0,927.8
1543533,77.0,70.2,1270.0,921.4
1544392,53.0,70.2,1020.0,921.1
1545032,60.0,69.9,1090.0,923.8
1546288,83.0,69.9,1340.0,928.3
1546957,74.0,70.0,750.0,934.5
1547472,67.0,70.0,680.0,929.9
1548225,71.0,70.0,710.0,924.9
1548920,64.0,70.0,650.0,914.5
1549507,57.0,69.9,1060.0,913.7
1550702,90.0,70.0,1410.0,919.2
1551343,59.0,70.1,590.0,925.9
1551953,70.0,70.0,700.0,924.3
1553166,91.0,69.9,1900.0,923.3
1553865,60.0,70.0,610.0,914.5
1554499,49.0,69.8,1480.0,913.0
1555413,83.0,69.6,830.0,920.6
1556047,58.0,69.6,580.0,916.1
1556602,53.0,69.5,530.0,909.7
1557504,80.0,69.5,800.0,904.8
1558288,77.0,69.7,770.0,907.1
1559048,76.0,69.8,760.0,902.6
1559813,76.0,69.8,770.0,902.9
1560768,79.0,70.0,790.0,904.4
1561446,68.0,70.2,680.0,907.2
1562197,72.0,70.4,720.0,908.7
1562923,74.0,70.4,1230.0,909.2
1563546,58.0,70.4,580.0,909.0
1564613,80.0,70.2,2770.0,902.1
1565404,63.0,70.3,630.0,922.7
1566366,74.0,70.2,750.0,921.3
1567032,65.0,70.2,650.0,916.2
1567683,71.0,70.1,710.0,915.9
1568186,63.0,70.2,630.0,916.5
1569282,86.0,70.0,2350.0,909.3
1569926,40.0,70.1,890.0,920.5
1570818,82.0,69.8,2800.0,922.6
1571273,42.0,69.9,420.0,943.6
1571873,60.0,69.8,600.0,941.7
1572896,77.0,69.5,780.0,939.1
1573868,80.0,69.7,1300.0,941.2
1574495,61.0,69.8,610.0,937.0
1575158,74.0,69.6,740.0,935.6
1575851,71.0,69.7,1210.0,936.4
1576747,79.0,69.6,790.0,940.6
1577543,76.0,69.8,760.0,942.2
1578488,76.0,69.8,760.0,942.4
1579060,58.0,69.8,580.0,937.9
1580244,82.0,69.9,830.0,937.9
1580903,67.0,70.0,670.0,939.5
1581630,74.0,69.9,1230.0,923.6
1582295,44.0,69.9,450.0,928.6
1582977,77.0,69.7,770.0,926.7
1583669,77.0,70.0,790.0,929.3
1584378,65.0,70.0,650.0,929.1
1585066,72.0,70.0,720.0,929.2
1586181,86.0,70.1,880.0,931.0
1586787,70.0,70.3,710.0,932.6
1587435,71.0,70.2,710.0,927.4
1588106,70.0,70.3,700.0,927.7
1588663,65.0,70.2,650.0,926.9
1589430,61.0,70.1,620.0,920.7
1590341,79.0,69.9,790.0,914.6
1591026,65.0,70.0,1140.0,910.4
1591759,67.0,69.9,670.0,914.5
1592620,79.0,69.7,790.0,907.3
1593379,56.0,69.8,560.0,907.8
1593894,50.0,69.6,510.0,895.7
1594592,58.0,69.3,580.0,893.4
1595578,86.0,69.2,1360.0,892.1
1596226,57.0,69.3,570.0,898.1
1597059,68.0,69.2,690.0,891.5
1597807,68.0,69.3,680.0,893.0
1598545,82.0,69.2,820.0,892.4
1599558,76.0,69.2,780.0,892.1
1600469,71.0,69.3,710.0,893.1
1601410,83.0,69.2,1350.0,887.8
1602385,80.0,69.4,810.0,894.3
1602918,59.0,69.4,590.0,889.9
1604091,81.0,69.3,820.0,888.5
1604863,82.0,69.5,1330.0,890.6
1605540,62.0,69.5,1110.0,896.0
1606339,70.0,69.5,700.0,901.0
1606968,74.0,69.5,740.0,900.8
1607933,63.0,69.5,630.0,886.0
1608567,59.0,69.6,590.0,887.0
1609562,84.0,69.5,850.0,886.1
1610453,78.0,69.6,1290.0,887.3
1611146,70.0,69.8,1190.0,893.8
1611880,80.0,69.8,1290.0,899.0
1612674,64.0,70.0,640.0,896.0
1613408,51.0,70.1,510.0,896.6
1614025,67.0,69.8,1160.0,894.2
1614937,76.0,69.8,760.0,893.8
1615503,63.0,69.8,630.0,889.2
1616135,63.0,69.6,1130.0,887.3
1616765,69.0,69.7,1190.0,893.1
1617430,63.0,69.7,630.0,897.6
1618494,76.0,69.7,760.0,898.3
1619178,65.0,69.7,1140.0,888.0
1619843,57.0,69.5,570.0,885.8
1620578,64.0,69.4,640.0,884.7
1621391,61.0,69.3,1590.0,878.4
1622204,77.0,69.3,770.0,884.1
1623037,80.0,69.5,800.0,880.9
1623912,82.0,69.5,1320.0,875.5
1624744,67.0,69.6,2150.0,881.2
1625708,71.0,69.6,1200.0,895.9
1626458,85.0,69.6,850.0,900.8
1627241,62.0,69.8,620.0,902.8
1628529,77.0,69.8,780.0,898.4
1629448,71.0,69.7,1210.0,892.1
1630298,64.0,69.8,640.0,898.3
1630873,71.0,69.8,1210.0,897.7
1631508,61.0,69.6,620.0,890.8
1632284,67.0,69.6,670.0,890.9
1633261,92.0,69.7,2410.0,882.8
1634206,74.0,69.8,1230.0,898.6
1634931,66.0,70.0,660.0,905.1
1635882,84.0,70.1,850.0,906.4
1636567,67.0,70.2,670.0,906.9
1637229,72.0,70.1,720.0,905.9
1638041,78.0,70.0,780.0,905.5
1638916,85.0,70.0,1340.0,905.6
1639541,66.0,70.1,1150.0,911.1
1640270,68.0,70.1,680.0,915.8
1641015,71.0,70.0,710.0,915.4
1641689,57.0,70.0,580.0,910.2
1642518,67.0,70.0,670.0,910.2
1643187,72.0,69.9,720.0,889.2
1643753,66.0,70.0,670.0,890.1
1644511,74.0,69.9,740.0,889.3
1645332,64.0,70.0,1130.0,890.2
1646082,52.0,69.9,520.0,894.4
1646847,70.0,69.8,700.0,893.3
1647617,82.0,69.6,2790.0,876.8
1648405,69.0,70.0,1180.0,895.8
1649010,53.0,69.9,540.0,879.6
1649894,68.0,70.0,1170.0,880.8
1650546,70.0,70.1,1190.0,886.5
1651487,87.0,70.0,870.0,890.6
1652263,79.0,70.1,790.0,886.3
1652901,71.0,70.3,710.0,888.1
1653648,82.0,70.3,820.0,887.8
1654455,76.0,70.4,760.0,883.9
1655056,71.0,70.3,710.0,883.6
1655922,82.0,70.3,820.0,883.1
1656595,67.0,70.4,670.0,883.7
1657498,76.0,70.4,1250.0,884.6
1658111,68.0,70.4,690.0,888.8
1658652,62.0,70.4,620.0,889.0
1659408,74.0,70.3,740.0,882.9
1659906,46.0,70.6,460.0,885.8
1660669,72.0,70.3,730.0,882.7
1661429,75.0,70.2,1240.0,882.1
1662356,82.0,70.3,820.0,888.0
1663288,76.0,70.4,760.0,889.0
1663919,69.0,70.3,700.0,887.8
1664516,51.0,70.3,1000.0,887.7
1665226,62.0,70.1,1110.0,890.6
1666072,77.0,70.0,780.0,894.7
1667078,85.0,70.1,1350.0,896.0
1667658,66.0,70.4,670.0,903.3
1668282,74.0,70.2,740.0,902.1
1669137,73.0,70.3,1230.0,898.1
1670280,83.0,70.4,1820.0,903.7
1671022,73.0,70.4,1220.0,914.0
1671655,61.0,70.6,610.0,920.6
1672519,73.0,70.7,730.0,921.6
1673217,68.0,70.9,680.0,923.1
1673826,67.0,70.7,680.0,916.3
1674526,77.0,70.8,770.0,917.4
1675338,76.0,70.9,760.0,918.2
1676094,74.0,71.0,1230.0,919.0
1677066,68.0,70.9,680.0,923.1
1678013,74.0,70.8,740.0,922.1
1678978,78.0,70.8,1290.0,922.4
1679670,68.0,70.8,680.0,921.8
1680382,62.0,70.7,620.0,920.5
1681235,81.0,70.7,1300.0,920.8
1681972,84.0,70.7,840.0,925.6
1682761,72.0,70.7,1230.0,920.7
1683461,69.0,70.8,690.0,921.9
1684220,62.0,70.8,620.0,921.8
1684906,47.0,70.7,480.0,920.6
1685694,79.0,70.5,790.0,919.1
1686778,79.0,70.7,790.0,921.1
1687753,83.0,70.7,840.0,920.5
1688418,72.0,70.7,720.0,916.0
1689123,77.0,70.7,780.0,911.3
1690051,78.0,70.7,790.0,906.2
1690851,70.0,70.8,710.0,907.7
1691940,86.0,71.0,1360.0,909.7
1692620,75.0,71.2,750.0,911.7
1693290,60.0,71.2,600.0,911.6
1694305,77.0,71.2,1260.0,911.3
1695322,72.0,71.3,730.0,912.6
1696330,83.0,71.4,840.0,908.0
1697082,77.0,71.6,1260.0,910.1
1697518,54.0,71.6,540.0,915.1
1698302,70.0,71.5,700.0,909.1
1699002,76.0,71.6,1250.0,910.4
1699825,77.0,71.7,780.0,916.5
1700911,82.0,71.9,1320.0,908.4
1701780,77.0,71.9,780.0,913.9
1702684,83.0,71.9,1330.0,913.7
1703375,75.0,71.9,2740.0,913.8
1704023,72.0,72.0,720.0,919.7
1704674,62.0,72.0,620.0,914.9
1705378,70.0,71.8,700.0,912.6
1706310,79.0,71.8,800.0,913.4
1707153,70.0,71.9,710.0,913.6
1707702,58.0,71.8,580.0,908.6
1708512,41.0,71.8,410.0,908.0
1709223,67.0,71.5,1160.0,900.0
1709799,60.0,71.6,600.0,905.4
1710551,72.0,71.5,1210.0,904.7
1711236,71.0,71.3,710.0,892.7
1711782,49.0,71.2,490.0,887.5
1713024,79.0,71.1,800.0,885.8
1713735,56.0,71.0,560.0,885.3
1714847,81.0,70.9,810.0,884.2
1715760,78.0,71.0,2750.0,885.1
1716244,55.0,71.0,1040.0,904.8
1717003,77.0,70.7,1260.0,901.8
1717683,55.0,70.8,550.0,902.9
1718128,48.0,70.7,480.0,901.6
1718823,72.0,70.5,730.0,899.3
1719724,83.0,70.6,830.0,900.8
1720183,38.0,70.8,380.0,902.4
1721085,75.0,70.4,750.0,899.0
1721600,63.0,70.5,630.0,899.8
1722221,73.0,70.4,730.0,898.7
1722841,68.0,70.5,680.0,894.7
1723428,64.0,70.7,640.0,896.3
1723936,57.0,70.6,580.0,895.7
1724643,76.0,70.4,760.0,873.6
1725339,65.0,70.4,1150.0,869.4
1726311,76.0,70.5,780.0,875.5
1726856,54.0,70.6,550.0,871.6
1727533,68.0,70.5,680.0,865.2
1728430,74.0,70.3,750.0,863.3
1729038,60.0,70.2,600.0,862.9
1729667,68.0,70.1,680.0,861.8
1730450,66.0,70.0,670.0,860.4
1731149,69.0,69.9,700.0,859.5
1732191,79.0,69.8,1300.0,859.4
1732938,66.0,69.8,660.0,864.2
1733555,61.0,69.8,610.0,864.1
1734402,86.0,69.7,1840.0,857.7
1735085,43.0,69.8,430.0,869.2
1735727,49.0,69.6,490.0,867.3
1736430,66.0,69.4,660.0,864.8
1737156,75.0,69.6,1730.0,866.8
1737867,57.0,69.6,570.0,876.8
1738684,86.0,69.4,1350.0,870.1
1739448,70.0,69.5,700.0,875.4
1740106,72.0,69.4,720.0,874.8
1740740,68.0,69.5,1170.0,875.0
1741421,56.0,69.6,560.0,876.7
1741997,59.0,69.6,590.0,871.2
1742533,50.0,69.4,510.0,869.3
1743264,58.0,69.0,580.0,860.9
1744039,81.0,69.0,1790.0,860.0
1744572,50.0,69.0,500.0,870.5
1745222,56.0,68.8,560.0,863.2
1745832,36.0,68.5,360.0,850.6
1746594,80.0,68.2,1290.0,842.0
1747334,75.0,68.4,1240.0,848.8
1748026,42.0,68.4,420.0,853.9
1748831,74.0,68.1,740.0,851.3
1749723,82.0,68.2,1330.0,851.9
1750357,53.0,68.2,530.0,857.5
1750975,56.0,68.0,560.0,855.2
1751595,73.0,67.8,730.0,848.5
1752935,91.0,67.9,1410.0,849.0
1753794,76.0,68.0,760.0,855.7
1754365,68.0,68.0,1680.0,850.4
1754988,54.0,68.0,1040.0,860.4
1755914,85.0,67.9,860.0,864.6
1756578,73.0,68.0,730.0,860.2
1757325,80.0,67.9,800.0,859.1
1757884,48.0,68.0,970.0,854.8
1758555,75.0,67.7,750.0,857.6
1759666,83.0,67.9,2810.0,858.9
1760192,59.0,68.2,590.0,882.2
1760885,79.0,68.0,1280.0,880.2
1761752,80.0,68.0,1300.0,885.1
1762467,73.0,68.0,730.0,889.7
1763178,71.0,68.0,710.0,889.8
1764101,73.0,68.0,740.0,889.1
1764780,55.0,67.9,1050.0,888.6
1765517,87.0,67.8,870.0,892.0
1766300,66.0,67.8,670.0,887.1
1767029,69.0,67.7,690.0,886.3
1768017,90.0,67.8,910.0,887.2
1768756,76.0,67.9,1740.0,883.7
1769512,69.0,67.9,1180.0,893.8
1770227,49.0,67.8,490.0,897.2
1771307,78.0,67.5,790.0,889.5
1771982,69.0,67.8,690.0,892.0
1772754,70.0,67.7,710.0,891.9
1773401,74.0,67.7,740.0,886.5
1774165,61.0,67.6,610.0,886.1
1775016,69.0,67.4,1180.0,879.0
1775890,82.0,67.4,820.0,883.0
1776553,76.0,67.4,760.0,877.9
1777617,83.0,67.4,840.0,858.1
1778113,59.0,67.5,590.0,859.3
1778995,74.0,67.4,750.0,859.0
1779817,79.0,67.5,800.0,859.5
1780647,79.0,67.5,790.0,859.5
1781431,76.0,67.6,760.0,860.3
1781979,66.0,67.8,1150.0,862.1
1782578,65.0,68.0,650.0,869.5
1783272,68.0,68.0,680.0,864.4
1784197,82.0,68.1,830.0,865.2
1784913,64.0,68.2,1130.0,861.4
1785962,79.0,68.1,800.0,865.6
1786574,69.0,68.4,690.0,868.7
1787295,72.0,68.3,720.0,867.6
1787977,62.0,68.4,620.0,869.2
1788874,79.0,68.3,790.0,867.3
1789760,75.0,68.3,750.0,847.7
1790437,70.0,68.5,700.0,844.8
1791211,77.0,68.4,770.0,839.2
1791702,50.0,68.6,500.0,841.4
1792367,60.0,68.6,1090.0,841.6
1793047,72.0,68.5,720.0,845.2
1793835,83.0,68.4,830.0,844.1
1794577,39.0,68.9,390.0,848.6
1795262,80.0,68.5,820.0,845.0
1796327,85.0,68.7,850.0,846.9
1797081,81.0,68.8,820.0,848.1
1797862,68.0,68.9,680.0,849.5
1798577,65.0,69.0,660.0,849.9
1799182,64.0,69.0,640.0,850.7
1799846,59.0,68.9,590.0,849.5
1800584,81.0,68.9,810.0,843.9
1801248,66.0,68.9,660.0,844.2
1801849,66.0,69.0,660.0,845.3
1802445,69.0,69.0,1190.0,845.1
1802997,65.0,69.0,660.0,849.5
1803744,73.0,69.0,730.0,850.1
1804284,44.0,69.1,450.0,850.6
1805025,79.0,68.8,800.0,848.4
1805793,60.0,68.9,1090.0,849.4
1806552,76.0,68.8,1250.0,847.3
1806997,52.0,68.8,520.0,853.2
1807594,72.0,68.8,1210.0,852.3
1807991,40.0,68.6,410.0,846.0
1808843,79.0,68.6,1770.0,845.8
1809517,71.0,68.9,710.0,858.6
1810321,41.0,68.9,410.0,859.1
1811234,70.0,68.6,710.0,845.9
1812005,62.0,68.7,620.0,847.3
1812856,74.0,68.5,1230.0,840.0
1813659,79.0,68.5,1280.0,845.3
1814521,85.0,68.6,1840.0,850.9
1815199,63.0,68.8,640.0,857.6
1816000,78.0,68.8,1280.0,858.4
1816633,40.0,69.0,410.0,865.3
1817391,63.0,68.9,630.0,864.3
1818137,80.0,69.0,800.0,864.8
1819050,81.0,69.0,820.0,854.9
1819628,74.0,69.3,770.0,858.1
1820307,69.0,69.5,700.0,860.2
1821299,76.0,69.8,760.0,863.6
1822298,84.0,69.8,850.0,858.3
1823187,68.0,69.8,680.0,854.4
1824036,81.0,70.1,820.0,857.0
1824895,83.0,70.2,830.0,857.8
1825391,59.0,70.2,590.0,852.8
1826270,61.0,70.2,1120.0,853.4
1826724,33.0,70.3,330.0,859.0
1827336,44.0,69.9,440.0,855.0
1828236,73.0,69.4,730.0,845.3
1828697,39.0,69.4,390.0,845.0
1829334,68.0,69.1,690.0,832.1
1830013,67.0,69.2,1160.0,828.6
1830702,72.0,69.1,720.0,831.6
1831305,71.0,69.0,1210.0,831.5
1832188,81.0,69.0,830.0,835.6
1832744,66.0,69.3,1150.0,834.2
1833886,88.0,69.2,1380.0,838.2
1835013,70.0,69.2,700.0,823.9
1835609,71.0,69.4,710.0,825.0
1836510,81.0,69.3,1300.0,819.3
1837193,66.0,69.3,660.0,819.3
1838015,83.0,69.2,1330.0,818.6
1838634,58.0,69.3,580.0,824.8
1839244,52.0,69.2,520.0,823.2
1839779,65.0,69.2,660.0,817.9
1840650,72.0,68.9,1210.0,815.8
1841487,89.0,69.0,900.0,821.2
1842268,75.0,69.2,760.0,823.3
1843327,81.0,69.0,1320.0,821.8
1843876,57.0,69.1,570.0,817.6
1844531,70.0,69.0,710.0,811.5
1845175,55.0,69.2,550.0,813.7
1845969,84.0,69.0,840.0,811.3
1846637,77.0,69.1,770.0,812.8
1847376,79.0,69.2,800.0,813.4
1848262,81.0,69.2,1790.0,814.0
1848877,76.0,69.4,770.0,825.8
1849595,77.0,69.5,770.0,821.7
1850165,66.0,69.4,1160.0,821.2
1850852,67.0,69.4,670.0,825.2
1851772,89.0,69.2,1870.0,823.5
1852426,77.0,69.5,770.0,836.3
1853195,76.0,69.5,760.0,836.5
1854003,77.0,69.5,770.0,836.1
1855009,80.0,69.5,810.0,835.9
1855629,62.0,69.5,620.0,836.4
1856622,77.0,69.5,1270.0,831.1
1857325,77.0,69.6,780.0,837.3
1858223,76.0,69.7,1250.0,838.3
1859131,74.0,69.6,740.0,842.5
1859777,78.0,69.7,780.0,838.6
1860651,75.0,69.7,750.0,838.4
1861666,83.0,69.8,1330.0,839.0
1862174,61.0,69.9,1100.0,845.1
1862996,75.0,69.9,1240.0,849.9
1863706,74.0,69.8,1230.0,854.4
1864882,83.0,69.8,840.0,859.2
1865625,57.0,70.0,570.0,860.6
1866306,56.0,69.8,570.0,858.6
1867303,92.0,69.8,930.0,859.3
1868213,74.0,70.1,1740.0,857.7
1869060,77.0,70.2,770.0,867.9
1869661,61.0,70.1,610.0,867.3
1870483,82.0,70.3,820.0,869.5
1871123,61.0,70.3,620.0,869.5
1872031,82.0,70.1,820.0,867.2
1872709,76.0,70.1,770.0,867.2
1873328,66.0,70.2,1150.0,868.1
1874073,68.0,70.2,680.0,873.0
1875067,67.0,70.2,1170.0,873.4
1875591,70.0,70.3,700.0,879.2
1876366,56.0,70.2,560.0,878.1
1876958,65.0,70.1,1160.0,877.1
1877846,87.0,70.1,1360.0,882.1
1878594,72.0,70.3,3700.0,883.8
1879510,81.0,70.3,810.0,914.2
1880329,72.0,70.4,730.0,915.0
1881200,82.0,70.7,1320.0,917.8
1881883,70.0,70.7,700.0,923.0
1882511,55.0,70.8,550.0,919.1
1883154,73.0,70.6,730.0,912.1
1883986,69.0,70.8,690.0,914.2
1884815,80.0,70.8,800.0,909.0
1885684,78.0,71.2,790.0,912.9
1886452,84.0,71.2,1350.0,903.1
1887215,73.0,71.3,730.0,909.5
1887890,82.0,71.6,1310.0,912.7
1888446,36.0,71.8,360.0,918.7
1889290,72.0,71.5,720.0,916.1
1889736,58.0,71.5,580.0,911.0
1890412,64.0,71.3,640.0,904.0
1891388,81.0,71.1,1310.0,892.0
1892375,84.0,71.2,840.0,898.7
1893220,83.0,71.3,830.0,894.3
1894012,64.0,71.7,640.0,898.5
1894659,80.0,71.7,1290.0,898.6
1895587,85.0,71.7,860.0,903.5
1896288,75.0,71.8,760.0,903.9
1896952,71.0,71.8,1200.0,903.8
1897975,71.0,71.8,720.0,908.8
1898478,66.0,71.8,660.0,908.4
1899291,75.0,71.6,1240.0,906.5
1899913,56.0,71.6,560.0,912.1
1900606,73.0,71.4,730.0,909.5
1901347,79.0,71.3,1280.0,908.5
1902185,66.0,71.5,670.0,915.4
1902990,74.0,71.6,1230.0,910.9
1903743,82.0,72.0,820.0,919.9
1904416,58.0,72.3,590.0,923.7
1905001,61.0,72.2,610.0,922.3
1905986,85.0,72.4,1350.0,924.5
1906765,65.0,72.6,1150.0,931.1
1907494,77.0,72.6,790.0,931.0
1908200,82.0,72.6,1310.0,931.7
1909000,78.0,72.7,1280.0,932.7
1909821,77.0,72.7,1260.0,937.2
1910344,63.0,72.8,630.0,938.3
1910944,69.0,72.6,690.0,930.8
1911619,74.0,72.5,740.0,930.7
1912408,85.0,72.6,850.0,931.0
1913385,80.0,72.6,1300.0,926.5
1914363,86.0,72.8,1360.0,932.9
1915080,65.0,72.8,660.0,933.2
1915813,62.0,72.8,620.0,934.0
1916429,73.0,73.0,740.0,935.0
1917153,70.0,73.0,700.0,935.8
1917753,57.0,73.0,580.0,930.7
1918499,62.0,72.7,620.0,927.5
1918986,60.0,72.6,600.0,926.1
1919758,82.0,72.4,820.0,918.9
1920488,80.0,72.6,1300.0,921.4
1921158,63.0,72.7,630.0,927.3
1922005,81.0,72.8,810.0,928.1
1922550,72.0,72.8,730.0,927.8
1923262,81.0,72.7,1300.0,927.4
1923763,60.0,72.7,600.0,932.4
1924326,65.0,72.5,670.0,920.5
1924966,70.0,72.4,700.0,919.5
1925560,68.0,72.3,700.0,918.8
1926290,71.0,72.4,1200.0,914.2
1927311,85.0,72.4,1340.0,919.5
1928474,80.0,72.4,1290.0,914.2
1929129,68.0,72.4,690.0,919.4
1929753,67.0,72.3,670.0,918.7
1930397,57.0,72.2,570.0,917.7
1931318,77.0,72.0,780.0,915.3
1932422,89.0,72.1,890.0,916.9
1933219,71.0,72.2,1210.0,913.1
1933910,72.0,72.2,1720.0,917.4
1934681,67.0,72.1,670.0,922.1
1935513,76.0,72.1,760.0,921.4
1936548,81.0,72.0,820.0,921.2
1937150,70.0,72.1,700.0,921.9
1937896,72.0,72.0,730.0,915.6
1938923,91.0,72.1,1400.0,911.9
1939626,74.0,72.2,1230.0,913.5
1940542,68.0,72.2,690.0,913.5
1941130,78.0,72.1,780.0,912.0
1941816,74.0,72.3,750.0,914.1
1942504,82.0,72.5,830.0,915.9
1943106,74.0,72.4,750.0,914.9
1943699,69.0,72.4,690.0,905.0
1944292,52.0,72.3,530.0,904.2
1944949,79.0,72.2,790.0,903.4
1946084,91.0,72.2,1410.0,903.1
1946844,78.0,72.5,790.0,911.0
1947361,66.0,72.4,660.0,910.7
1948080,88.0,72.4,1370.0,909.6
1948698,77.0,72.6,770.0,911.8
1949413,71.0,72.7,710.0,912.7
1950353,82.0,72.7,830.0,908.1
1950935,63.0,72.8,630.0,909.4
1952032,87.0,72.9,880.0,910.1
1952721,59.0,73.1,590.0,907.3
1953384,80.0,72.8,800.0,899.6
1954527,82.0,72.9,1810.0,870.6
1955303,73.0,72.9,730.0,880.6
1955976,68.0,72.9,690.0,880.6
1956515,74.0,72.8,740.0,874.3
1957363,79.0,72.8,800.0,874.7
1958026,65.0,73.1,660.0,877.2
1958610,64.0,73.0,1130.0,876.5
1959952,70.0,72.9,700.0,880.9
1960724,70.0,72.8,710.0,879.9
1961304,66.0,72.8,660.0,879.1
1962193,85.0,72.6,1350.0,872.2
1962914,80.0,72.7,800.0,878.4
1963603,87.0,72.7,880.0,873.3
1964253,78.0,73.2,790.0,878.5
1964890,55.0,73.2,550.0,879.2
1965818,75.0,73.2,1240.0,878.9
1966764,74.0,73.3,1230.0,884.9
1967333,61.0,73.3,610.0,884.1
1968014,67.0,73.0,680.0,881.8
1968643,69.0,72.9,690.0,880.3
1969413,78.0,72.9,2260.0,880.8
1970294,81.0,72.9,810.0,890.5
1971020,74.0,72.9,740.0,890.0
1971676,62.0,72.8,1110.0,889.8
1972501,82.0,72.8,1810.0,888.9
1973082,71.0,72.9,710.0,899.8
1973987,75.0,72.9,750.0,900.3
1974793,81.0,72.9,810.0,895.4
1975498,65.0,73.2,650.0,897.9
1976169,78.0,73.1,1270.0,897.1
1976935,77.0,73.1,1270.0,897.0
1977774,75.0,73.2,760.0,903.0
1978350,64.0,73.2,640.0,898.3
1979326,80.0,73.0,810.0,896.5
1980210,88.0,73.2,890.0,898.7
1980855,74.0,73.5,740.0,901.5
1981585,77.0,73.4,1260.0,895.4
1982357,81.0,73.5,2300.0,896.5
1983423,78.0,73.6,790.0,911.6
1984420,87.0,73.5,1370.0,906.4
1985199,67.0,73.6,670.0,907.3
1986101,81.0,73.5,1300.0,901.4
1987009,76.0,73.7,760.0,908.1
1987784,75.0,73.8,1240.0,908.8
1988594,77.0,73.8,780.0,913.8
1989312,60.0,73.7,600.0,913.1
1990377,78.0,73.5,790.0,906.1
1991048,60.0,73.4,1090.0,900.4
1991575,76.0,73.4,770.0,904.7
1992237,76.0,73.5,760.0,906.2
1992868,56.0,73.5,560.0,906.4
1993773,78.0,73.4,1280.0,905.0
1994584,82.0,73.6,830.0,912.0
1995337,58.0,73.8,580.0,914.1
1996135,75.0,73.8,760.0,913.9
1997158,80.0,73.7,810.0,913.3
1997932,78.0,73.7,1270.0,908.4
1998804,77.0,73.9,770.0,914.8
1999472,66.0,73.8,1160.0,914.4
