69,14.0,,140.0,
1870,20.0,,210.0,
2765,14.0,,140.0,
3484,8.0,,80.0,
4373,17.0,,170.0,
5084,16.0,,160.0,
5905,23.0,,230.0,
6835,18.0,,180.0,
7552,14.0,,140.0,
8343,17.0,,170.0,
9241,21.0,,210.0,
10107,19.0,,190.0,
10961,20.0,,200.0,
11724,15.0,,160.0,
12640,16.0,,160.0,
13285,18.0,,180.0,
14415,18.0,,180.0,
15288,8.0,,80.0,
16264,12.0,,120.0,
17176,14.0,,140.0,
18255,23.0,,230.0,
19107,17.0,,180.0,
20021,20.0,,210.0,
21150,25.0,,250.0,
22039,16.0,,170.0,
22863,12.0,,120.0,
23692,16.0,,160.0,
24461,12.0,,120.0,
25308,25.0,,250.0,
26379,18.0,,180.0,
27364,13.0,,130.0,
28295,14.0,,140.0,
29280,10.0,,100.0,
29963,15.0,,150.0,
30899,28.0,,280.0,
31991,25.0,,250.0,
32722,15.0,,150.0,
33432,18.0,,180.0,
34292,15.0,,150.0,
35129,15.0,,150.0,
35966,11.0,,110.0,
36881,19.0,,200.0,
37649,11.0,,110.0,
38328,11.0,,110.0,
39214,12.0,,120.0,
40241,25.0,,250.0,
41115,18.0,,180.0,
41774,10.0,,100.0,
42495,13.0,,130.0,
43174,17.0,,170.0,
44037,24.0,,240.0,
44658,21.0,,210.0,
45690,22.0,,720.0,
46701,25.0,,260.0,
47590,16.0,,160.0,
48816,17.0,,180.0,
49649,17.0,,170.0,
50407,15.0,,150.0,
51201,9.0,,90.0,
52052,17.0,,170.0,
53135,22.0,,220.0,
53979,13.0,,130.0,
54980,16.0,,170.0,
55876,26.0,,260.0,
56645,22.0,,220.0,
57367,13.0,,130.0,
58126,21.0,,210.0,
58941,8.0,,90.0,
59785,17.0,,170.0,
60725,16.0,,160.0,
61396,10.0,,100.0,
62122,12.0,,120.0,
63040,20.0,,200.0,
64084,15.0,,160.0,
65182,24.0,,240.0,
66066,13.0,,130.0,
66727,13.0,,130.0,
67819,24.0,,240.0,
68898,18.0,,180.0,
70013,23.0,,240.0,
71001,22.0,,220.0,
71932,12.0,,120.0,
72948,16.0,,160.0,
73914,14.0,,140.0,
74708,9.0,,90.0,
76054,25.0,,740.0,
77108,26.0,,260.0,
77805,12.0,,120.0,
78698,19.0,,190.0,
79600,13.0,,130.0,
80625,14.0,,140.0,
81385,10.0,,100.0,
82277,18.0,,180.0,
83226,15.0,,150.0,
83992,15.0,,150.0,
84841,20.0,,200.0,
85711,19.0,,190.0,
86507,16.0,,160.0,
87565,13.0,,130.0,
88456,15.0,,150.0,
89319,11.0,16.7,110.0,178.4
90271,11.0,16.7,110.0,178.1
91110,16.0,16.6,160.0,177.1
92104,25.0,16.6,250.0,177.3
93005,20.0,16.8,210.0,179.0
93977,19.0,16.8,200.0,179.4
94739,25.0,16.9,250.0,179.8
95789,15.0,16.9,150.0,180.0
96919,27.0,16.8,270.0,179.7
97626,13.0,17.0,130.0,181.0
98565,25.0,16.9,250.0,180.6
99296,17.0,17.0,170.0,181.0
100137,12.0,17.0,130.0,180.8
101089,20.0,16.9,210.0,180.1
101988,19.0,16.9,190.0,180.6
103406,16.0,17.0,160.0,180.9
104349,15.0,16.9,150.0,180.7
105153,12.0,16.9,120.0,180.4
105853,17.0,17.0,170.0,180.8
106751,13.0,17.0,130.0,181.3
107538,12.0,17.0,120.0,181.2
108677,39.0,16.9,390.0,180.1
109482,11.0,17.1,110.0,182.2
110474,22.0,17.0,220.0,181.2
111433,19.0,17.0,200.0,180.9
112262,23.0,17.0,230.0,181.2
113129,23.0,17.1,230.0,182.3
113924,15.0,17.2,150.0,183.0
114867,22.0,17.2,230.0,183.3
115844,17.0,17.2,170.0,183.1
116589,16.0,17.2,160.0,183.0
117414,14.0,17.2,140.0,183.3
118256,22.0,17.2,220.0,183.3
119022,16.0,17.3,160.0,184.5
120197,35.0,17.3,350.0,184.6
121057,15.0,17.4,150.0,185.3
122001,21.0,17.3,210.0,184.3
123287,26.0,17.4,260.0,184.9
124129,13.0,17.4,130.0,185.7
125039,20.0,17.4,200.0,185.5
125848,19.0,17.5,190.0,186.0
126562,14.0,17.6,140.0,186.8
127434,16.0,17.5,160.0,186.2
128479,22.0,17.6,230.0,186.7
129355,19.0,17.7,190.0,187.9
130160,10.0,17.7,100.0,188.6
130967,17.0,17.6,170.0,187.1
131769,15.0,17.6,160.0,187.0
132509,18.0,17.6,180.0,187.6
133300,14.0,17.7,140.0,188.1
134056,8.0,17.6,80.0,187.8
134795,13.0,17.5,130.0,186.2
135697,24.0,17.4,240.0,185.4
136506,12.0,17.4,130.0,180.6
137609,13.0,17.3,130.0,179.3
138805,25.0,17.3,740.0,179.0
139624,18.0,17.4,180.0,184.6
140544,35.0,17.4,350.0,184.7
141375,14.0,17.6,140.0,186.7
142195,20.0,17.6,200.0,187.2
142978,16.0,17.6,160.0,187.5
143722,16.0,17.6,160.0,186.9
144714,22.0,17.6,220.0,187.2
145584,23.0,17.7,230.0,187.7
146477,25.0,17.6,250.0,187.4
147596,24.0,17.7,240.0,187.7
148393,19.0,17.8,200.0,188.8
149265,21.0,17.8,210.0,188.7
150118,16.0,17.9,160.0,189.9
151091,21.0,17.9,210.0,189.8
152083,29.0,17.9,290.0,190.3
152833,16.0,18.1,160.0,192.2
153628,14.0,18.2,140.0,192.6
154579,22.0,18.1,220.0,192.0
155571,33.0,18.2,330.0,192.6
156831,27.0,18.3,270.0,193.5
157736,25.0,18.4,250.0,194.9
158638,16.0,18.5,160.0,196.1
159460,21.0,18.4,210.0,195.3
160325,23.0,18.5,240.0,195.6
161385,30.0,18.5,300.0,195.6
162391,29.0,18.6,300.0,196.4
163458,19.0,18.7,190.0,198.2
164205,10.0,18.8,110.0,198.5
165031,18.0,18.7,180.0,198.2
166144,29.0,18.8,290.0,199.1
167098,22.0,18.8,220.0,194.6
167761,12.0,18.8,120.0,194.2
168998,23.0,18.8,240.0,194.2
169729,13.0,18.8,130.0,194.7
170565,21.0,18.8,210.0,194.7
171869,28.0,18.9,280.0,195.4
172652,12.0,19.1,120.0,197.2
173647,22.0,19.0,230.0,196.6
174725,23.0,19.1,230.0,197.4
175926,27.0,19.2,760.0,198.2
176785,14.0,19.2,140.0,203.8
177540,18.0,19.2,180.0,203.3
178322,10.0,19.2,100.0,203.5
179160,18.0,19.2,180.0,203.2
180005,17.0,19.2,180.0,203.5
180981,22.0,19.3,230.0,204.2
181698,15.0,19.4,150.0,205.4
182793,34.0,19.4,340.0,205.3
183871,40.0,19.5,400.0,206.2
184965,17.0,19.7,170.0,208.1
186261,25.0,19.6,750.0,207.8
187025,16.0,19.6,160.0,212.8
187926,23.0,19.7,240.0,212.9
188810,19.0,19.6,190.0,212.6
189574,19.0,19.7,190.0,213.2
190460,17.0,19.6,170.0,212.6
191359,18.0,19.6,180.0,212.6
192151,22.0,19.7,220.0,213.1
193255,41.0,19.7,410.0,213.2
194584,39.0,19.9,880.0,215.4
195463,14.0,20.2,140.0,222.6
196104,27.0,20.1,270.0,222.5
197164,26.0,20.3,260.0,224.0
197973,26.0,20.4,260.0,224.9
198852,23.0,20.5,230.0,226.2
199830,23.0,20.6,230.0,227.3
200902,28.0,20.5,280.0,225.7
201654,17.0,20.6,170.0,227.4
202513,26.0,20.6,260.0,226.9
203550,35.0,20.6,350.0,227.5
204338,18.0,20.8,180.0,228.7
205553,42.0,20.7,420.0,228.2
206731,30.0,21.0,310.0,230.9
207594,34.0,21.1,340.0,231.7
208487,18.0,21.2,180.0,233.4
209401,17.0,21.3,170.0,233.6
210197,15.0,21.3,160.0,233.9
210976,26.0,21.2,260.0,233.3
211787,19.0,21.3,190.0,234.3
212533,15.0,21.2,160.0,232.7
213534,25.0,21.2,260.0,232.8
214200,19.0,21.2,190.0,233.3
215202,25.0,21.1,250.0,232.6
215894,14.0,21.2,140.0,233.8
216891,16.0,21.2,160.0,233.2
217717,15.0,21.2,150.0,232.9
218693,29.0,21.2,300.0,233.0
219502,18.0,21.3,180.0,234.4
220798,28.0,21.3,280.0,233.9
221894,30.0,21.4,300.0,234.8
222813,16.0,21.6,170.0,236.8
223924,24.0,21.5,240.0,236.8
224806,26.0,21.6,260.0,237.6
225743,20.0,21.7,200.0,238.4
226609,13.0,21.8,130.0,239.0
227421,29.0,21.8,290.0,239.5
228380,22.0,22.0,220.0,241.1
229441,27.0,22.0,270.0,240.9
230115,18.0,22.1,180.0,242.3
231123,21.0,22.2,220.0,242.8
231952,28.0,22.1,280.0,237.6
232836,21.0,22.2,220.0,238.6
233689,26.0,22.1,270.0,237.3
234734,22.0,22.2,220.0,238.6
235516,18.0,22.2,180.0,238.8
236266,19.0,22.2,190.0,239.0
237304,18.0,22.3,180.0,239.3
237959,19.0,22.2,200.0,238.9
239127,34.0,22.2,340.0,238.6
240068,25.0,22.3,250.0,239.5
240847,17.0,22.3,170.0,239.6
241843,30.0,22.3,300.0,239.3
242683,23.0,22.4,230.0,240.2
243495,23.0,22.4,230.0,240.9
244292,15.0,22.4,160.0,241.1
245409,29.0,22.3,290.0,239.8
246507,35.0,22.4,360.0,241.1
247567,33.0,22.6,340.0,243.3
248198,21.0,22.8,210.0,244.5
249171,28.0,22.6,290.0,243.3
250028,22.0,22.6,220.0,243.5
250899,20.0,22.6,200.0,243.2
252308,29.0,22.7,300.0,243.6
253181,23.0,22.7,230.0,244.5
253897,28.0,22.7,280.0,244.4
254727,26.0,22.7,260.0,244.2
255956,29.0,22.7,290.0,243.8
256977,38.0,22.8,380.0,244.8
257969,24.0,23.1,240.0,247.5
258697,26.0,23.1,260.0,248.1
259751,26.0,23.1,260.0,247.8
260632,24.0,23.1,240.0,248.2
261615,26.0,23.3,260.0,249.4
262866,34.0,23.3,350.0,249.6
264063,41.0,23.5,410.0,251.8
264982,27.0,23.7,280.0,253.8
266018,36.0,23.7,360.0,253.8
266917,34.0,23.9,340.0,256.2
267732,25.0,24.0,250.0,257.3
268431,24.0,24.1,240.0,257.5
269576,27.0,24.0,270.0,252.3
270369,22.0,24.2,220.0,253.6
271191,19.0,24.2,190.0,254.0
272182,24.0,24.3,250.0,254.9
273072,28.0,24.4,280.0,255.6
274122,36.0,24.5,360.0,256.6
274948,25.0,24.6,250.0,257.9
275840,30.0,24.7,300.0,258.9
276664,22.0,24.7,220.0,258.5
277647,21.0,24.5,210.0,256.7
278437,24.0,24.5,240.0,257.1
279306,27.0,24.5,280.0,252.0
280383,27.0,24.6,270.0,253.2
281182,31.0,24.7,310.0,253.5
282070,21.0,24.8,210.0,254.7
283088,39.0,24.8,390.0,254.9
283969,33.0,25.0,330.0,257.1
285078,28.0,25.2,290.0,258.6
286005,26.0,25.2,260.0,259.3
287028,27.0,25.1,270.0,257.8
288099,25.0,25.0,250.0,251.7
289121,32.0,25.1,320.0,252.8
290059,33.0,25.1,340.0,253.3
291299,32.0,25.2,320.0,254.1
292531,43.0,25.3,430.0,254.7
293409,32.0,25.5,320.0,256.7
294197,16.0,25.6,160.0,257.6
295246,34.0,25.4,350.0,256.4
296041,26.0,25.6,270.0,258.2
296875,29.0,25.6,290.0,258.3
297872,35.0,25.5,350.0,257.7
298909,39.0,25.7,390.0,259.4
300373,50.0,25.7,990.0,259.1
301396,35.0,25.9,350.0,265.9
302730,33.0,25.9,330.0,266.0
303639,23.0,26.0,230.0,267.5
304516,20.0,26.1,200.0,268.1
305272,19.0,26.2,190.0,268.5
306315,36.0,26.1,370.0,267.8
307288,14.0,26.2,140.0,269.6
308234,24.0,26.2,240.0,269.4
309089,27.0,26.2,270.0,269.2
310296,31.0,26.3,320.0,270.0
311275,31.0,26.4,310.0,270.7
312690,52.0,26.5,520.0,272.4
314204,34.0,26.9,340.0,276.0
315187,31.0,27.1,310.0,277.9
316162,37.0,27.1,370.0,278.0
316962,20.0,27.3,200.0,279.9
318102,32.0,27.2,320.0,279.1
319160,31.0,27.2,310.0,279.3
320272,28.0,27.4,280.0,280.7
321094,19.0,27.4,190.0,281.1
321876,33.0,27.4,330.0,280.4
322918,22.0,27.5,220.0,281.7
323726,26.0,27.6,260.0,282.6
324938,37.0,27.6,370.0,282.3
325620,17.0,27.7,170.0,283.8
326467,33.0,27.6,330.0,282.8
327574,35.0,27.8,350.0,284.3
328379,26.0,27.9,260.0,285.6
329292,33.0,27.9,330.0,285.4
330438,34.0,28.0,340.0,286.5
331251,21.0,28.1,210.0,287.2
332253,16.0,28.1,160.0,287.1
333585,38.0,28.0,380.0,286.9
334628,35.0,28.2,350.0,288.8
335433,23.0,28.4,230.0,290.5
336365,25.0,28.4,260.0,290.8
337328,33.0,28.4,330.0,290.0
338043,12.0,28.4,120.0,290.8
338636,22.0,28.4,220.0,290.3
339657,38.0,28.3,390.0,289.5
340770,29.0,28.4,290.0,291.1
341566,32.0,28.5,320.0,291.7
342715,41.0,28.7,410.0,293.3
343563,28.0,28.8,280.0,294.5
344450,22.0,28.7,220.0,293.7
345369,38.0,28.6,380.0,292.5
346170,33.0,28.8,330.0,294.2
347123,26.0,28.8,260.0,294.6
348283,27.0,28.9,270.0,295.0
349295,30.0,29.0,300.0,295.7
350310,29.0,29.0,290.0,295.7
351118,34.0,29.0,340.0,296.3
352303,27.0,29.1,270.0,296.9
353490,33.0,29.1,340.0,297.0
354485,35.0,29.1,350.0,297.5
355571,31.0,29.1,310.0,297.2
356757,33.0,29.2,330.0,297.9
357625,32.0,29.2,320.0,298.6
358441,25.0,29.3,260.0,299.2
359353,33.0,29.3,330.0,299.4
360141,22.0,29.4,220.0,300.1
360958,28.0,29.3,280.0,298.8
361641,26.0,29.1,270.0,297.5
363571,44.0,29.1,930.0,297.4
364422,26.0,29.2,260.0,303.1
365200,21.0,29.1,210.0,302.3
366326,31.0,29.1,310.0,301.9
366905,21.0,29.2,210.0,302.6
367763,19.0,29.1,190.0,302.0
368392,17.0,29.1,170.0,301.7
369047,20.0,29.0,210.0,301.5
370107,38.0,29.0,380.0,301.1
370985,44.0,29.1,440.0,302.1
371771,32.0,29.2,320.0,302.9
372474,28.0,29.2,280.0,303.6
373472,33.0,29.2,340.0,303.4
374292,32.0,29.3,320.0,304.6
375296,29.0,29.4,290.0,305.7
376016,32.0,29.5,330.0,306.2
376780,29.0,29.6,300.0,306.7
377716,31.0,29.6,310.0,307.0
378791,23.0,29.6,230.0,307.0
380306,39.0,29.6,400.0,307.2
381317,33.0,29.6,330.0,307.3
382173,32.0,29.6,320.0,307.3
383099,44.0,29.6,440.0,307.6
383754,31.0,29.8,310.0,309.4
384605,33.0,29.8,330.0,309.8
385193,30.0,29.9,300.0,310.6
386141,31.0,29.9,310.0,310.4
387292,33.0,29.9,340.0,310.1
388080,21.0,29.9,210.0,310.3
388940,30.0,29.7,300.0,308.1
389729,26.0,29.7,260.0,307.9
390622,29.0,29.8,290.0,308.9
391557,33.0,29.7,330.0,308.3
392692,37.0,29.8,370.0,308.9
394220,35.0,29.9,360.0,309.7
395184,28.0,29.9,290.0,309.8
396292,40.0,29.8,410.0,308.8
397257,39.0,29.6,390.0,303.0
398277,33.0,29.7,330.0,303.4
399233,33.0,29.7,330.0,303.4
400045,30.0,29.8,300.0,304.4
401022,32.0,29.9,320.0,305.4
401946,39.0,30.0,390.0,306.7
403124,45.0,30.0,450.0,306.9
404077,34.0,30.4,340.0,310.0
404828,20.0,30.5,210.0,311.0
405749,25.0,30.4,250.0,310.4
406412,27.0,30.3,270.0,309.7
407280,34.0,30.3,340.0,309.3
408150,34.0,30.1,340.0,307.5
409278,27.0,30.1,270.0,307.5
410026,31.0,30.1,310.0,307.1
410928,35.0,30.0,350.0,306.5
411837,28.0,30.2,280.0,308.0
412647,36.0,30.1,360.0,307.6
413539,27.0,30.2,270.0,308.1
414508,27.0,30.2,270.0,308.0
415695,37.0,30.2,370.0,308.8
416505,39.0,30.3,390.0,309.2
417522,33.0,30.4,330.0,310.9
418404,42.0,30.5,430.0,311.6
419353,36.0,30.6,360.0,312.2
420258,25.0,30.8,250.0,314.1
421134,26.0,30.7,260.0,313.3
422366,34.0,30.6,340.0,312.4
423385,30.0,30.7,300.0,313.2
424769,28.0,30.6,280.0,312.9
425589,29.0,30.6,290.0,312.3
426352,21.0,30.7,210.0,313.1
427059,33.0,30.7,330.0,313.6
428583,34.0,30.7,340.0,313.1
429441,29.0,30.6,290.0,313.0
430760,34.0,30.7,340.0,313.6
431691,32.0,30.8,320.0,314.4
432720,41.0,30.8,410.0,314.3
433719,33.0,31.1,330.0,317.2
434848,50.0,31.2,500.0,318.3
435681,29.0,31.3,290.0,319.4
436840,39.0,31.3,390.0,319.4
438057,44.0,31.4,440.0,320.1
439220,29.0,31.4,290.0,320.4
440101,38.0,31.4,380.0,320.5
441095,36.0,31.6,360.0,322.1
442246,29.0,31.6,290.0,321.9
443070,23.0,31.5,230.0,321.5
444105,37.0,31.5,380.0,321.2
444916,39.0,31.6,390.0,322.3
445948,33.0,31.7,330.0,323.2
446681,30.0,31.7,300.0,323.6
447551,36.0,31.7,360.0,323.2
448576,38.0,31.8,380.0,324.1
449444,43.0,31.8,440.0,324.5
450518,52.0,31.9,520.0,325.4
451353,29.0,32.1,290.0,327.5
452460,36.0,32.1,360.0,327.1
453548,49.0,32.1,490.0,327.5
454621,33.0,32.4,330.0,329.8
456072,38.0,32.4,380.0,329.8
456843,37.0,32.5,370.0,331.4
457911,37.0,32.6,370.0,332.3
459391,47.0,32.7,470.0,333.3
460112,33.0,32.7,330.0,328.7
461595,52.0,32.8,1010.0,329.4
462460,33.0,33.1,330.0,337.4
463545,39.0,33.1,390.0,337.6
464751,42.0,33.3,420.0,339.4
465591,33.0,33.6,330.0,341.7
466831,39.0,33.7,390.0,343.3
467889,32.0,33.9,330.0,345.1
469013,42.0,33.8,420.0,344.6
469765,30.0,33.8,300.0,344.4
470557,27.0,33.8,280.0,344.2
471417,28.0,33.8,290.0,344.2
472699,46.0,33.7,460.0,343.7
473616,30.0,33.9,310.0,345.1
474536,28.0,33.9,280.0,345.3
475495,39.0,33.8,400.0,344.8
476482,39.0,34.0,390.0,345.8
477611,41.0,34.0,410.0,346.6
478703,36.0,34.2,370.0,348.4
479422,27.0,34.2,270.0,348.1
480409,32.0,34.1,330.0,347.5
481435,35.0,34.1,350.0,347.6
482286,23.0,34.0,230.0,346.7
483270,39.0,34.0,400.0,345.9
484517,45.0,34.0,450.0,346.6
485473,28.0,34.2,280.0,348.1
486762,37.0,34.1,370.0,347.8
487632,33.0,34.2,330.0,348.1
488991,55.0,34.3,550.0,349.3
489786,40.0,34.5,410.0,351.8
490839,41.0,34.7,410.0,353.3
491809,41.0,34.8,410.0,354.5
492346,27.0,34.9,270.0,355.3
493273,35.0,34.8,350.0,354.3
494343,33.0,34.8,330.0,354.2
495609,49.0,34.8,2460.0,354.6
496523,35.0,34.9,350.0,375.1
497378,39.0,34.9,400.0,374.7
497981,22.0,34.9,220.0,375.4
498892,27.0,34.8,270.0,374.3
499625,28.0,34.8,280.0,374.0
500721,38.0,34.8,380.0,373.6
501575,37.0,34.8,370.0,373.5
502442,38.0,34.7,380.0,372.7
503165,34.0,34.7,340.0,373.1
504016,34.0,34.8,340.0,374.4
505051,47.0,34.9,470.0,375.3
505904,42.0,35.1,420.0,377.3
507002,49.0,35.2,490.0,378.1
508348,30.0,35.4,300.0,379.6
509068,36.0,35.4,360.0,379.9
510212,44.0,35.4,440.0,380.4
511313,40.0,35.5,400.0,381.3
511980,33.0,35.7,330.0,382.5
512824,27.0,35.6,270.0,382.2
513798,41.0,35.6,410.0,382.2
514686,45.0,35.8,450.0,383.6
515830,43.0,35.8,430.0,384.4
516983,33.0,35.9,330.0,384.8
518021,32.0,35.9,330.0,384.8
518973,33.0,35.8,330.0,383.8
520218,51.0,35.8,1000.0,383.5
521312,30.0,36.0,300.0,391.0
522084,41.0,36.1,410.0,391.4
523112,57.0,36.1,570.0,392.1
524174,37.0,36.4,370.0,394.8
525027,33.0,36.5,330.0,395.7
525872,42.0,36.5,420.0,396.1
526594,35.0,36.7,350.0,398.2
527076,26.0,36.8,260.0,398.4
528145,28.0,36.7,280.0,397.6
529033,44.0,36.7,450.0,397.5
530567,27.0,36.8,270.0,398.6
531445,36.0,36.7,370.0,398.1
532626,40.0,36.7,400.0,397.7
533620,39.0,36.7,400.0,398.4
534767,35.0,36.6,350.0,397.4
535843,38.0,36.7,380.0,398.0
536708,50.0,36.7,510.0,397.9
537600,46.0,36.7,460.0,398.6
538586,51.0,36.9,510.0,400.3
539480,47.0,37.0,480.0,401.6
540450,37.0,37.2,370.0,402.8
541353,36.0,37.2,360.0,403.6
542079,34.0,37.4,340.0,404.9
543375,46.0,37.3,460.0,404.5
544553,50.0,37.4,500.0,405.2
545376,27.0,37.6,270.0,406.9
546068,37.0,37.5,370.0,406.6
546649,31.0,37.6,310.0,406.7
547462,36.0,37.5,360.0,406.0
548305,42.0,37.4,430.0,405.2
549324,39.0,37.3,390.0,404.3
550356,50.0,37.4,500.0,405.3
551475,49.0,37.6,490.0,406.7
552565,41.0,37.6,410.0,406.7
553816,46.0,37.6,460.0,407.5
555000,33.0,37.7,330.0,408.3
555865,38.0,37.7,380.0,407.9
556856,38.0,37.7,380.0,408.0
557793,32.0,37.6,320.0,407.1
558778,47.0,37.6,470.0,407.0
559735,44.0,37.5,450.0,401.6
560703,44.0,37.6,440.0,402.8
561506,40.0,37.7,410.0,403.3
562233,31.0,37.7,310.0,403.2
563433,40.0,37.6,410.0,403.0
564491,35.0,37.7,350.0,403.2
565293,37.0,37.7,370.0,403.4
566626,42.0,37.6,420.0,402.9
567286,42.0,37.8,420.0,404.1
568056,32.0,37.9,320.0,405.5
569159,50.0,38.0,990.0,405.8
570150,36.0,38.0,360.0,411.1
570805,40.0,38.0,400.0,411.6
571733,36.0,38.2,370.0,412.8
572710,32.0,38.1,320.0,412.5
573836,61.0,38.1,610.0,411.8
574841,37.0,38.3,370.0,413.8
575596,47.0,38.3,470.0,413.8
576499,49.0,38.5,490.0,415.8
577872,57.0,38.6,2050.0,417.4
578882,43.0,38.9,430.0,434.4
580091,58.0,39.1,590.0,436.4
581257,68.0,39.3,1180.0,438.3
582400,66.0,39.5,2140.0,445.6
583257,37.0,39.9,370.0,464.2
584226,48.0,39.9,480.0,464.2
585051,51.0,40.0,510.0,465.7
585819,34.0,40.0,340.0,465.3
587024,55.0,39.9,1040.0,464.6
588105,43.0,40.1,430.0,470.9
589089,53.0,40.1,540.0,471.1
589628,29.0,40.3,290.0,473.8
590750,47.0,40.3,480.0,473.2
591688,33.0,40.4,330.0,474.7
592326,35.0,40.3,360.0,453.4
593015,26.0,40.3,270.0,453.5
593704,36.0,40.1,360.0,452.2
594606,40.0,40.3,400.0,453.6
595700,58.0,40.4,580.0,454.9
596898,35.0,40.7,350.0,457.9
598474,72.0,40.7,1230.0,457.6
599483,34.0,41.0,340.0,466.2
600232,40.0,41.0,400.0,465.8
601111,49.0,41.0,490.0,466.4
601967,44.0,41.2,440.0,467.9
603135,68.0,41.2,680.0,467.6
603728,44.0,41.4,440.0,470.2
604551,46.0,41.4,460.0,469.7
605233,21.0,41.5,220.0,471.3
606320,49.0,41.4,490.0,469.9
607247,42.0,41.4,420.0,470.4
608318,42.0,41.4,420.0,470.6
609501,62.0,41.5,620.0,471.5
610280,39.0,41.9,390.0,475.0
611109,35.0,41.9,360.0,474.8
612186,42.0,41.8,430.0,473.9
612844,41.0,41.8,410.0,473.9
614039,66.0,41.8,670.0,474.7
615297,55.0,42.2,1050.0,478.1
615968,37.0,42.4,370.0,485.3
616882,46.0,42.3,470.0,479.0
617767,48.0,42.4,480.0,480.7
618771,34.0,42.5,340.0,481.4
619569,46.0,42.3,460.0,479.1
620607,56.0,42.4,560.0,480.0
621347,45.0,42.6,450.0,482.3
622215,45.0,42.6,460.0,482.6
623041,37.0,42.7,370.0,483.7
623961,49.0,42.8,490.0,484.8
624870,45.0,43.0,450.0,486.9
625885,43.0,43.0,430.0,486.9
626570,40.0,43.2,400.0,488.5
627426,48.0,43.2,490.0,488.8
628354,51.0,43.3,510.0,489.7
629154,42.0,43.4,420.0,490.8
630196,47.0,43.5,470.0,491.5
631340,68.0,43.6,1170.0,492.4
632215,52.0,43.8,520.0,499.0
633534,75.0,43.8,750.0,499.6
634345,51.0,44.1,520.0,502.0
635221,51.0,44.1,510.0,502.4
636194,50.0,44.3,500.0,503.8
636883,40.0,44.4,400.0,505.2
638738,68.0,44.5,680.0,505.8
639547,31.0,44.7,320.0,508.0
640965,57.0,44.5,570.0,506.2
641873,42.0,44.8,430.0,509.2
642656,38.0,44.8,380.0,509.8
643966,60.0,44.9,600.0,510.5
644792,54.0,45.2,540.0,512.9
645609,48.0,45.3,490.0,514.0
646788,76.0,45.4,770.0,515.0
647668,30.0,45.6,300.0,517.7
648529,48.0,45.4,480.0,515.8
649380,49.0,45.5,490.0,516.5
650041,42.0,45.5,420.0,516.8
650868,45.0,45.6,450.0,517.7
651785,51.0,45.7,510.0,518.4
652671,48.0,45.8,480.0,519.7
653640,37.0,46.0,370.0,521.3
654450,55.0,45.9,550.0,520.3
655521,51.0,46.0,510.0,521.3
656212,40.0,46.1,400.0,522.0
657162,39.0,46.1,390.0,521.9
658035,49.0,46.1,490.0,522.7
658647,36.0,46.2,360.0,523.5
659446,33.0,46.2,340.0,523.6
660079,41.0,46.2,410.0,523.3
660913,33.0,46.2,330.0,523.2
662136,58.0,46.1,580.0,522.3
663481,52.0,46.4,520.0,524.9
664254,47.0,46.4,470.0,520.2
665070,54.0,46.5,540.0,521.3
665802,42.0,46.6,420.0,522.7
666741,52.0,46.7,520.0,523.2
667636,39.0,46.9,390.0,525.2
668717,52.0,46.7,520.0,523.0
669782,41.0,46.8,410.0,524.5
670910,47.0,46.8,470.0,523.9
671747,51.0,46.7,510.0,523.7
672766,47.0,46.7,960.0,508.3
673413,42.0,46.7,420.0,513.6
674259,52.0,46.6,540.0,511.9
675303,57.0,46.4,570.0,505.5
676051,59.0,46.3,600.0,489.8
677115,55.0,46.5,550.0,492.1
678280,49.0,46.6,490.0,492.8
679071,54.0,46.6,1040.0,492.6
680127,64.0,46.8,640.0,499.6
681064,41.0,46.9,900.0,495.6
681811,48.0,46.8,480.0,500.3
683020,62.0,46.8,620.0,499.7
684035,55.0,47.1,550.0,503.0
684718,35.0,47.2,350.0,503.7
685420,49.0,47.2,490.0,503.9
686314,58.0,47.4,580.0,505.2
687451,53.0,47.7,530.0,508.3
688389,40.0,47.9,400.0,510.0
689212,54.0,47.9,540.0,510.0
689766,50.0,47.8,500.0,509.6
690647,49.0,48.0,490.0,511.1
691404,50.0,47.7,510.0,503.7
692180,41.0,47.9,410.0,505.4
693147,55.0,47.9,560.0,505.5
694047,68.0,48.0,680.0,506.2
694800,30.0,48.2,300.0,508.6
695324,34.0,47.8,340.0,504.8
696173,41.0,47.7,420.0,503.8
697330,76.0,47.7,760.0,503.4
698433,64.0,48.2,1130.0,508.8
699465,42.0,48.4,420.0,515.2
700232,49.0,48.4,490.0,515.2
700814,46.0,48.4,470.0,515.9
701644,54.0,48.3,1040.0,514.4
702447,30.0,48.4,300.0,520.9
703295,51.0,48.4,520.0,520.3
704088,45.0,48.5,450.0,521.2
704967,58.0,48.5,580.0,521.6
705665,31.0,48.4,310.0,520.7
706516,62.0,48.2,620.0,513.3
707228,49.0,48.4,490.0,515.8
707899,49.0,48.5,490.0,516.0
708882,45.0,48.5,450.0,516.1
709839,46.0,48.6,470.0,517.2
710801,38.0,48.6,380.0,517.3
711470,50.0,48.4,510.0,515.5
712206,47.0,48.5,480.0,516.1
712977,50.0,48.5,500.0,516.3
714068,53.0,48.6,530.0,517.6
715089,50.0,48.7,500.0,518.0
715961,48.0,48.7,480.0,518.5
717254,75.0,48.8,760.0,519.0
718164,54.0,49.1,540.0,522.6
718869,52.0,49.2,530.0,523.1
719618,51.0,49.2,510.0,523.3
720396,53.0,49.3,530.0,524.2
721297,47.0,49.3,470.0,524.8
721899,54.0,49.1,550.0,517.8
723138,52.0,49.1,520.0,518.1
724546,72.0,48.9,1210.0,515.8
725453,53.0,49.1,530.0,522.7
726627,59.0,49.1,600.0,522.9
727616,41.0,49.2,410.0,523.9
728761,49.0,49.2,490.0,524.0
729579,52.0,49.0,520.0,522.1
730401,51.0,49.3,510.0,524.1
731427,50.0,49.2,500.0,523.5
732597,60.0,49.3,600.0,524.2
734075,76.0,49.5,760.0,526.4
734646,32.0,49.7,320.0,528.0
735634,57.0,49.4,570.0,525.8
736275,43.0,49.5,430.0,526.6
736942,52.0,49.2,520.0,523.2
738001,61.0,49.4,610.0,525.4
738892,54.0,49.6,540.0,526.7
740050,52.0,49.6,1020.0,527.2
741019,51.0,49.7,520.0,533.2
741729,45.0,49.8,450.0,533.9
742688,50.0,49.7,500.0,533.3
743680,62.0,49.7,620.0,533.5
744333,49.0,50.0,490.0,536.0
745355,48.0,49.9,480.0,535.4
746018,36.0,49.9,360.0,535.1
746632,43.0,49.8,430.0,534.7
747447,38.0,49.9,380.0,535.1
747967,43.0,49.8,430.0,534.0
748743,56.0,49.8,560.0,534.7
749549,48.0,50.1,480.0,536.9
750361,46.0,50.1,460.0,537.6
750867,47.0,50.3,470.0,538.9
751732,44.0,50.2,440.0,537.8
752946,58.0,50.1,580.0,537.0
754651,67.0,50.2,670.0,538.1
755782,57.0,50.3,570.0,539.4
756481,40.0,50.5,400.0,540.9
757650,64.0,50.4,650.0,539.7
758431,53.0,50.6,540.0,542.3
759688,83.0,50.6,1320.0,542.5
760895,50.0,51.0,500.0,551.6
761740,59.0,51.1,590.0,551.9
762232,43.0,51.1,430.0,552.7
763188,48.0,51.1,480.0,547.4
763974,36.0,51.2,360.0,548.0
764747,63.0,51.0,630.0,546.2
765286,38.0,51.1,380.0,546.8
766202,53.0,50.8,530.0,544.6
766785,41.0,50.8,410.0,544.4
767454,30.0,50.8,300.0,543.6
768720,65.0,50.5,650.0,536.2
769690,64.0,50.5,640.0,536.3
770417,49.0,50.8,490.0,533.7
771163,59.0,50.8,590.0,533.8
771840,40.0,50.7,400.0,533.5
772544,47.0,50.6,960.0,532.0
773206,45.0,50.7,450.0,538.1
774801,73.0,50.7,730.0,537.7
775554,48.0,50.8,490.0,539.2
776364,61.0,50.8,610.0,538.8
777250,46.0,51.0,470.0,540.9
777891,34.0,50.9,340.0,540.2
778562,42.0,50.7,420.0,538.6
779318,38.0,50.7,390.0,537.9
779924,34.0,50.5,340.0,536.7
780519,55.0,50.5,550.0,536.0
781398,53.0,50.5,530.0,535.9
782537,68.0,50.3,680.0,534.4
783191,40.0,50.7,400.0,538.2
784279,43.0,50.8,430.0,538.8
785151,53.0,50.8,530.0,538.9
785993,58.0,50.6,580.0,536.6
786799,46.0,50.5,460.0,531.1
787696,55.0,50.5,550.0,531.5
788793,65.0,50.6,650.0,532.1
789544,44.0,50.8,450.0,533.9
790384,53.0,50.7,530.0,528.0
790874,34.0,50.9,350.0,530.3
791940,59.0,50.7,600.0,528.6
792584,51.0,50.9,510.0,530.1
793501,43.0,50.8,430.0,529.4
793960,28.0,50.9,280.0,530.6
794914,64.0,50.6,640.0,527.2
795737,58.0,50.7,580.0,528.7
796743,42.0,50.8,420.0,529.6
797537,62.0,50.8,620.0,529.3
798624,60.0,51.0,600.0,530.8
799266,49.0,51.2,490.0,533.0
800071,61.0,51.2,610.0,532.8
801090,42.0,51.3,420.0,534.1
802158,59.0,51.2,600.0,533.3
803094,46.0,51.3,460.0,534.0
803828,47.0,51.2,470.0,533.6
804419,46.0,51.2,460.0,533.5
805282,47.0,51.0,470.0,530.5
805923,39.0,50.9,400.0,529.8
807046,80.0,50.8,810.0,528.5
807623,50.0,51.0,500.0,531.5
808689,52.0,51.0,530.0,531.2
809405,42.0,51.1,420.0,531.8
810095,36.0,50.9,360.0,530.5
811322,61.0,50.8,620.0,528.9
812668,73.0,50.7,730.0,523.0
813671,60.0,50.9,600.0,525.0
814297,40.0,50.9,400.0,525.0
815389,63.0,50.9,630.0,524.9
816134,44.0,51.0,440.0,526.3
817058,66.0,50.9,1150.0,525.5
817918,54.0,51.1,540.0,531.9
818697,48.0,51.1,480.0,532.3
819438,41.0,51.0,410.0,531.1
820329,55.0,50.6,550.0,527.6
821000,44.0,50.9,440.0,529.9
821669,48.0,50.8,480.0,528.6
822263,47.0,50.8,480.0,529.1
822923,32.0,50.8,320.0,528.7
823459,40.0,50.5,410.0,525.8
824287,63.0,50.3,630.0,524.5
824781,39.0,50.4,400.0,520.6
825771,64.0,50.3,640.0,519.4
826423,35.0,50.5,350.0,521.3
827136,47.0,50.4,470.0,519.8
827895,53.0,50.2,530.0,518.3
828587,46.0,50.2,460.0,518.7
829089,40.0,50.2,400.0,518.5
829831,45.0,50.3,450.0,518.9
830323,48.0,50.3,490.0,519.1
831582,64.0,50.4,640.0,520.2
832171,36.0,50.6,360.0,522.3
832724,45.0,50.4,450.0,520.3
833310,44.0,50.4,440.0,520.0
834107,48.0,50.3,480.0,519.8
834840,54.0,50.4,540.0,519.9
835532,60.0,50.4,600.0,520.9
836524,59.0,50.5,600.0,521.1
837564,72.0,50.4,720.0,520.4
838424,47.0,50.5,470.0,521.9
839132,52.0,50.6,520.0,522.6
840040,58.0,50.5,580.0,521.3
840591,56.0,50.5,560.0,521.7
841441,56.0,50.3,570.0,514.1
842309,56.0,50.3,560.0,514.8
843073,49.0,50.3,490.0,514.5
843835,52.0,50.4,520.0,515.1
844268,29.0,50.4,290.0,515.5
844824,46.0,50.3,470.0,514.8
845462,59.0,50.2,590.0,513.2
846135,49.0,50.4,980.0,515.3
846707,43.0,50.3,430.0,519.8
847536,63.0,50.4,630.0,520.0
848625,76.0,50.7,760.0,523.3
849375,54.0,50.8,540.0,524.4
850155,63.0,50.7,630.0,523.4
850903,30.0,50.8,300.0,524.8
851655,50.0,50.5,500.0,521.9
852475,71.0,50.6,710.0,522.9
853020,48.0,50.9,490.0,520.4
853828,28.0,50.9,280.0,520.8
854571,52.0,50.5,520.0,516.3
855165,47.0,50.5,470.0,516.6
856210,69.0,50.4,1180.0,515.2
857433,72.0,50.6,720.0,522.3
857945,42.0,51.0,420.0,526.1
858666,46.0,51.0,460.0,526.1
859322,49.0,51.0,490.0,526.8
859915,51.0,51.2,510.0,528.3
861116,59.0,51.2,1090.0,527.9
861802,50.0,51.2,500.0,533.5
863079,72.0,51.0,720.0,531.7
864103,67.0,51.4,670.0,534.9
865151,53.0,51.6,540.0,537.3
866339,53.0,51.6,530.0,537.4
867026,48.0,51.6,480.0,536.9
867775,59.0,51.6,1080.0,537.1
869048,72.0,51.6,1210.0,542.4
869803,50.0,51.7,500.0,548.0
870904,71.0,51.7,720.0,548.5
871660,60.0,51.9,600.0,550.4
872457,51.0,52.2,510.0,552.9
873296,64.0,52.1,640.0,552.0
874054,46.0,52.2,460.0,553.3
874897,52.0,52.3,520.0,553.6
875580,52.0,52.5,520.0,556.0
876569,56.0,52.4,560.0,554.8
877087,48.0,52.4,480.0,554.6
878106,68.0,52.4,680.0,555.2
878700,47.0,52.5,470.0,555.8
879362,45.0,52.4,450.0,554.5
880696,75.0,52.3,2230.0,554.1
881519,56.0,52.4,560.0,570.3
882336,69.0,52.6,690.0,571.7
883136,67.0,52.7,670.0,572.6
883683,54.0,52.9,550.0,574.7
884676,62.0,53.0,620.0,575.5
885257,56.0,53.1,560.0,577.1
886207,50.0,53.2,500.0,578.0
886872,50.0,53.3,500.0,579.0
887835,60.0,53.0,600.0,575.9
888565,47.0,53.1,470.0,576.9
889159,43.0,53.1,430.0,576.3
889946,53.0,53.1,530.0,576.4
890642,55.0,53.3,550.0,578.1
891686,58.0,53.2,1080.0,577.4
892338,50.0,53.0,500.0,580.9
893075,57.0,53.0,570.0,579.9
893512,31.0,53.1,310.0,581.6
894244,25.0,52.8,250.0,578.4
895281,55.0,52.6,560.0,576.5
895897,33.0,52.5,330.0,570.6
896800,54.0,52.3,540.0,568.5
897476,45.0,52.4,450.0,569.1
898256,67.0,52.4,670.0,569.5
899340,61.0,52.5,620.0,570.7
900290,78.0,52.7,780.0,572.5
901429,85.0,53.0,1340.0,575.5
901939,47.0,53.4,480.0,584.1
902893,63.0,53.5,630.0,585.7
903841,52.0,53.7,520.0,587.9
904764,52.0,53.6,520.0,586.8
906064,82.0,53.8,830.0,588.0
906652,45.0,53.9,450.0,589.9
907696,50.0,54.0,500.0,590.9
908298,46.0,54.1,460.0,591.2
909061,49.0,54.0,490.0,590.5
909777,40.0,54.0,400.0,590.8
910667,52.0,54.0,520.0,590.8
911569,61.0,54.1,610.0,591.5
912330,33.0,54.2,330.0,592.7
913193,67.0,53.9,670.0,589.6
914036,66.0,54.2,670.0,592.7
915054,61.0,54.4,610.0,594.9
915570,49.0,54.6,500.0,596.6
916185,48.0,54.6,480.0,596.8
916658,35.0,54.6,360.0,596.2
917626,66.0,54.3,660.0,593.8
918574,50.0,54.4,500.0,594.4
919376,44.0,54.2,440.0,592.2
920264,71.0,54.1,1210.0,591.9
921151,39.0,54.3,400.0,598.8
921710,44.0,54.1,440.0,597.0
922238,40.0,54.0,400.0,595.8
923491,56.0,53.8,560.0,594.1
924020,35.0,53.8,350.0,594.1
925040,43.0,53.7,430.0,592.7
925639,53.0,53.6,530.0,591.8
926578,57.0,53.9,570.0,594.2
927254,42.0,54.0,420.0,595.2
927847,57.0,53.8,570.0,593.5
928853,59.0,53.9,590.0,589.4
929940,73.0,54.0,730.0,591.0
930901,66.0,54.1,660.0,592.0
931580,69.0,54.0,690.0,591.0
932612,58.0,54.2,580.0,592.5
933858,70.0,54.1,700.0,592.0
934276,36.0,54.5,360.0,596.0
935818,73.0,54.4,730.0,594.6
936501,51.0,54.4,1000.0,594.8
937162,46.0,54.4,460.0,599.9
938192,68.0,54.6,680.0,601.7
939033,68.0,54.8,680.0,603.3
939851,67.0,55.0,680.0,605.4
940701,49.0,55.0,490.0,600.4
941473,44.0,54.8,440.0,598.1
942160,49.0,54.8,490.0,598.3
943081,57.0,54.8,570.0,598.6
943838,58.0,54.9,1070.0,599.4
944446,34.0,55.0,340.0,605.0
945306,58.0,54.7,580.0,597.5
945923,56.0,54.8,560.0,598.3
946733,57.0,54.6,570.0,596.7
947505,37.0,54.5,370.0,595.7
948329,49.0,54.4,490.0,594.0
948990,53.0,54.3,530.0,593.6
949574,49.0,54.4,500.0,594.1
950863,71.0,54.3,710.0,588.3
951836,50.0,54.3,500.0,583.3
952627,50.0,54.3,500.0,583.3
953332,46.0,54.0,460.0,581.1
953828,53.0,53.9,530.0,579.7
954449,45.0,53.9,460.0,579.9
954982,47.0,53.7,480.0,578.1
955628,53.0,53.8,530.0,578.3
956349,48.0,53.8,970.0,578.4
957292,77.0,53.7,770.0,582.9
958046,46.0,53.9,460.0,585.0
958865,55.0,53.9,550.0,584.8
959703,56.0,53.8,560.0,583.5
960398,44.0,53.9,440.0,584.4
961295,54.0,53.9,540.0,584.3
962006,53.0,53.6,530.0,567.4
962786,58.0,53.6,580.0,567.1
963677,38.0,53.5,380.0,566.0
964587,58.0,53.2,580.0,563.1
965238,41.0,53.3,410.0,563.4
965954,58.0,53.0,580.0,561.3
966805,63.0,53.1,640.0,561.5
968190,78.0,53.2,780.0,562.9
968960,53.0,53.5,530.0,565.7
969472,38.0,53.4,380.0,565.0
969899,46.0,53.3,460.0,564.1
970388,44.0,53.4,440.0,564.4
970872,45.0,53.3,450.0,563.5
971572,55.0,53.2,560.0,562.5
972176,43.0,53.1,430.0,557.3
972971,57.0,53.1,570.0,556.6
973606,56.0,53.1,560.0,556.6
974462,65.0,53.3,660.0,559.1
975151,51.0,53.7,530.0,563.2
976192,85.0,53.7,850.0,562.9
976982,61.0,54.2,610.0,568.1
977767,54.0,54.3,550.0,568.8
978549,62.0,54.4,630.0,569.8
979189,53.0,54.3,530.0,569.4
980029,35.0,54.2,360.0,568.5
980975,64.0,53.8,1140.0,564.3
982191,81.0,53.6,810.0,562.3
982801,50.0,53.9,500.0,565.6
983473,63.0,53.8,630.0,564.3
984381,61.0,53.9,610.0,565.4
985261,66.0,54.0,660.0,566.3
986029,45.0,53.8,450.0,564.6
986820,54.0,53.8,540.0,564.6
987441,68.0,53.9,690.0,565.0
988455,61.0,54.1,610.0,567.3
989238,54.0,54.2,540.0,568.5
990048,53.0,54.4,540.0,569.9
990667,38.0,54.4,380.0,570.1
991382,65.0,54.1,1140.0,567.8
991912,46.0,54.4,460.0,575.9
992570,54.0,54.2,540.0,573.8
993300,57.0,54.1,570.0,572.5
994204,55.0,54.1,550.0,572.1
995145,54.0,54.1,540.0,572.6
996458,76.0,54.2,760.0,573.2
997065,45.0,54.6,450.0,577.2
997898,46.0,54.4,460.0,575.1
999033,73.0,54.4,730.0,574.7
1000250,76.0,54.6,1250.0,577.6
1001434,63.0,54.7,640.0,578.0
1002032,35.0,54.9,350.0,580.4
1002629,50.0,54.8,500.0,579.5
1003406,49.0,55.0,490.0,580.5
1003941,50.0,54.9,500.0,579.8
1004888,89.0,55.0,890.0,581.3
1005762,40.0,55.5,400.0,585.9
1006391,57.0,55.4,580.0,584.6
1006939,59.0,55.4,590.0,584.7
1007731,63.0,55.5,630.0,586.4
1008647,46.0,55.6,460.0,587.0
1009677,89.0,55.5,2880.0,585.7
1010734,66.0,55.6,660.0,607.2
1011730,62.0,55.6,630.0,607.2
1012215,52.0,55.6,520.0,606.6
1012899,60.0,55.5,610.0,606.0
1013649,48.0,55.4,480.0,605.1
1015186,81.0,55.5,810.0,606.3
1015763,50.0,55.6,510.0,607.1
1016694,54.0,55.6,1040.0,602.2
1017665,70.0,55.7,1200.0,608.0
1018276,57.0,55.7,570.0,613.2
1019329,73.0,55.6,730.0,612.1
1020149,43.0,55.6,440.0,612.6
1021027,57.0,55.6,580.0,612.1
1021755,54.0,55.7,540.0,613.5
1022467,69.0,55.8,690.0,614.0
1023271,57.0,55.9,570.0,615.2
1024097,64.0,55.9,640.0,610.2
1024669,51.0,56.2,510.0,613.2
1025528,71.0,56.1,710.0,612.5
1026760,56.0,56.2,560.0,614.0
1027541,60.0,56.2,600.0,613.9
1028646,83.0,56.5,1320.0,616.2
1030242,85.0,56.8,850.0,624.5
1031496,64.0,57.1,1130.0,627.7
1032839,80.0,57.3,800.0,634.0
1033731,71.0,57.4,710.0,634.9
1034882,77.0,57.6,770.0,637.0
1035398,63.0,57.8,640.0,639.7
1036128,55.0,58.0,550.0,641.5
1036602,52.0,58.0,520.0,641.7
1037414,49.0,58.1,490.0,642.3
1038125,47.0,58.1,470.0,642.4
1038797,61.0,58.1,610.0,641.8
1039626,52.0,58.2,520.0,638.2
1040194,35.0,57.9,350.0,635.7
1041290,62.0,57.8,620.0,634.6
1042067,64.0,57.9,640.0,635.3
1043041,76.0,58.0,760.0,636.1
1044310,86.0,58.3,860.0,639.3
1045178,66.0,58.6,660.0,642.5
1045757,55.0,58.8,560.0,643.8
1047534,87.0,58.7,870.0,643.6
1048609,68.0,59.2,680.0,648.5
1049184,36.0,59.3,360.0,649.5
1049760,40.0,59.3,400.0,649.0
1050352,60.0,59.1,600.0,647.2
1051011,51.0,59.0,510.0,646.8
1051586,46.0,58.8,460.0,644.1
1052729,80.0,58.7,800.0,643.4
1053272,53.0,59.1,530.0,647.6
1053804,51.0,59.2,510.0,648.3
1054832,72.0,59.3,2200.0,649.0
1056462,87.0,59.5,870.0,666.5
1057323,76.0,59.9,760.0,669.6
1058190,65.0,60.2,660.0,672.9
1059099,75.0,60.3,750.0,673.8
1059695,56.0,60.5,560.0,675.7
1060568,47.0,60.4,470.0,674.7
1061480,69.0,60.3,690.0,674.1
1062345,48.0,60.2,480.0,672.5
1063522,72.0,60.0,730.0,671.2
1064133,44.0,60.2,440.0,673.0
1064785,57.0,60.0,570.0,671.1
1065402,50.0,60.1,500.0,671.5
1065947,57.0,60.2,570.0,672.9
1066771,50.0,60.2,500.0,667.2
1067473,63.0,59.8,630.0,664.1
1068134,46.0,60.0,460.0,665.4
1069075,66.0,59.8,1150.0,663.7
1070343,64.0,59.9,640.0,669.1
1070896,59.0,59.8,600.0,668.9
1071662,48.0,60.0,480.0,670.4
1072517,62.0,59.9,630.0,669.8
1073089,52.0,59.9,530.0,669.2
1073772,72.0,59.8,720.0,668.4
1074740,69.0,60.0,1190.0,670.2
1075993,80.0,60.1,810.0,676.7
1076930,42.0,60.5,1900.0,681.0
1077896,53.0,60.3,530.0,688.6
1078623,60.0,60.4,600.0,689.3
1079685,69.0,60.4,690.0,689.9
1080280,52.0,60.6,530.0,691.1
1081031,50.0,60.5,500.0,690.9
1081945,60.0,60.5,600.0,690.5
1082450,46.0,60.3,460.0,688.9
1083020,47.0,60.3,470.0,689.0
1083755,55.0,60.3,550.0,689.1
1084374,42.0,60.2,420.0,687.3
1085386,73.0,59.8,730.0,679.0
1085880,32.0,59.9,320.0,679.9
1086310,45.0,59.9,460.0,679.6
1087136,44.0,59.8,440.0,679.2
1088028,75.0,59.8,760.0,678.7
1089100,56.0,60.0,560.0,681.3
1089922,80.0,59.7,810.0,678.0
1090818,56.0,60.1,560.0,682.1
1091540,49.0,60.1,490.0,681.9
1092408,61.0,60.0,1100.0,680.9
1093563,73.0,60.0,730.0,685.6
1094580,64.0,60.2,2120.0,688.3
1095204,54.0,60.0,540.0,680.7
1095653,50.0,59.9,500.0,679.5
1096488,56.0,59.8,560.0,678.2
1097204,63.0,59.8,2130.0,678.6
1098004,58.0,59.8,580.0,693.8
1098581,54.0,59.9,540.0,694.8
1099482,64.0,59.7,640.0,692.1
1100063,58.0,59.8,580.0,693.4
1100866,63.0,59.8,630.0,688.8
1101803,75.0,59.8,750.0,683.1
1102889,83.0,60.0,830.0,684.9
1103368,44.0,60.0,440.0,685.9
1104660,77.0,60.1,1270.0,685.9
1105157,44.0,60.3,440.0,692.8
1105857,61.0,60.2,610.0,691.8
1106661,50.0,60.1,500.0,691.0
1107651,78.0,60.0,780.0,690.3
1108755,68.0,60.2,1170.0,691.7
1109788,68.0,60.3,680.0,698.3
1110732,80.0,60.3,800.0,698.0
1111986,85.0,60.5,860.0,700.4
1113042,65.0,60.8,650.0,703.0
1113734,65.0,60.6,650.0,696.3
1114226,44.0,60.4,450.0,694.3
1115059,68.0,60.2,680.0,687.5
1116400,68.0,60.1,680.0,686.3
1116994,23.0,60.0,230.0,686.0
1117466,42.0,59.5,420.0,680.6
1118193,50.0,59.3,500.0,678.4
1118852,50.0,59.2,500.0,677.9
1119564,50.0,59.2,510.0,677.7
1120610,64.0,59.2,1130.0,677.9
1121360,68.0,59.4,1170.0,684.5
1121912,41.0,59.5,420.0,690.1
1123001,77.0,59.4,770.0,689.1
1123959,71.0,59.8,710.0,693.3
1125147,80.0,59.9,800.0,694.2
1125918,44.0,60.0,440.0,695.8
1126863,67.0,59.7,670.0,692.6
1127654,58.0,59.5,580.0,690.7
1128416,53.0,59.4,530.0,689.9
1129043,64.0,59.4,650.0,689.6
1130064,53.0,59.2,530.0,687.4
1130905,54.0,59.0,540.0,685.9
1131926,73.0,59.2,730.0,687.7
1132770,66.0,59.6,660.0,691.0
1133772,75.0,59.6,750.0,691.6
1134311,42.0,59.9,420.0,694.0
1134993,55.0,59.8,550.0,693.6
1135748,57.0,59.6,580.0,691.1
1136732,58.0,59.6,580.0,691.6
1137416,66.0,59.7,660.0,692.3
1138346,75.0,59.6,1730.0,676.9
1139109,67.0,59.5,670.0,685.5
1139784,48.0,59.4,480.0,684.6
1140871,78.0,59.2,780.0,682.8
1141390,43.0,59.3,430.0,683.1
1142558,76.0,59.1,760.0,681.8
1143326,65.0,59.4,650.0,684.7
1144204,67.0,59.4,670.0,684.3
1145389,80.0,59.6,810.0,686.2
1146244,58.0,59.7,590.0,687.0
1147078,62.0,59.8,630.0,688.5
1147765,69.0,59.8,690.0,689.1
1148890,67.0,60.0,670.0,691.0
1149730,43.0,60.1,430.0,692.0
1150556,80.0,60.1,800.0,691.3
1151749,77.0,60.2,770.0,693.0
1152679,58.0,60.6,580.0,696.1
1153396,71.0,60.5,710.0,690.4
1154189,44.0,60.5,450.0,691.1
1154752,60.0,60.4,610.0,689.6
1155350,49.0,60.5,500.0,690.9
1155936,57.0,60.4,570.0,689.6
1156925,79.0,60.4,790.0,690.0
1157894,65.0,60.5,1630.0,690.7
1158782,49.0,60.5,490.0,695.1
1159732,77.0,60.2,780.0,691.9
1160470,68.0,60.5,680.0,680.7
1161513,62.0,60.6,620.0,682.2
1162197,44.0,60.7,450.0,682.4
1163209,80.0,60.4,800.0,680.0
1163915,60.0,60.7,600.0,682.7
1164959,77.0,60.8,770.0,683.7
1165769,50.0,61.0,500.0,685.4
1166752,51.0,61.0,520.0,685.8
1167208,40.0,61.0,400.0,686.3
1167807,46.0,60.9,460.0,684.8
1168748,51.0,60.9,510.0,685.2
1169505,49.0,60.7,490.0,683.0
1170478,79.0,60.9,1280.0,684.7
1171378,52.0,61.2,520.0,692.9
1172033,46.0,61.3,470.0,693.7
1172939,57.0,61.0,580.0,690.8
1174230,78.0,61.0,780.0,691.0
1174698,40.0,61.0,400.0,690.7
1175333,35.0,60.8,350.0,689.1
1176414,58.0,60.7,580.0,687.7
1177101,36.0,60.7,360.0,682.5
1178385,84.0,60.3,840.0,678.8
1178992,38.0,60.5,380.0,666.0
1179973,59.0,60.4,1080.0,664.4
1180827,56.0,60.4,560.0,670.2
1182011,77.0,60.4,770.0,670.2
1182579,49.0,60.6,510.0,656.6
1183236,45.0,60.5,450.0,655.9
1183845,49.0,60.4,490.0,655.0
1185305,77.0,60.2,780.0,653.5
1186498,84.0,60.4,840.0,655.5
1187242,49.0,60.6,490.0,657.6
1187862,44.0,60.4,440.0,655.0
1188831,64.0,60.0,1140.0,651.1
1189622,59.0,60.2,590.0,658.1
1190363,67.0,60.0,670.0,651.3
1191051,49.0,60.2,490.0,653.6
1191686,55.0,60.1,550.0,652.4
1192761,73.0,60.2,740.0,652.9
1193675,62.0,60.1,620.0,652.5
1194408,55.0,60.1,1050.0,647.0
1195147,69.0,59.9,690.0,650.7
1196168,51.0,59.8,1000.0,649.6
1196989,57.0,59.5,570.0,651.0
1198398,88.0,59.4,1380.0,650.2
1199149,69.0,59.6,700.0,657.5
1200158,83.0,59.9,830.0,660.0
1201134,64.0,60.0,640.0,661.5
1201695,49.0,60.0,510.0,661.1
1202691,66.0,60.3,670.0,663.9
1203634,46.0,60.5,950.0,666.4
1204600,77.0,60.5,780.0,670.9
1205743,79.0,60.7,800.0,673.7
1206403,48.0,61.0,970.0,676.6
1207150,41.0,60.9,420.0,675.0
1208039,79.0,60.6,800.0,667.5
1208692,63.0,61.0,640.0,671.3
1209506,54.0,60.8,540.0,670.0
1210520,80.0,60.7,800.0,668.3
1211363,62.0,60.7,620.0,668.3
1212142,69.0,60.8,690.0,670.1
1213005,80.0,60.9,800.0,670.3
1213658,67.0,61.1,670.0,672.5
1215186,78.0,61.2,1290.0,673.9
1215866,32.0,61.4,320.0,680.3
1216686,67.0,61.2,670.0,678.2
1217322,65.0,61.3,650.0,679.5
1218046,38.0,61.2,380.0,678.7
1218949,75.0,60.9,750.0,675.9
1219812,63.0,60.9,640.0,675.9
1220913,76.0,61.1,1250.0,678.1
1222097,80.0,61.3,820.0,685.1
1222810,60.0,61.6,600.0,687.5
1223710,58.0,61.6,580.0,687.7
1224403,56.0,61.5,570.0,686.9
1225376,69.0,61.3,690.0,675.3
1225994,49.0,61.3,500.0,675.5
1227076,71.0,61.4,720.0,675.7
1227932,44.0,61.3,450.0,675.1
1229193,78.0,61.3,790.0,675.3
1229785,61.0,61.3,610.0,675.6
1230511,71.0,61.3,720.0,675.2
1231221,43.0,61.3,430.0,675.7
1232653,77.0,60.9,780.0,671.9
1233148,41.0,61.1,410.0,673.8
1233956,62.0,60.9,1120.0,671.6
1234779,62.0,60.8,620.0,675.9
1235249,41.0,60.8,420.0,675.4
1235974,52.0,60.8,520.0,675.3
1236874,74.0,60.5,1230.0,672.5
1237655,51.0,60.5,520.0,677.1
1238544,52.0,60.4,530.0,676.5
1239315,54.0,60.2,1030.0,674.7
1240029,40.0,60.3,410.0,680.5
1240657,36.0,60.1,360.0,678.5
1241239,42.0,60.0,420.0,677.1
1242084,72.0,59.8,720.0,675.6
1243030,74.0,59.8,750.0,674.9
1243841,77.0,59.8,770.0,666.1
1244718,61.0,60.1,610.0,668.9
1245375,56.0,60.0,580.0,667.2
1246345,65.0,59.8,650.0,666.2
1247420,74.0,59.9,1240.0,666.5
1248360,52.0,60.2,1010.0,674.4
1249274,72.0,59.9,730.0,676.5
1249741,46.0,60.0,460.0,677.8
1250823,85.0,59.7,1830.0,674.7
1251471,52.0,60.1,520.0,688.0
1252726,70.0,60.1,710.0,688.0
1253387,51.0,60.4,510.0,691.1
1254350,74.0,60.4,750.0,691.6
1255050,66.0,60.6,660.0,694.0
1255778,50.0,60.8,500.0,695.7
1256556,35.0,60.5,360.0,687.9
1257024,42.0,60.4,430.0,686.3
1258492,77.0,60.3,770.0,685.9
1259271,46.0,60.5,460.0,687.8
1260273,71.0,60.2,720.0,684.6
1260936,43.0,60.5,430.0,687.8
1262171,69.0,60.6,690.0,688.6
1262918,59.0,60.7,590.0,689.7
1263970,70.0,60.9,710.0,692.0
1264550,51.0,60.8,510.0,690.7
1264976,42.0,60.9,420.0,692.0
1265702,69.0,60.8,700.0,685.4
1266654,60.0,60.9,600.0,686.8
1267776,63.0,60.7,630.0,685.1
1268815,80.0,60.8,1290.0,686.3
1269623,62.0,61.2,620.0,694.7
1270358,43.0,61.3,430.0,696.0
1271381,61.0,61.0,1110.0,692.5
1271828,40.0,60.8,400.0,695.2
1272677,68.0,60.7,1170.0,694.3
1273514,72.0,60.9,720.0,701.6
1274870,77.0,61.0,2260.0,697.4
1275369,45.0,61.2,450.0,714.1
1276409,68.0,61.0,690.0,711.9
1276973,51.0,61.1,510.0,713.9
1277746,71.0,61.1,710.0,713.5
1278171,44.0,61.1,440.0,713.2
1279149,73.0,60.9,730.0,711.4
1279902,59.0,61.1,590.0,708.2
1280677,60.0,61.0,600.0,707.2
1281590,64.0,61.1,650.0,703.2
1282631,76.0,61.1,770.0,704.0
1283326,58.0,61.0,580.0,697.9
1283859,44.0,60.9,440.0,696.7
1284404,41.0,60.5,410.0,692.8
1285238,55.0,60.3,550.0,690.5
1286045,54.0,60.4,540.0,690.9
1287140,51.0,60.2,510.0,689.6
1288316,73.0,60.3,1220.0,685.2
1288912,46.0,60.2,460.0,689.6
1290066,63.0,59.9,640.0,686.2
1290880,43.0,60.1,920.0,682.9
1291478,38.0,60.1,380.0,687.9
1292107,58.0,59.7,580.0,683.7
1293126,52.0,59.6,520.0,683.1
1294135,67.0,59.6,670.0,682.9
1294902,60.0,59.5,610.0,681.6
1295665,64.0,59.4,1130.0,681.5
1296361,43.0,59.4,430.0,685.9
1297806,66.0,59.0,1150.0,682.2
1298579,43.0,59.0,430.0,687.0
1299197,38.0,58.7,380.0,678.4
1300266,55.0,58.7,1040.0,679.0
1300982,63.0,58.6,630.0,682.7
1301569,61.0,58.6,610.0,682.5
1302591,57.0,58.8,570.0,684.8
1303117,40.0,58.6,400.0,683.0
1303811,66.0,58.4,660.0,680.6
1304556,46.0,58.3,950.0,674.7
1305894,88.0,58.0,1370.0,676.0
1306505,46.0,58.2,460.0,683.7
1307315,64.0,58.1,640.0,682.5
1308303,71.0,58.2,710.0,683.2
1309197,59.0,58.2,590.0,683.4
1309937,72.0,58.3,1210.0,684.3
1311296,73.0,58.3,730.0,689.2
1312302,62.0,58.6,620.0,692.0
1313061,47.0,58.5,470.0,690.3
1313845,42.0,58.3,420.0,688.9
1314538,62.0,58.0,630.0,685.9
1315212,55.0,58.2,550.0,687.9
1316050,60.0,58.0,600.0,685.6
1317080,69.0,58.2,2170.0,687.5
1317726,53.0,58.3,530.0,698.0
1318575,65.0,58.2,650.0,697.1
1319673,63.0,58.4,630.0,699.4
1320375,52.0,58.5,520.0,700.5
1321311,67.0,58.3,670.0,693.4
1322161,34.0,58.5,340.0,694.9
1322805,40.0,58.3,400.0,693.0
1323540,68.0,58.2,680.0,686.7
1324324,65.0,58.4,1630.0,689.4
1325091,42.0,58.7,420.0,702.1
1325832,59.0,58.7,590.0,702.1
1326513,47.0,58.6,470.0,700.8
1327295,52.0,58.3,530.0,698.0
1328024,44.0,58.1,440.0,695.6
1328848,67.0,57.9,670.0,693.9
1329857,69.0,58.0,1670.0,694.8
1330412,44.0,58.0,440.0,705.0
1331200,35.0,57.8,350.0,697.0
1332439,75.0,57.6,2240.0,690.4
1333200,73.0,57.6,730.0,705.5
1333907,42.0,57.9,430.0,708.2
1334912,75.0,57.4,750.0,694.2
1336447,88.0,57.7,1390.0,696.5
1337400,64.0,57.9,640.0,703.3
1337953,46.0,58.0,460.0,704.6
1338692,62.0,57.7,620.0,701.7
1339824,86.0,57.7,870.0,701.3
1340865,75.0,58.0,2230.0,705.0
1341780,75.0,58.4,750.0,723.7
1342649,54.0,58.8,540.0,726.9
1343224,58.0,58.5,580.0,724.6
1344307,67.0,58.6,670.0,725.8
1345130,68.0,58.6,680.0,725.3
1345757,47.0,58.9,480.0,727.8
1346709,84.0,58.6,840.0,725.7
1347833,56.0,58.9,560.0,728.2
1348735,70.0,58.8,1190.0,726.7
1349596,67.0,58.9,670.0,733.5
1350347,61.0,59.2,610.0,736.0
1351580,78.0,59.1,1270.0,735.1
1352286,56.0,59.3,570.0,741.8
1353399,66.0,59.2,1160.0,741.2
1354518,78.0,59.1,780.0,739.9
1355455,68.0,59.2,680.0,741.5
1356961,91.0,59.5,1400.0,744.0
1358093,76.0,59.8,1250.0,746.9
1359166,66.0,60.2,660.0,755.4
1360254,74.0,60.1,740.0,750.3
1361544,79.0,60.2,790.0,750.5
1362855,95.0,60.2,2920.0,735.8
1363799,51.0,60.7,520.0,760.5
1364939,69.0,60.5,1180.0,758.8
1366022,62.0,60.7,630.0,765.5
1366586,37.0,60.6,370.0,764.7
1367194,55.0,60.5,550.0,764.0
1368283,81.0,60.3,820.0,762.2
1369580,80.0,60.6,1290.0,764.5
1370578,68.0,60.8,680.0,771.4
1371555,68.0,60.8,680.0,771.7
1372320,67.0,60.7,670.0,770.8
1373460,47.0,60.8,470.0,771.7
1374413,70.0,60.8,700.0,772.0
1375689,93.0,61.1,930.0,774.9
1376752,75.0,61.5,750.0,778.7
1377880,72.0,61.7,720.0,780.8
1379082,75.0,61.9,750.0,782.9
1380050,74.0,62.0,740.0,778.2
1380605,50.0,62.2,500.0,781.0
1381754,72.0,62.1,720.0,779.6
1382666,62.0,62.4,1600.0,777.6
1383305,53.0,62.6,530.0,789.8
1383941,51.0,62.6,510.0,789.3
1384646,69.0,62.6,700.0,789.2
1385801,72.0,62.6,1210.0,789.5
1387230,81.0,62.7,1310.0,795.5
1388129,67.0,62.9,680.0,797.3
1389029,65.0,63.1,650.0,799.8
1390120,95.0,63.1,2920.0,794.8
1391455,83.0,63.6,1320.0,819.7
1392242,62.0,64.1,620.0,829.1
1392967,63.0,64.2,630.0,824.9
1394053,71.0,64.2,720.0,824.9
1395084,73.0,64.2,730.0,826.0
1395909,56.0,64.4,560.0,827.6
1396863,67.0,64.6,670.0,829.2
1397872,59.0,64.6,590.0,829.3
1398648,57.0,64.7,570.0,825.7
1399498,65.0,64.4,650.0,817.7
1400530,81.0,64.6,820.0,819.6
1401416,69.0,64.8,690.0,821.4
1402530,78.0,64.7,1270.0,821.2
1403465,45.0,64.9,450.0,828.0
1404390,64.0,64.7,640.0,820.4
1405225,69.0,64.6,700.0,819.5
1406087,61.0,64.6,1100.0,820.3
1407485,87.0,64.8,870.0,826.6
1408401,77.0,65.2,1750.0,831.1
1409389,84.0,65.4,1330.0,842.3
1410113,55.0,65.7,550.0,850.1
1410923,56.0,65.6,560.0,849.6
1411659,59.0,65.5,610.0,833.5
1412693,71.0,65.6,710.0,834.3
1413881,75.0,65.6,750.0,834.9
1414872,81.0,65.7,810.0,836.1
1415597,45.0,66.0,450.0,839.0
1416571,68.0,65.8,680.0,836.8
1417425,51.0,66.1,510.0,840.2
1417987,42.0,66.2,430.0,841.3
1418715,66.0,66.0,670.0,838.8
1419458,60.0,66.0,600.0,829.2
1420300,61.0,66.2,1100.0,831.0
1420961,37.0,66.2,370.0,836.1
1421860,72.0,66.1,720.0,835.1
1422575,57.0,66.3,570.0,837.0
1423077,52.0,66.4,520.0,838.3
1424126,63.0,66.3,640.0,836.8
1424858,68.0,66.2,690.0,826.5
1425616,55.0,66.5,560.0,829.0
1426656,84.0,66.7,840.0,831.1
1427410,66.0,66.8,1150.0,817.1
1428147,56.0,66.7,560.0,821.3
1429031,63.0,66.8,630.0,822.6
1430174,54.0,66.7,540.0,821.4
1430937,64.0,66.4,640.0,812.9
1431575,47.0,66.4,470.0,812.9
1432228,57.0,66.4,570.0,813.0
1433016,66.0,66.3,660.0,812.5
1433817,70.0,66.1,700.0,810.4
1434564,58.0,66.1,580.0,795.1
1435295,59.0,65.9,590.0,793.4
1436111,69.0,66.0,690.0,793.9
1436864,49.0,66.1,490.0,795.0
1437767,78.0,65.9,780.0,793.2
1438737,69.0,66.0,1180.0,794.2
1439520,45.0,66.2,450.0,801.2
1440036,51.0,65.8,510.0,797.3
1441067,71.0,65.8,1200.0,796.8
1442225,61.0,65.8,610.0,796.9
1442908,61.0,65.7,610.0,796.3
1443465,58.0,65.7,580.0,796.3
1444403,66.0,65.5,660.0,789.4
1445367,68.0,65.6,1170.0,790.3
1446240,55.0,65.6,560.0,790.4
1447169,68.0,65.4,1170.0,788.2
1448271,68.0,65.4,680.0,793.1
1448729,28.0,65.2,280.0,785.9
1450006,90.0,64.7,1390.0,776.2
1450961,59.0,64.9,590.0,783.5
1452177,78.0,64.8,790.0,782.0
1452995,72.0,64.8,720.0,782.0
1454153,73.0,64.5,730.0,760.0
1454932,64.0,64.8,640.0,762.1
1456066,76.0,64.7,2240.0,756.7
1456826,73.0,64.8,730.0,772.8
1457778,71.0,65.2,720.0,776.4
1458839,78.0,65.4,780.0,778.1
1460304,76.0,65.3,760.0,777.7
1461098,66.0,65.3,660.0,772.4
1462143,81.0,65.3,820.0,772.2
1462655,52.0,65.4,520.0,773.6
1463421,64.0,65.3,640.0,772.1
1464362,58.0,65.4,580.0,773.8
1465115,60.0,65.3,600.0,772.6
1465930,49.0,65.0,490.0,769.3
1467156,81.0,64.7,810.0,766.7
1467832,74.0,64.8,740.0,767.6
1468660,74.0,64.8,750.0,767.5
1469437,64.0,64.8,640.0,767.6
1469972,48.0,64.9,480.0,769.0
1471032,67.0,64.7,670.0,766.6
1472140,65.0,64.8,650.0,757.3
1472698,46.0,64.9,460.0,758.5
1473478,55.0,64.8,550.0,758.0
1474587,62.0,64.7,1110.0,756.5
1475228,69.0,64.6,690.0,755.5
1475687,44.0,64.5,440.0,749.3
1476200,55.0,64.2,550.0,746.9
1477423,76.0,64.1,760.0,745.9
1477979,48.0,63.9,480.0,724.3
1478670,40.0,63.6,400.0,715.9
1479572,76.0,63.4,760.0,713.7
1480555,79.0,63.5,790.0,715.0
1481423,78.0,63.6,1270.0,715.7
1482315,85.0,63.6,850.0,721.1
1483170,64.0,63.9,650.0,724.0
1483942,48.0,63.9,480.0,723.8
1485102,65.0,63.8,650.0,722.7
1486317,75.0,63.9,2230.0,723.5
1487529,75.0,64.0,750.0,739.3
1488811,73.0,63.9,740.0,738.6
1489643,81.0,63.9,810.0,739.1
1490633,54.0,64.0,540.0,734.5
1491843,81.0,64.1,820.0,735.4
1492998,74.0,64.2,750.0,737.2
1493886,59.0,64.3,1570.0,737.7
1494683,42.0,64.3,420.0,742.4
1496075,57.0,63.8,570.0,737.9
1496750,49.0,63.6,490.0,726.1
1497327,62.0,63.3,620.0,717.7
1498148,55.0,63.3,560.0,718.4
1498933,71.0,63.3,710.0,718.4
1500019,65.0,63.4,1140.0,719.4
1500801,63.0,63.4,630.0,723.7
1501963,77.0,63.3,770.0,722.5
1502713,65.0,63.2,1140.0,722.1
1503600,62.0,63.4,620.0,729.0
1504102,57.0,63.4,580.0,728.4
1505153,64.0,63.4,640.0,729.1
1506264,68.0,63.6,1180.0,731.2
1506917,46.0,63.7,460.0,736.3
1507595,61.0,63.5,610.0,734.9
1508404,78.0,63.5,780.0,730.0
1509169,65.0,63.9,650.0,734.1
1510117,63.0,63.9,630.0,733.4
1511247,68.0,63.9,1170.0,734.0
1511993,77.0,64.1,770.0,740.5
1512999,67.0,64.2,670.0,741.8
1513933,74.0,64.2,750.0,741.6
1514877,77.0,64.4,780.0,743.5
1515715,82.0,64.3,820.0,742.9
1516682,75.0,64.5,750.0,739.6
1517510,68.0,64.7,680.0,741.5
1518392,66.0,64.7,660.0,742.0
1519252,72.0,64.8,720.0,743.2
1520044,73.0,64.9,1220.0,744.0
1520982,78.0,65.2,780.0,751.5
1522215,71.0,65.4,720.0,753.6
1522936,62.0,65.4,630.0,754.2
1523733,53.0,65.4,1020.0,753.5
1524693,75.0,65.3,750.0,757.9
1525791,79.0,65.5,790.0,759.5
1526640,65.0,65.6,650.0,760.5
1527189,40.0,65.7,400.0,762.1
1528260,80.0,65.4,800.0,758.3
1529025,65.0,65.5,650.0,754.5
1529817,61.0,65.7,610.0,756.5
1530735,76.0,65.8,760.0,757.5
1531725,69.0,65.8,690.0,753.1
1532727,63.0,65.9,640.0,753.9
1533873,65.0,65.9,660.0,754.2
1534842,69.0,66.0,1180.0,755.0
1535783,69.0,66.0,700.0,760.2
1536684,72.0,66.0,720.0,755.5
1537820,72.0,66.2,720.0,757.1
1538640,76.0,66.2,760.0,752.6
1539994,73.0,66.3,1710.0,753.4
1540920,71.0,66.8,710.0,767.7
1542461,81.0,66.6,810.0,760.9
1543184,51.0,66.8,510.0,763.1
1543898,67.0,66.5,670.0,760.3
1544803,75.0,66.5,750.0,759.8
1545640,57.0,66.5,570.0,760.0
1546315,41.0,66.4,410.0,759.3
1547595,83.0,66.1,1320.0,741.0
1549095,85.0,66.2,1340.0,746.9
1550308,75.0,66.3,1240.0,753.1
1551462,78.0,66.3,790.0,757.7
1552065,56.0,66.3,560.0,758.0
1553037,69.0,66.2,690.0,757.0
1554289,73.0,66.1,730.0,755.7
1555385,70.0,66.3,700.0,757.8
1556069,60.0,66.4,600.0,758.4
1557111,69.0,66.4,690.0,758.6
1557620,42.0,66.5,420.0,759.5
1558273,55.0,66.4,550.0,758.8
1559072,73.0,66.1,730.0,756.2
1560008,69.0,66.1,690.0,756.1
1561033,71.0,66.1,720.0,755.5
1561941,62.0,66.2,620.0,756.3
1562491,47.0,66.3,470.0,757.7
1563118,59.0,66.1,1080.0,755.7
1563709,53.0,66.0,530.0,760.0
1564868,77.0,66.1,1270.0,760.7
1565960,79.0,66.3,790.0,767.9
1566517,56.0,66.5,560.0,764.7
1567601,79.0,66.4,790.0,763.4
1568596,81.0,66.7,810.0,766.9
1568985,41.0,67.0,410.0,769.5
1569740,54.0,66.6,540.0,766.0
1570334,34.0,66.7,340.0,766.6
1571530,64.0,66.6,640.0,766.0
1572603,58.0,66.5,580.0,764.8
1573904,79.0,66.3,790.0,762.7
1575142,70.0,66.3,700.0,757.9
1576419,79.0,66.2,1280.0,756.4
1577415,81.0,66.3,1300.0,762.7
1578300,72.0,66.6,720.0,770.9
1578826,57.0,66.7,570.0,771.6
1579578,60.0,66.5,600.0,755.0
1580446,78.0,66.4,790.0,753.5
1581195,60.0,66.4,1090.0,754.0
1581958,72.0,66.2,720.0,756.8
1582691,68.0,66.4,680.0,758.6
1583491,71.0,66.3,710.0,757.2
1584218,54.0,66.2,540.0,756.8
1585093,63.0,66.2,630.0,746.5
1586267,74.0,66.4,740.0,748.6
1587232,67.0,66.6,1160.0,750.3
1587975,61.0,66.7,620.0,757.0
1588691,56.0,66.7,1060.0,757.0
1589950,75.0,66.7,750.0,762.0
1591259,75.0,66.8,750.0,762.4
1591971,50.0,66.9,500.0,758.5
1592572,54.0,66.8,540.0,757.2
1593571,65.0,66.5,650.0,754.9
1594503,65.0,66.5,650.0,750.0
1595240,62.0,66.6,630.0,750.3
1596549,74.0,66.6,1240.0,750.8
1597568,78.0,66.7,780.0,756.8
1598541,69.0,66.8,1180.0,752.8
1599326,70.0,67.0,700.0,760.0
1599897,62.0,67.1,620.0,760.9
1600659,48.0,67.0,480.0,759.3
1601564,68.0,66.8,680.0,757.6
1602557,71.0,66.8,1200.0,758.1
1603659,80.0,66.9,810.0,758.4
1604902,91.0,66.9,1410.0,758.8
1605377,45.0,67.1,450.0,766.2
1606098,67.0,66.8,1170.0,763.2
1606859,56.0,66.8,560.0,767.1
1608040,58.0,66.5,580.0,764.5
1608982,81.0,66.3,1300.0,762.8
1609937,75.0,66.4,750.0,769.0
1610881,71.0,66.5,720.0,769.9
1611965,80.0,66.5,1290.0,769.9
1612771,56.0,66.6,1050.0,770.6
1613381,49.0,66.4,490.0,773.3
1614680,66.0,66.2,660.0,771.0
1615699,77.0,66.2,770.0,771.3
1616628,50.0,66.4,500.0,768.8
1617312,63.0,66.2,630.0,766.3
1618417,85.0,66.0,2330.0,764.7
1619608,86.0,66.2,1840.0,781.5
1620635,77.0,66.7,770.0,795.9
1621400,54.0,66.7,540.0,795.6
1622476,73.0,66.6,730.0,794.5
1623022,45.0,66.7,450.0,795.7
1624468,67.0,66.4,670.0,792.6
1625548,68.0,66.3,680.0,792.4
1626112,39.0,66.4,390.0,792.8
1627120,80.0,66.1,800.0,790.1
1628221,56.0,66.2,560.0,786.3
1629130,69.0,66.1,1670.0,784.9
1629928,68.0,66.1,1660.0,794.4
1631483,86.0,66.0,860.0,803.8
1632313,65.0,66.1,670.0,804.8
1633285,84.0,66.1,850.0,794.4
1634304,80.0,66.2,1290.0,795.8
1635002,61.0,66.2,620.0,800.6
1635897,71.0,66.3,710.0,801.7
1636800,65.0,66.3,650.0,802.1
1637679,69.0,66.2,1670.0,801.1
1638336,60.0,66.3,600.0,812.1
1639861,72.0,66.5,730.0,814.0
1641101,76.0,66.4,760.0,808.1
1641852,71.0,66.3,1200.0,802.3
1642675,52.0,66.3,520.0,801.9
1643626,74.0,66.0,740.0,799.2
1644235,59.0,66.2,590.0,801.0
1645396,75.0,66.1,750.0,800.0
1646119,59.0,66.1,590.0,800.2
1646870,57.0,66.0,570.0,799.1
1648070,88.0,66.0,2850.0,798.8
1648846,56.0,66.2,560.0,820.4
1649533,53.0,66.3,530.0,821.8
1650417,83.0,66.3,1810.0,821.6
1651133,54.0,66.4,550.0,832.4
1652028,59.0,66.2,590.0,831.0
1652929,78.0,66.1,1760.0,829.7
1653734,66.0,66.3,660.0,841.1
1654705,74.0,66.5,1230.0,843.0
1655704,74.0,66.6,740.0,844.5
1656670,80.0,66.8,1290.0,846.6
1657577,71.0,66.9,1200.0,846.8
1658670,92.0,66.8,920.0,850.9
1659384,62.0,67.2,620.0,854.5
1660563,78.0,67.0,780.0,852.8
1661606,75.0,67.0,760.0,852.5
1663158,79.0,67.3,1280.0,856.0
1663759,53.0,67.5,530.0,863.4
1664633,80.0,67.7,2280.0,865.3
1665586,48.0,67.9,480.0,881.7
1666693,72.0,67.8,720.0,880.7
1667703,88.0,67.7,1860.0,880.0
1668423,44.0,67.9,440.0,891.6
1669505,89.0,67.6,1390.0,883.2
1670762,74.0,67.6,760.0,884.1
1671442,46.0,67.6,460.0,884.5
1672395,63.0,67.5,630.0,883.4
1673672,82.0,67.6,1330.0,883.7
1674500,70.0,67.6,700.0,889.1
1675315,60.0,67.7,600.0,885.2
1675821,48.0,67.6,970.0,884.0
1676757,80.0,67.4,800.0,886.9
1677445,51.0,67.5,510.0,887.8
1679020,86.0,67.4,1850.0,887.5
1679722,60.0,67.7,600.0,899.7
1680692,73.0,67.5,730.0,898.3
1681635,71.0,67.6,710.0,894.0
1682743,83.0,67.7,1320.0,894.9
1683604,58.0,68.0,580.0,897.5
1684396,65.0,67.8,1140.0,895.8
1685513,84.0,67.7,840.0,899.7
1686291,66.0,68.0,1150.0,903.1
1687262,75.0,68.2,750.0,909.2
1688118,70.0,68.3,700.0,910.2
1688804,48.0,68.3,480.0,910.7
1689651,63.0,68.2,640.0,909.2
1690618,60.0,68.1,600.0,903.2
1691341,67.0,67.9,1160.0,901.4
1692233,82.0,67.9,1800.0,901.2
1693188,47.0,68.0,470.0,912.2
1694208,73.0,67.8,730.0,910.7
1694902,61.0,68.1,610.0,913.2
1695994,71.0,68.0,1210.0,912.5
1696894,67.0,68.0,680.0,912.6
1697469,47.0,67.9,470.0,911.3
1698405,91.0,67.4,910.0,901.9
1699156,54.0,67.9,1030.0,906.5
1700001,64.0,67.8,640.0,905.1
1701007,79.0,67.8,800.0,905.9
1701654,52.0,68.1,520.0,908.1
1702482,71.0,67.8,710.0,900.3
1703221,61.0,67.7,1100.0,899.9
1704041,68.0,67.6,680.0,903.7
1705140,70.0,67.5,700.0,897.6
1705837,45.0,67.6,940.0,894.1
1707624,76.0,67.6,1750.0,898.6
1708768,79.0,67.7,790.0,909.5
1709893,78.0,67.7,1270.0,909.7
1710824,61.0,68.0,610.0,917.4
1711515,37.0,68.0,370.0,917.2
1712357,65.0,67.5,1150.0,897.6
1713333,75.0,67.3,750.0,890.7
1714267,80.0,67.3,1290.0,890.5
1715027,55.0,67.5,1040.0,898.0
1715568,61.0,67.4,610.0,901.1
1716484,80.0,67.5,810.0,902.7
1717176,53.0,67.6,530.0,904.1
1718128,80.0,67.5,810.0,902.6
1718849,68.0,67.9,1180.0,906.8
1719499,47.0,67.8,470.0,910.6
1720417,62.0,67.7,1110.0,909.7
1720920,57.0,67.6,570.0,904.1
1721730,66.0,67.5,1150.0,893.2
1723152,96.0,67.3,970.0,896.1
1723940,71.0,67.6,710.0,899.1
1725013,79.0,67.5,1770.0,897.7
1726070,71.0,67.5,710.0,902.5
1726774,60.0,67.6,600.0,903.4
1727818,72.0,67.5,1210.0,902.3
1728850,72.0,67.6,720.0,907.9
1729725,68.0,67.6,680.0,898.4
1730905,91.0,67.7,1400.0,899.2
1731638,55.0,67.8,550.0,905.9
1732475,76.0,67.6,770.0,903.8
1733532,92.0,67.7,920.0,899.5
1734497,91.0,68.1,910.0,903.5
1735089,46.0,68.3,460.0,905.2
1736155,91.0,68.1,910.0,903.9
1737217,80.0,68.3,800.0,905.5
1738270,63.0,68.5,630.0,907.6
1739146,92.0,68.6,1410.0,908.2
1740052,56.0,68.6,1050.0,893.8
1741074,74.0,68.6,1230.0,898.7
1741869,70.0,68.8,710.0,905.7
1742646,74.0,68.7,750.0,894.7
1744052,95.0,68.9,1440.0,896.7
1744976,90.0,69.2,910.0,905.2
1746069,87.0,69.4,1850.0,896.7
1746711,67.0,69.6,670.0,908.6
1747835,93.0,69.5,940.0,903.0
1749361,100.0,69.7,1000.0,905.0
1750428,80.0,69.9,800.0,902.1
1751284,72.0,70.0,720.0,898.1
1752384,71.0,69.8,710.0,896.1
1753268,70.0,69.9,710.0,897.0
1753789,61.0,69.8,610.0,896.3
1754409,26.0,69.6,260.0,894.8
1755026,41.0,69.1,410.0,884.6
1756074,77.0,69.0,1260.0,883.4
1757282,79.0,69.0,810.0,873.2
1758243,72.0,69.3,720.0,876.5
1759182,62.0,69.3,630.0,876.5
1760035,65.0,69.0,660.0,864.2
1761091,94.0,69.2,2430.0,866.4
1761748,61.0,69.3,610.0,876.8
1762300,63.0,69.2,630.0,875.3
1763187,54.0,69.3,540.0,877.0
1764245,71.0,69.2,720.0,876.1
1765179,87.0,69.1,870.0,870.0
1766334,81.0,69.3,820.0,871.7
1767091,60.0,69.5,600.0,873.9
1768027,85.0,69.6,850.0,870.2
1768765,48.0,69.7,480.0,870.7
1769792,75.0,69.6,750.0,870.4
1770943,86.0,69.5,1350.0,859.4
1772069,76.0,69.8,760.0,866.9
1773082,83.0,69.8,1810.0,867.2
1774162,82.0,69.9,820.0,878.2
1775159,63.0,69.9,630.0,873.2
1776209,91.0,70.0,910.0,873.7
1776763,59.0,70.2,600.0,871.4
1777853,78.0,70.0,1270.0,869.0
1778604,63.0,70.1,630.0,870.2
1779674,78.0,70.0,780.0,869.0
1780775,83.0,70.1,840.0,869.8
1781800,59.0,70.4,1080.0,873.4
1782998,94.0,70.4,950.0,877.8
1783869,91.0,70.7,910.0,881.3
1784487,63.0,71.0,630.0,878.8
1784995,45.0,70.8,460.0,867.1
1785889,80.0,70.8,810.0,867.0
1787080,54.0,70.8,540.0,867.8
1788121,72.0,70.8,720.0,867.1
1789239,70.0,70.8,700.0,862.2
1790189,81.0,70.8,820.0,862.4
1791410,83.0,71.1,830.0,865.9
1792246,60.0,71.0,600.0,865.1
1793362,72.0,71.1,1210.0,860.8
1794202,81.0,71.2,1320.0,866.5
1795070,77.0,71.2,780.0,871.7
1796070,84.0,71.5,1340.0,874.3
1797106,71.0,71.6,710.0,880.6
1797832,72.0,71.7,720.0,876.7
1798723,62.0,71.7,1120.0,877.1
1799588,54.0,71.6,1030.0,881.3
1800490,82.0,71.7,820.0,882.2
1801092,41.0,71.8,410.0,872.9
1802252,58.0,71.4,580.0,869.1
1803248,89.0,71.2,890.0,862.2
1804231,90.0,71.5,1390.0,865.0
1805563,85.0,72.0,850.0,875.2
1806552,90.0,72.2,910.0,872.2
1808140,73.0,72.4,1230.0,873.8
1809235,66.0,72.3,660.0,873.2
1810194,78.0,72.4,780.0,869.4
1811346,84.0,72.6,850.0,871.1
1812311,74.0,72.6,1230.0,871.5
1813058,67.0,72.8,1160.0,878.5
1813858,71.0,72.7,710.0,882.0
1814587,35.0,72.7,350.0,877.3
1816053,79.0,72.6,790.0,876.1
1816885,72.0,72.8,720.0,872.9
1817811,85.0,72.9,850.0,874.4
1818911,85.0,73.1,1340.0,871.4
1819966,77.0,73.0,790.0,875.1
1820782,39.0,73.1,390.0,875.9
1821738,80.0,72.7,810.0,862.1
1822632,67.0,72.8,680.0,863.1
1823591,74.0,72.8,750.0,863.9
1824123,60.0,72.9,600.0,859.3
1825155,74.0,72.7,740.0,858.1
1826024,63.0,72.8,630.0,858.7
1826896,83.0,72.5,840.0,851.0
1828264,87.0,72.8,880.0,853.9
1829448,75.0,72.9,760.0,855.0
1830426,73.0,72.7,730.0,853.4
1831450,73.0,72.6,740.0,851.6
1832293,85.0,72.8,1340.0,854.4
1833086,85.0,72.8,870.0,858.7
1833984,58.0,72.8,1070.0,859.4
1834781,69.0,72.8,690.0,863.8
1836093,73.0,72.5,1220.0,856.6
1836968,76.0,72.7,770.0,858.3
1838051,77.0,72.7,770.0,853.7
1838652,56.0,72.8,560.0,854.3
1839395,69.0,72.6,690.0,852.4
1840890,81.0,72.4,810.0,844.9
1841942,95.0,72.3,950.0,843.9
1842899,83.0,72.4,840.0,834.9
1843724,70.0,72.5,700.0,836.6
1845466,82.0,72.3,840.0,834.2
1846621,68.0,72.1,680.0,832.6
1847869,89.0,72.0,1390.0,831.4
1849040,87.0,72.2,880.0,838.1
1849851,73.0,72.3,1230.0,839.8
1850756,83.0,72.3,830.0,845.0
1851621,63.0,72.6,630.0,847.2
1852272,41.0,72.9,410.0,850.9
1853469,58.0,72.9,590.0,850.9
1854191,44.0,72.7,440.0,844.2
1855169,85.0,72.4,850.0,840.5
1855876,60.0,72.5,600.0,841.8
1856586,53.0,72.5,530.0,841.5
1857411,48.0,72.4,480.0,840.2
1858547,65.0,71.9,1150.0,820.7
1859482,67.0,72.0,690.0,826.1
1860676,70.0,72.0,700.0,826.7
1861576,83.0,72.2,830.0,828.3
1862451,70.0,72.3,710.0,829.4
1864004,75.0,72.1,1250.0,827.8
1864727,67.0,72.0,670.0,832.1
1865820,80.0,72.1,1290.0,832.8
1866815,78.0,72.1,1270.0,837.2
1867807,61.0,72.4,620.0,845.1
1868876,79.0,72.2,1280.0,843.8
1869509,68.0,72.2,1170.0,843.1
1870634,70.0,72.1,700.0,847.2
1871754,84.0,72.0,850.0,836.1
1872655,72.0,72.0,720.0,836.4
1873712,66.0,72.1,670.0,837.3
1874741,80.0,71.8,800.0,834.9
1875790,88.0,72.0,890.0,836.9
1876605,80.0,72.1,800.0,833.1
1877471,68.0,72.3,680.0,834.8
1878620,83.0,72.2,840.0,833.8
1879585,68.0,72.2,680.0,833.8
1880772,98.0,72.3,980.0,829.8
1881902,89.0,72.3,890.0,830.1
1882979,73.0,72.3,740.0,829.9
1884051,81.0,72.4,810.0,831.0
1884857,67.0,72.8,680.0,834.5
1885750,87.0,72.6,870.0,833.2
1886997,88.0,73.0,880.0,836.5
1888081,92.0,73.1,920.0,838.1
1889154,84.0,73.3,840.0,840.3
1890198,75.0,73.4,1240.0,840.5
1890995,69.0,73.3,1180.0,844.6
1891673,80.0,73.4,800.0,850.4
1892828,87.0,73.5,880.0,846.3
1893979,79.0,73.5,800.0,841.9
1895300,77.0,73.5,1270.0,842.1
1896044,81.0,73.5,810.0,841.4
1897231,90.0,73.6,900.0,842.4
1898366,92.0,73.8,1410.0,844.2
1899334,77.0,74.0,770.0,847.1
1900203,87.0,74.3,870.0,844.5
1901023,82.0,74.3,830.0,845.0
1902063,72.0,74.7,720.0,849.2
1903307,81.0,74.9,810.0,850.6
1904091,71.0,74.8,710.0,849.8
1904858,59.0,74.6,590.0,843.0
1905717,89.0,74.4,890.0,840.4
1906531,65.0,74.3,1140.0,840.2
1907550,90.0,74.3,1400.0,839.3
1908314,78.0,74.5,790.0,846.7
1909326,85.0,74.5,860.0,846.8
1910289,81.0,74.5,1300.0,846.9
1911449,77.0,74.6,1270.0,847.6
1912479,91.0,74.7,910.0,848.7
1913286,82.0,74.9,2310.0,850.7
1914585,92.0,75.4,920.0,870.3
1915569,85.0,75.5,850.0,871.6
1916482,58.0,75.6,580.0,872.9
1917582,74.0,75.3,740.0,870.2
1918589,80.0,75.2,1300.0,864.2
1919630,90.0,75.3,910.0,869.3
1920768,92.0,75.8,920.0,874.5
1921622,83.0,75.9,830.0,875.6
1922618,80.0,76.0,810.0,877.1
1924001,80.0,76.1,1290.0,877.7
1925594,89.0,76.3,4360.0,884.6
1926372,78.0,76.5,1280.0,920.8
1927166,72.0,76.6,720.0,927.3
1927918,64.0,76.5,640.0,926.1
1929303,96.0,76.3,1450.0,923.7
1930291,79.0,76.5,790.0,930.6
1931155,79.0,76.5,790.0,931.2
1932244,77.0,76.6,1260.0,931.7
1933209,90.0,76.5,910.0,930.9
1934185,67.0,76.6,670.0,931.3
1935456,98.0,76.7,980.0,927.3
1936476,88.0,77.0,890.0,930.2
1937396,83.0,77.1,830.0,926.9
1938207,80.0,77.2,820.0,927.5
1939249,91.0,77.2,910.0,928.0
1939961,82.0,77.6,820.0,931.5
1941028,85.0,77.7,1340.0,932.8
1941894,34.0,77.7,340.0,938.1
1942679,61.0,77.1,610.0,932.0
1943639,69.0,76.9,690.0,929.7
1944764,85.0,76.9,850.0,929.6
1946028,85.0,76.9,850.0,929.7
1947370,93.0,77.1,940.0,931.4
1948648,87.0,77.1,870.0,926.9
1949322,65.0,77.1,660.0,926.8
1950104,77.0,77.0,770.0,921.1
1951247,84.0,77.0,2320.0,920.5
1952144,83.0,77.2,840.0,937.4
1952870,70.0,77.6,1190.0,941.7
1953759,89.0,77.7,900.0,947.7
1954997,90.0,78.2,1880.0,952.3
1956219,83.0,78.2,830.0,962.6
1957322,71.0,78.5,1200.0,964.9
1958490,82.0,78.6,830.0,971.6
1959348,71.0,79.0,1210.0,975.1
1960119,61.0,79.0,610.0,975.7
1961221,70.0,79.0,700.0,974.9
1961932,74.0,79.0,750.0,974.9
1962931,85.0,78.9,860.0,974.1
1963722,78.0,79.0,780.0,975.6
1964262,49.0,79.1,490.0,970.9
1965187,81.0,78.9,820.0,969.1
1966190,77.0,78.9,1270.0,964.4
1967015,81.0,78.9,820.0,964.4
1968005,84.0,79.1,2330.0,966.4
1969413,89.0,79.1,900.0,976.9
1970287,58.0,79.4,580.0,974.2
1971114,78.0,79.2,780.0,973.0
1972545,89.0,79.2,1380.0,972.3
1973150,44.0,79.3,440.0,978.9
1974418,92.0,79.1,2400.0,976.6
1975236,77.0,79.2,770.0,992.6
1976121,70.0,79.1,700.0,991.4
1977145,89.0,79.0,1380.0,990.4
1978202,89.0,79.2,900.0,997.4
1978934,65.0,79.3,650.0,998.0
1979713,62.0,79.3,620.0,997.7
1980463,81.0,78.9,810.0,994.1
1981369,81.0,78.8,1300.0,993.3
1982361,65.0,78.9,1140.0,998.9
1983293,80.0,78.8,800.0,1002.2
1984275,91.0,78.9,910.0,1003.4
1985174,75.0,78.9,760.0,1003.8
1986048,36.0,78.8,360.0,1002.6
1987929,88.0,78.2,880.0,997.0
1988765,62.0,78.3,620.0,997.4
1989476,69.0,78.1,700.0,991.2
1990577,82.0,78.1,830.0,986.4
1991305,63.0,78.2,630.0,986.7
1992628,84.0,77.9,1820.0,984.2
1993465,44.0,78.0,440.0,994.4
1994939,88.0,77.6,1370.0,986.1
1996099,91.0,77.7,1410.0,991.7
1996896,71.0,77.7,710.0,996.8
1998116,96.0,77.5,960.0,989.8
1999118,82.0,77.7,830.0,991.7
