2372,3.0,,3.0,
4770,9.0,,7.0,
7173,-5.0,,-5.0,
9534,0.0,,0.0,
11923,1.0,,-1.0,
14302,6.0,,3.0,
16681,4.0,,2.0,
19064,2.0,,0.0,
21447,2.0,,4.0,
23835,2.0,,0.0,
26218,1.0,,4.0,
28593,5.0,,2.0,
30983,0.0,,2.0,
33375,3.0,,0.0,
35743,-3.0,,-3.0,
38123,6.0,,6.0,
40514,4.0,,2.0,
42922,-2.0,,-1.0,
45305,5.0,,4.0,
47659,2.0,,4.0,
50035,-2.0,,0.0,
52415,3.0,,5.0,
54795,-2.0,,-1.0,
57163,-2.0,,-1.0,
59555,3.0,,7.0,
61942,5.0,,5.0,
64312,9.0,,8.0,
66703,-3.0,,-9.0,
69081,9.0,,3.0,
71471,1.0,,1.0,
73852,-7.0,,-14.0,
76237,-4.0,,-4.0,
78617,0.0,,2.0,
80993,-1.0,,1.0,
83384,1.0,,1.0,
85758,7.0,,10.0,
88137,4.0,,2.0,
90520,-4.0,,3.0,
92887,-3.0,,-1.0,
95258,1.0,,-3.0,
97628,-4.0,,-5.0,
99979,2.0,,6.0,
102383,4.0,,3.0,
104777,-1.0,,-4.0,
107157,0.0,,1.0,
109534,9.0,,9.0,
111914,2.0,,2.0,
114285,-2.0,,-5.0,
116658,3.0,,4.0,
119051,3.0,,2.0,
121449,3.0,,2.0,
123809,1.0,,-1.0,
126197,5.0,,0.0,
128585,2.0,,5.0,
130964,3.0,,2.0,
133359,2.0,,1.0,
135737,1.0,,5.0,
138116,12.0,,12.0,
140511,5.0,,3.0,
142854,1.0,,0.0,
145235,1.0,,2.0,
147616,6.0,,6.0,
150015,4.0,,0.0,
152372,-2.0,,0.0,
154737,-3.0,,-2.0,
157106,4.0,,3.0,
159499,1.0,,-4.0,
161857,5.0,,5.0,
164247,1.0,,1.0,
166636,8.0,,6.0,
168995,4.0,,1.0,
171373,9.0,,6.0,
173749,14.0,,15.0,
176114,6.0,,2.0,
178486,0.0,,-1.0,
180859,9.0,,10.0,
183245,4.0,,3.0,
185614,-3.0,,-5.0,
188003,3.0,,3.0,
190374,-4.0,,-3.0,
192729,11.0,,9.0,
195123,-4.0,,-1.0,
197479,5.0,,3.0,
199841,12.0,,15.0,
202205,11.0,,15.0,
204595,4.0,,3.0,
206967,10.0,,7.0,
209347,2.0,,-2.0,
211727,1.0,,0.0,
214105,1.0,,1.0,
216505,9.0,,13.0,
218878,4.0,,5.0,
221272,3.0,,4.0,
223656,1.0,,4.0,
226036,2.0,,1.0,
228416,15.0,,13.0,
230797,5.0,,6.0,
233201,7.0,,5.0,
235576,12.0,,12.0,
237958,11.0,,12.0,
240361,-3.0,3.0,1.0,2.6
242721,14.0,2.9,13.0,2.6
245080,3.0,3.0,1.0,2.7
247457,0.0,3.1,-2.0,2.7
249844,17.0,3.1,18.0,2.7
252229,5.0,3.2,5.0,2.9
254592,17.0,3.2,21.0,2.9
256972,8.0,3.4,9.0,3.1
259350,5.0,3.4,5.0,3.2
261727,3.0,3.4,0.0,3.2
264105,17.0,3.4,18.0,3.2
266486,6.0,3.6,8.0,3.4
268873,6.0,3.6,4.0,3.4
271263,0.0,3.7,0.0,3.4
273642,1.0,3.6,0.0,3.4
276039,15.0,3.7,20.0,3.5
278400,-4.0,3.8,0.0,3.6
280770,10.0,3.7,13.0,3.6
283147,6.0,3.8,8.0,3.7
285516,15.0,3.8,11.0,3.8
287907,15.0,4.0,13.0,3.8
290287,10.0,4.1,9.0,4.0
292662,13.0,4.2,11.0,4.0
295030,0.0,4.4,5.0,4.1
297406,17.0,4.4,20.0,4.2
299799,6.0,4.5,7.0,4.3
302200,1.0,4.5,0.0,4.3
304575,-2.0,4.4,1.0,4.2
306973,23.0,4.4,23.0,4.4
309363,15.0,4.6,19.0,4.6
311744,4.0,4.7,0.0,4.7
314112,3.0,4.8,-1.0,4.9
316491,11.0,4.9,9.0,4.9
318868,10.0,5.0,10.0,5.0
321270,6.0,5.1,4.0,5.1
323631,17.0,5.2,13.0,5.1
326037,-1.0,5.3,0.0,5.1
328406,1.0,5.2,-2.0,5.1
330808,9.0,5.3,8.0,5.0
333167,10.0,5.4,9.0,5.1
335555,27.0,5.5,37.0,5.3
337947,26.0,5.8,24.0,5.7
340317,22.0,6.0,22.0,5.9
342712,13.0,6.2,19.0,6.0
345068,2.0,6.4,2.0,6.3
347431,15.0,6.4,22.0,6.3
349801,12.0,6.4,14.0,6.4
352199,3.0,6.5,3.0,6.5
354576,7.0,6.6,3.0,6.6
356953,3.0,6.6,1.0,6.6
359353,18.0,6.6,26.0,6.6
361755,17.0,6.8,14.0,6.8
364134,12.0,6.9,8.0,7.0
366500,18.0,7.0,22.0,7.1
368888,12.0,7.2,16.0,7.2
371259,1.0,7.3,2.0,7.4
373644,13.0,7.2,6.0,7.4
376011,18.0,7.4,21.0,7.4
378406,14.0,7.4,17.0,7.5
380777,7.0,7.5,8.0,7.6
383159,7.0,7.6,5.0,7.7
385543,4.0,7.6,1.0,7.7
387937,20.0,7.6,21.0,7.7
390322,8.0,7.8,11.0,7.9
392712,19.0,7.9,20.0,8.0
395083,32.0,8.1,31.0,8.2
397459,18.0,8.4,22.0,8.5
399844,2.0,8.6,1.0,8.8
402210,34.0,8.5,28.0,8.7
404585,27.0,8.8,30.0,9.0
406982,24.0,9.0,29.0,9.2
409354,15.0,9.2,16.0,9.5
411716,8.0,9.3,5.0,9.6
414099,22.0,9.2,21.0,9.5
416480,23.0,9.4,26.0,9.7
418861,22.0,9.6,23.0,10.0
421256,19.0,9.8,22.0,10.1
423653,3.0,9.9,6.0,10.3
426063,37.0,10.0,46.0,10.4
428455,27.0,10.3,33.0,10.8
430837,-4.0,10.6,0.0,11.2
433213,17.0,10.5,24.0,11.1
435574,6.0,10.7,5.0,11.4
437941,12.0,10.7,2.0,11.4
440333,23.0,10.7,27.0,11.2
442710,30.0,10.8,35.0,11.4
445077,12.0,11.1,12.0,11.7
447470,8.0,11.1,13.0,11.7
449855,20.0,11.2,20.0,11.9
452235,12.0,11.3,12.0,12.1
454619,5.0,11.4,1.0,12.2
457010,28.0,11.4,32.0,12.1
459398,20.0,11.6,24.0,12.4
461521,37.0,11.8,49.0,12.6
463900,13.0,12.2,20.0,13.0
466309,32.0,12.3,42.0,13.2
468681,4.0,12.5,4.0,13.5
471060,8.0,12.4,3.0,13.5
473434,32.0,12.5,34.0,13.4
475826,29.0,12.7,38.0,13.7
478218,16.0,12.8,15.0,13.9
480596,6.0,13.0,6.0,14.1
482963,15.0,13.0,14.0,14.0
485355,21.0,13.1,25.0,14.1
487738,20.0,13.3,21.0,14.4
490118,13.0,13.3,7.0,14.4
492498,25.0,13.4,30.0,14.4
494887,31.0,13.5,37.0,14.5
497284,22.0,13.7,27.0,14.8
499665,7.0,13.9,0.0,15.0
502044,15.0,13.9,16.0,15.0
504424,5.0,13.9,-1.0,15.0
506826,21.0,13.9,28.0,14.9
509223,12.0,14.0,12.0,15.2
511563,20.0,14.2,29.0,15.3
513938,9.0,14.3,3.0,15.6
516295,16.0,14.3,19.0,15.4
518686,29.0,14.5,27.0,15.6
521054,25.0,14.7,29.0,15.7
523431,24.0,14.9,33.0,15.9
525811,16.0,15.0,18.0,16.2
528204,27.0,15.0,39.0,16.2
530594,31.0,15.1,38.0,16.5
532960,9.0,15.3,5.0,16.8
535132,30.0,15.4,43.0,16.8
537533,37.0,15.5,45.0,17.0
539912,27.0,15.8,34.0,17.4
542293,22.0,16.1,25.0,17.7
544682,29.0,16.3,36.0,18.0
547064,36.0,16.4,48.0,18.1
549457,26.0,16.6,34.0,18.4
551839,20.0,16.8,20.0,18.7
554241,26.0,17.0,29.0,18.9
556616,14.0,17.2,13.0,19.1
558987,23.0,17.2,27.0,19.2
561367,25.0,17.4,28.0,19.4
563762,26.0,17.4,26.0,19.6
566131,24.0,17.7,34.0,19.8
568516,19.0,17.9,17.0,20.2
570895,18.0,18.0,18.0,20.3
573270,22.0,18.1,23.0,20.4
575638,35.0,18.1,39.0,20.2
577994,45.0,18.2,57.0,20.4
580386,42.0,18.4,43.0,20.7
582788,37.0,18.7,28.0,21.0
585180,34.0,19.0,50.0,21.2
586682,43.0,19.2,58.0,21.5
589075,22.0,19.5,29.0,21.9
591469,36.0,19.7,32.0,22.2
593861,19.0,20.0,21.0,22.5
596254,45.0,20.2,59.0,22.7
598633,20.0,20.4,28.0,23.0
600945,49.0,20.5,61.0,23.2
603328,29.0,20.8,34.0,23.7
605685,52.0,21.0,65.0,23.8
608078,23.0,21.4,24.0,24.3
610432,42.0,21.6,41.0,24.5
612814,30.0,21.9,36.0,24.9
615194,47.0,22.0,59.0,25.0
617583,26.0,22.3,42.0,25.4
619959,26.0,22.5,31.0,25.8
622331,40.0,22.7,45.0,26.0
624692,37.0,23.0,42.0,26.5
627071,19.0,23.2,21.0,26.7
629460,44.0,23.3,55.0,26.8
631849,48.0,23.6,60.0,27.1
634211,17.0,23.7,18.0,27.4
636600,41.0,23.7,46.0,27.4
638683,52.0,24.1,60.0,27.8
640780,47.0,24.3,60.0,28.2
643169,36.0,24.5,45.0,28.4
645025,43.0,24.6,67.0,28.6
647425,32.0,24.9,38.0,29.1
649801,32.0,25.1,42.0,29.4
652164,39.0,25.2,41.0,29.7
654543,57.0,25.4,62.0,29.8
656910,26.0,25.8,33.0,30.2
659279,36.0,25.8,50.0,30.3
661209,39.0,26.2,52.0,30.8
662954,40.0,26.2,53.0,30.8
665351,33.0,26.3,28.0,31.0
667713,50.0,26.7,58.0,31.3
670107,33.0,27.0,43.0,31.6
672076,49.0,27.3,63.0,32.0
674301,52.0,27.6,69.0,32.6
676495,39.0,27.9,43.0,33.0
678890,45.0,28.0,54.0,33.1
681267,33.0,28.4,41.0,33.5
683647,18.0,28.6,17.0,33.8
685567,44.0,28.6,63.0,33.8
687496,43.0,28.9,68.0,34.3
689883,51.0,29.3,60.0,35.0
691907,27.0,29.5,42.0,35.2
693902,36.0,29.6,52.0,35.4
696285,30.0,29.6,34.0,35.5
698353,50.0,29.7,57.0,35.6
700610,57.0,29.9,65.0,35.8
702216,52.0,30.4,69.0,36.4
704607,28.0,30.9,30.0,37.0
706947,45.0,30.8,51.0,37.0
708566,52.0,31.0,75.0,37.1
710475,49.0,31.4,66.0,37.7
712731,45.0,31.8,59.0,38.3
714317,48.0,32.1,69.0,38.8
716140,62.0,32.4,75.0,39.2
718461,46.0,32.8,65.0,39.7
720612,53.0,33.1,70.0,40.3
722979,32.0,33.4,44.0,40.7
725342,37.0,33.4,40.0,40.8
727726,32.0,33.6,33.0,40.9
730105,21.0,33.8,28.0,41.2
731876,69.0,33.9,82.0,41.4
733882,61.0,34.5,73.0,42.2
736171,58.0,34.9,65.0,42.6
737898,59.0,35.4,74.0,43.2
739987,53.0,35.8,67.0,43.6
742395,40.0,36.2,50.0,44.3
744269,43.0,36.4,59.0,44.6
745686,50.0,36.6,74.0,44.9
747262,60.0,36.8,70.0,45.4
749581,51.0,37.2,66.0,45.7
751182,55.0,37.5,75.0,46.2
752721,50.0,37.8,70.0,46.6
754653,53.0,38.0,63.0,46.9
756812,50.0,38.4,71.0,47.5
758655,51.0,38.6,62.0,47.7
760413,51.0,38.8,65.0,47.9
762181,59.0,39.0,79.0,48.2
763551,60.0,39.4,75.0,48.8
764954,57.0,39.7,80.0,49.2
766493,59.0,39.9,80.0,49.5
768483,48.0,40.2,65.0,49.9
769711,48.0,40.5,78.0,50.4
771650,53.0,40.8,75.0,50.9
773352,42.0,41.1,56.0,51.5
775146,48.0,41.3,62.0,51.8
777038,49.0,41.6,55.0,52.1
778798,42.0,41.8,65.0,52.4
780380,43.0,42.0,62.0,52.7
781594,53.0,42.2,81.0,53.2
783895,37.0,42.6,54.0,53.8
786169,51.0,42.7,59.0,54.1
787540,46.0,42.9,67.0,54.3
789519,39.0,42.9,51.0,54.4
791264,48.0,42.8,65.0,54.5
793183,57.0,43.0,71.0,54.9
794838,42.0,43.2,53.0,55.1
797234,38.0,43.2,38.0,55.0
798887,50.0,43.3,65.0,55.1
800204,51.0,43.5,62.0,55.4
801186,44.0,43.8,65.0,55.8
802878,44.0,43.8,62.0,55.9
804368,59.0,44.0,76.0,56.2
806127,49.0,44.1,56.0,56.4
807451,50.0,44.3,73.0,56.6
809464,46.0,44.3,62.0,56.7
811604,63.0,44.5,77.0,57.1
813043,51.0,44.8,59.0,57.4
814437,63.0,45.0,87.0,57.7
815860,51.0,45.1,71.0,58.0
817046,55.0,45.4,76.0,58.2
818812,50.0,45.7,66.0,58.7
820260,40.0,45.8,57.0,58.9
822623,40.0,45.8,39.0,59.0
824160,46.0,46.0,63.0,59.2
825853,43.0,46.0,62.0,59.3
827464,45.0,46.0,67.0,59.3
828914,59.0,46.2,76.0,59.8
830376,56.0,46.4,78.0,60.1
831573,54.0,46.5,69.0,60.3
833295,44.0,46.5,63.0,60.4
834782,52.0,46.6,72.0,60.6
836736,59.0,46.7,67.0,60.6
838270,58.0,47.0,75.0,60.9
839769,52.0,47.2,68.0,61.2
842115,56.0,47.4,67.0,61.5
843621,60.0,47.4,73.0,61.6
844971,58.0,47.7,75.0,62.0
846181,54.0,47.9,84.0,62.2
847651,72.0,48.1,86.0,62.5
848692,61.0,48.4,85.0,62.9
849918,60.0,48.7,83.0,63.4
852307,37.0,48.8,40.0,63.7
853723,46.0,48.8,74.0,63.6
855234,49.0,48.8,58.0,63.8
856730,47.0,48.8,73.0,63.6
857435,51.0,48.8,92.0,64.0
858386,36.0,48.9,67.0,64.3
859852,49.0,48.9,75.0,64.6
860976,45.0,49.2,71.0,65.2
862132,59.0,49.2,85.0,65.2
864000,58.0,49.4,75.0,65.4
865188,48.0,49.5,72.0,65.6
866663,48.0,49.7,70.0,65.9
868512,66.0,49.8,80.0,66.0
870257,52.0,50.2,74.0,66.5
871897,35.0,50.2,48.0,66.7
873044,47.0,50.0,74.0,66.5
874536,43.0,49.9,62.0,66.6
876102,45.0,50.1,62.0,66.9
877343,41.0,50.1,67.0,67.0
878520,43.0,50.0,65.0,66.9
880004,37.0,49.9,65.0,66.9
881316,52.0,49.8,70.0,67.0
882471,42.0,49.8,62.0,67.0
883793,47.0,49.6,63.0,66.8
885031,50.0,49.7,75.0,66.8
886462,58.0,49.6,80.0,66.9
887672,50.0,49.9,64.0,67.2
889025,54.0,50.0,80.0,67.5
889993,60.0,50.2,83.0,67.9
891174,70.0,50.6,84.0,68.5
892713,59.0,50.6,73.0,68.5
893915,71.0,50.6,85.0,68.5
895237,61.0,50.8,85.0,68.7
896581,75.0,50.8,91.0,68.8
897884,66.0,51.0,77.0,69.1
899132,70.0,51.2,88.0,69.3
900775,64.0,51.5,78.0,69.6
902163,69.0,51.7,84.0,69.7
903610,72.0,51.8,84.0,69.8
904935,62.0,52.0,75.0,70.0
905991,54.0,52.0,73.0,70.0
906926,68.0,52.1,89.0,70.0
908111,59.0,52.2,77.0,70.3
909312,55.0,52.3,69.0,70.3
910730,58.0,52.4,83.0,70.4
911472,56.0,52.4,88.0,70.6
912733,53.0,52.4,75.0,70.7
914034,50.0,52.3,71.0,70.7
915044,57.0,52.2,86.0,70.6
915876,52.0,52.2,86.0,70.6
917060,58.0,52.3,82.0,70.8
918102,54.0,52.4,72.0,70.9
919417,56.0,52.4,75.0,70.9
920499,51.0,52.5,71.0,71.0
921478,47.0,52.6,76.0,71.1
922291,47.0,52.5,73.0,71.4
923338,50.0,52.6,78.0,71.4
924376,44.0,52.6,66.0,71.6
925662,47.0,52.6,68.0,71.4
926850,57.0,52.7,72.0,71.6
928122,59.0,52.7,76.0,71.7
929313,58.0,52.8,70.0,71.8
930246,61.0,53.0,84.0,72.0
931248,61.0,53.2,86.0,72.2
932222,73.0,53.2,90.0,72.3
933477,62.0,53.5,77.0,72.7
934575,48.0,53.8,63.0,73.1
935953,61.0,53.7,79.0,73.1
937202,53.0,53.8,62.0,73.2
938140,56.0,53.9,76.0,73.2
939560,46.0,54.0,66.0,73.4
941016,44.0,53.9,68.0,73.2
942210,68.0,53.9,82.0,73.4
943478,64.0,54.0,79.0,73.5
944934,47.0,54.2,73.0,73.6
945836,65.0,54.1,88.0,73.6
946696,62.0,54.2,92.0,73.9
947418,65.0,54.2,86.0,73.9
948516,62.0,54.3,78.0,74.1
949304,50.0,54.4,75.0,74.1
950306,51.0,54.4,80.0,74.2
951176,55.0,54.5,81.0,74.4
952320,45.0,54.7,68.0,74.8
953314,52.0,54.7,73.0,74.9
954485,46.0,54.8,67.0,75.0
955490,59.0,54.8,83.0,75.0
956652,44.0,54.8,66.0,75.1
958087,42.0,54.6,65.0,75.0
959049,53.0,54.5,79.0,74.9
960481,45.0,54.6,55.0,75.1
961324,48.0,54.5,72.0,74.9
962729,39.0,54.4,57.0,75.0
963857,47.0,54.2,62.0,74.8
965553,57.0,54.2,72.0,74.7
966382,50.0,54.2,73.0,74.8
967262,43.0,54.1,59.0,74.8
968176,60.0,54.0,80.0,74.6
969068,43.0,54.0,70.0,74.6
969832,53.0,53.7,85.0,74.4
970745,54.0,53.6,75.0,74.4
971236,55.0,53.6,92.0,74.3
971969,47.0,53.8,74.0,74.8
972671,56.0,53.8,85.0,74.8
973570,51.0,53.8,81.0,75.1
974426,61.0,53.9,91.0,75.2
975246,52.0,54.0,80.0,75.2
975975,59.0,54.1,82.0,75.3
976682,50.0,54.2,75.0,75.4
977337,61.0,54.3,92.0,75.4
978049,50.0,54.3,83.0,75.5
979143,45.0,54.2,71.0,75.6
979949,48.0,54.2,70.0,75.6
980607,64.0,54.2,84.0,75.6
981512,54.0,54.2,71.0,75.6
982308,57.0,54.2,83.0,75.6
983441,41.0,54.4,66.0,75.9
984126,49.0,54.4,86.0,75.8
984801,48.0,54.4,77.0,76.1
985887,53.0,54.4,76.0,76.2
986828,53.0,54.6,78.0,76.3
987505,55.0,54.7,87.0,76.4
988080,52.0,54.8,90.0,76.7
988720,52.0,54.8,87.0,76.9
989395,57.0,55.0,84.0,77.1
990242,45.0,55.0,75.0,77.3
991018,43.0,55.0,69.0,77.3
991686,48.0,54.8,84.0,77.2
992328,52.0,54.8,89.0,77.4
993148,47.0,54.8,73.0,77.5
993726,53.0,54.7,91.0,77.4
994371,51.0,54.5,86.0,77.5
995017,49.0,54.4,83.0,77.6
995752,58.0,54.2,84.0,77.6
996507,51.0,54.2,76.0,77.6
997122,56.0,53.9,90.0,77.4
997701,52.0,53.8,83.0,77.6
998369,54.0,53.7,85.0,77.5
999051,59.0,53.6,78.0,77.6
999635,54.0,53.5,88.0,77.5
1000307,55.0,53.3,88.0,77.6
1001406,51.0,53.2,75.0,77.7
1002187,56.0,53.2,82.0,77.7
1002654,70.0,53.1,96.0,77.6
1003811,52.0,53.2,72.0,77.8
1004531,57.0,53.1,80.0,77.9
1005293,62.0,53.1,81.0,77.8
1006067,69.0,53.2,90.0,77.8
1007106,60.0,53.4,80.0,77.9
1007797,65.0,53.4,90.0,78.0
1008418,66.0,53.5,90.0,78.0
1009014,57.0,53.7,89.0,78.1
1009720,60.0,53.7,83.0,78.2
1010535,60.0,53.7,79.0,78.3
1011204,55.0,53.8,85.0,78.3
1011975,55.0,53.8,83.0,78.4
1012531,78.0,53.9,94.0,78.5
1013561,54.0,54.2,70.0,78.7
1014255,64.0,54.2,89.0,78.6
1014855,78.0,54.4,95.0,78.9
1015742,57.0,54.7,73.0,79.1
1016424,59.0,54.7,84.0,79.2
1017237,60.0,54.7,77.0,79.2
1017870,60.0,54.8,87.0,79.3
1018806,58.0,54.8,76.0,79.3
1019706,67.0,54.7,83.0,79.2
1020360,55.0,54.7,86.0,79.2
1021216,55.0,54.6,78.0,79.2
1021901,54.0,54.7,82.0,79.4
1023062,50.0,54.6,65.0,79.4
1024002,46.0,54.6,73.0,79.5
1024566,57.0,54.5,89.0,79.4
1025863,55.0,54.6,75.0,79.7
1027074,59.0,54.7,81.0,79.7
1027741,62.0,54.6,89.0,79.7
1028278,63.0,54.6,96.0,79.8
1028860,58.0,54.7,92.0,80.0
1029308,58.0,54.7,94.0,80.1
1029978,53.0,54.6,81.0,80.1
1030592,59.0,54.5,92.0,80.1
1031487,49.0,54.5,71.0,80.2
1032138,54.0,54.5,82.0,80.2
1032815,49.0,54.5,78.0,80.2
1033541,53.0,54.4,84.0,80.2
1034203,55.0,54.5,86.0,80.3
1034875,59.0,54.5,89.0,80.4
1035555,53.0,54.7,79.0,80.7
1036233,49.0,54.6,82.0,80.6
1036941,50.0,54.7,75.0,80.8
1037552,56.0,54.7,86.0,80.9
1038200,52.0,54.8,80.0,81.0
1038825,55.0,54.8,83.0,81.2
1039727,51.0,54.9,74.0,81.3
1040180,51.0,55.0,92.0,81.5
1040748,57.0,55.1,93.0,81.8
1041356,53.0,55.1,83.0,82.0
1041857,53.0,55.1,90.0,82.1
1042273,55.0,55.2,94.0,82.4
1042990,59.0,55.2,84.0,82.5
1043414,63.0,55.3,95.0,82.7
1043986,64.0,55.4,95.0,82.8
1044935,46.0,55.5,67.0,83.0
1045391,63.0,55.4,94.0,82.7
1046107,65.0,55.6,90.0,82.9
1046845,63.0,55.7,86.0,83.0
1047509,59.0,55.8,85.0,83.0
1048315,59.0,55.8,77.0,83.0
1049020,63.0,55.8,87.0,82.9
1049344,53.0,55.9,99.0,83.0
1050136,61.0,55.9,84.0,83.2
1050854,55.0,55.9,87.0,83.2
1051302,70.0,56.0,100.0,83.2
1051888,72.0,56.2,96.0,83.5
1052450,59.0,56.4,90.0,83.7
1052961,65.0,56.4,98.0,83.8
1053494,61.0,56.5,93.0,84.1
1054285,55.0,56.6,80.0,84.2
1054930,65.0,56.7,86.0,84.3
1055525,56.0,56.8,88.0,84.3
1056053,57.0,56.9,91.0,84.4
1056443,59.0,57.0,96.0,84.6
1056949,61.0,57.0,95.0,84.8
1057438,67.0,57.1,94.0,84.8
1058011,64.0,57.2,85.0,84.9
1058603,62.0,57.4,89.0,84.8
1059075,59.0,57.4,95.0,84.9
1059632,61.0,57.6,89.0,85.1
1060323,62.0,57.7,90.0,85.3
1061114,65.0,57.9,88.0,85.4
1061669,64.0,58.0,90.0,85.4
1062239,65.0,58.2,89.0,85.5
1062966,62.0,58.3,80.0,85.5
1063587,65.0,58.4,87.0,85.4
1064244,65.0,58.6,86.0,85.5
1064721,65.0,58.6,96.0,85.5
1065400,69.0,58.8,86.0,85.7
1066031,61.0,58.9,86.0,85.7
1067467,60.0,59.0,79.0,85.7
1068179,62.0,59.0,84.0,85.6
1068801,58.0,59.1,83.0,85.7
1069298,63.0,59.1,93.0,85.6
1069930,61.0,59.2,87.0,85.7
1070462,67.0,59.3,95.0,85.8
1071273,58.0,59.4,78.0,85.9
1072233,62.0,59.3,79.0,85.8
1072947,53.0,59.4,75.0,85.8
1073621,60.0,59.4,80.0,85.8
1074165,64.0,59.3,89.0,85.8
1074784,58.0,59.3,84.0,85.8
1075491,52.0,59.3,76.0,85.8
1076325,50.0,59.1,78.0,85.7
1077182,57.0,59.0,79.0,85.5
1077850,55.0,59.0,88.0,85.4
1078644,44.0,58.9,65.0,85.5
1079436,51.0,58.8,76.0,85.4
1080275,51.0,58.7,73.0,85.3
1081264,45.0,58.7,62.0,85.2
1082132,48.0,58.4,64.0,84.8
1082841,56.0,58.3,76.0,84.8
1083791,47.0,58.2,60.0,84.6
1084953,42.0,57.9,54.0,84.3
1085562,64.0,57.8,89.0,84.1
1086133,58.0,57.8,85.0,84.2
1086685,62.0,57.8,93.0,84.2
1087373,58.0,57.8,80.0,84.3
1088176,49.0,57.8,78.0,84.3
1088918,51.0,57.6,74.0,84.3
1089564,58.0,57.6,86.0,84.2
1090201,62.0,57.6,88.0,84.2
1090926,58.0,57.7,76.0,84.3
1091510,66.0,57.8,90.0,84.4
1092141,58.0,58.0,85.0,84.6
1092700,66.0,58.0,92.0,84.6
1093227,69.0,58.1,94.0,84.7
1093829,62.0,58.2,85.0,84.8
1094347,62.0,58.2,94.0,84.8
1094948,59.0,58.2,86.0,84.8
1095602,51.0,58.2,82.0,84.7
1096444,50.0,58.1,73.0,84.6
1097152,63.0,58.1,81.0,84.5
1097906,49.0,58.1,75.0,84.4
1098483,53.0,58.1,83.0,84.5
1099236,48.0,58.1,72.0,84.5
1099828,55.0,58.1,90.0,84.4
1100386,55.0,58.1,89.0,84.5
1100899,61.0,58.1,92.0,84.5
1101480,62.0,58.2,87.0,84.5
1102153,56.0,58.2,87.0,84.6
1102768,50.0,58.3,84.0,84.7
1103303,62.0,58.3,91.0,84.8
1103753,65.0,58.4,98.0,84.8
1104277,52.0,58.5,86.0,85.0
1104794,54.0,58.5,91.0,85.0
1105472,47.0,58.5,73.0,85.2
1105974,69.0,58.5,92.0,85.0
1106746,52.0,58.6,77.0,85.0
1107500,51.0,58.6,77.0,84.9
1108111,54.0,58.6,80.0,84.8
1108700,61.0,58.5,91.0,84.6
1109431,61.0,58.6,85.0,84.7
1110055,49.0,58.5,78.0,84.6
1110637,63.0,58.4,85.0,84.4
1111088,72.0,58.6,98.0,84.6
1111904,58.0,58.6,79.0,84.7
1112539,51.0,58.6,77.0,84.6
1113202,70.0,58.5,85.0,84.5
1113726,63.0,58.6,93.0,84.5
1114297,65.0,58.6,91.0,84.6
1114830,54.0,58.6,85.0,84.7
1115255,67.0,58.6,98.0,84.5
1115779,69.0,58.7,96.0,84.7
1116248,69.0,58.8,96.0,84.8
1116825,69.0,58.8,92.0,84.7
1117225,74.0,58.8,100.0,84.7
1117813,68.0,59.0,90.0,84.8
1118385,70.0,59.0,90.0,84.7
1118934,71.0,59.1,96.0,84.7
1119511,78.0,59.2,96.0,84.8
1120061,62.0,59.4,86.0,84.9
1120645,70.0,59.4,91.0,84.9
1121176,78.0,59.6,94.0,84.9
1121641,69.0,59.7,97.0,84.9
1122240,68.0,59.8,90.0,84.9
1122872,64.0,59.8,92.0,84.9
1123411,70.0,59.8,94.0,84.9
1124149,60.0,59.9,84.0,85.0
1124857,74.0,59.9,88.0,84.9
1125476,64.0,60.0,85.0,84.9
1126082,70.0,60.1,92.0,84.8
1126689,56.0,60.1,84.0,84.9
1127318,63.0,60.0,88.0,84.8
1127950,60.0,60.0,88.0,84.8
1128627,56.0,60.0,79.0,84.9
1129105,66.0,59.9,92.0,84.8
1129671,67.0,59.9,89.0,84.8
1130232,68.0,59.9,92.0,84.8
1130851,63.0,59.9,87.0,84.8
1131288,68.0,60.0,94.0,84.8
1131844,66.0,60.0,94.0,85.0
1132382,72.0,60.1,94.0,85.1
1133026,56.0,60.2,78.0,85.2
1133588,66.0,60.1,90.0,85.1
1134298,61.0,60.2,79.0,85.1
1134876,62.0,60.1,90.0,84.9
1135334,69.0,60.2,96.0,85.0
1135775,68.0,60.2,96.0,85.2
1136282,60.0,60.4,94.0,85.4
1136804,61.0,60.4,88.0,85.6
1137234,62.0,60.4,94.0,85.6
1137795,55.0,60.4,82.0,85.7
1138290,64.0,60.4,95.0,85.7
1138743,69.0,60.6,97.0,85.9
1139262,68.0,60.7,92.0,86.1
1139905,54.0,60.8,80.0,86.1
1140430,68.0,60.9,95.0,86.3
1140985,68.0,61.1,94.0,86.4
1141489,61.0,61.3,90.0,86.7
1142029,61.0,61.4,90.0,86.9
1142562,62.0,61.6,96.0,87.2
1143223,53.0,61.6,84.0,87.4
1144350,57.0,61.7,83.0,87.6
1144888,73.0,61.8,93.0,87.9
1145920,73.0,61.9,95.0,88.0
1146484,70.0,62.1,92.0,88.1
1146902,71.0,62.1,98.0,88.1
1148439,66.0,62.3,84.0,88.2
1148941,71.0,62.4,95.0,88.3
1149482,68.0,62.6,94.0,88.5
1150801,60.0,62.7,90.0,88.6
1151326,70.0,62.7,93.0,88.6
1152698,59.0,62.8,90.0,88.8
1154349,61.0,62.8,76.0,88.8
1154862,70.0,62.8,94.0,88.7
1155339,69.0,62.8,96.0,88.7
1155932,68.0,62.8,94.0,88.7
1156378,77.0,62.9,100.0,88.8
1158054,53.0,63.0,74.0,88.9
1158947,77.0,63.0,89.0,88.8
1159588,75.0,63.2,93.0,88.8
1160175,73.0,63.5,92.0,89.0
1160778,76.0,63.6,98.0,89.1
1161505,67.0,63.9,82.0,89.4
1162752,53.0,64.0,77.0,89.4
1163297,74.0,64.1,92.0,89.4
1164161,61.0,64.2,84.0,89.4
1164747,72.0,64.3,92.0,89.4
1165345,72.0,64.4,98.0,89.4
1165855,72.0,64.5,94.0,89.5
1166865,71.0,64.7,79.0,89.6
1167546,68.0,64.9,93.0,89.5
1168040,82.0,65.0,100.0,89.5
1169298,50.0,65.1,67.0,89.6
1169919,76.0,65.1,93.0,89.4
1170673,62.0,65.3,89.0,89.4
1171708,55.0,65.5,74.0,89.5
1172361,64.0,65.3,86.0,89.4
1173013,78.0,65.4,90.0,89.4
1173648,66.0,65.7,89.0,89.6
1174120,78.0,65.8,100.0,89.7
1175057,53.0,66.0,80.0,89.8
1175592,69.0,65.9,94.0,89.7
1176014,67.0,66.1,96.0,89.9
1176877,62.0,66.2,83.0,90.0
1177380,67.0,66.1,93.0,89.8
1178020,64.0,66.2,88.0,90.0
1178523,75.0,66.3,96.0,90.1
1179063,67.0,66.3,96.0,90.2
1179682,63.0,66.4,80.0,90.2
1180527,53.0,66.4,74.0,90.1
1181125,72.0,66.4,94.0,90.0
1181723,72.0,66.4,93.0,90.0
1182391,74.0,66.4,86.0,89.9
1183006,68.0,66.5,93.0,89.8
1183926,54.0,66.5,78.0,89.8
1184467,69.0,66.3,94.0,89.6
1184920,67.0,66.3,95.0,89.7
1185461,77.0,66.2,95.0,89.7
1186238,56.0,66.3,84.0,89.7
1186786,75.0,66.1,94.0,89.6
1187362,67.0,66.2,89.0,89.7
1188004,61.0,66.2,82.0,89.6
1188915,64.0,66.0,80.0,89.5
1189778,58.0,66.0,75.0,89.4
1190379,76.0,65.9,94.0,89.2
1190953,72.0,66.0,93.0,89.2
1191738,57.0,66.0,88.0,89.2
1192367,68.0,66.0,91.0,89.2
1192922,80.0,65.9,97.0,89.3
1193639,67.0,66.1,84.0,89.4
1194266,71.0,66.0,86.0,89.3
1194826,70.0,66.2,98.0,89.3
1195315,62.0,66.3,90.0,89.4
1195791,63.0,66.3,93.0,89.5
1196263,73.0,66.4,94.0,89.6
1196738,64.0,66.4,96.0,89.6
1197296,68.0,66.4,96.0,89.7
1197920,63.0,66.4,88.0,89.7
1198577,66.0,66.4,83.0,89.7
1199129,62.0,66.4,93.0,89.6
1199850,58.0,66.3,88.0,89.6
1200472,70.0,66.2,91.0,89.6
1201101,61.0,66.3,81.0,89.7
1201593,64.0,66.3,91.0,89.6
1202294,55.0,66.3,80.0,89.7
1202851,67.0,66.2,91.0,89.6
1203411,57.0,66.2,88.0,89.6
1203824,63.0,66.1,96.0,89.5
1204433,62.0,66.2,81.0,89.5
1204990,69.0,66.2,94.0,89.4
1205874,56.0,66.2,80.0,89.4
1206324,62.0,66.2,98.0,89.4
1206786,74.0,66.2,98.0,89.4
1207326,67.0,66.3,94.0,89.5
1207819,70.0,66.3,98.0,89.5
1208392,67.0,66.4,95.0,89.7
1209039,74.0,66.4,93.0,89.7
1209501,60.0,66.5,94.0,89.6
1209915,69.0,66.5,96.0,89.7
1210465,69.0,66.5,95.0,89.8
1211081,69.0,66.6,92.0,89.7
1211620,67.0,66.8,93.0,89.8
1212265,72.0,66.9,94.0,89.9
1212909,66.0,66.9,87.0,89.9
1213407,71.0,66.8,97.0,89.8
1214018,78.0,66.8,94.0,89.9
1214774,77.0,66.9,91.0,89.9
1215370,75.0,67.0,93.0,89.9
1216220,66.0,67.0,84.0,89.9
1216794,76.0,67.0,92.0,89.8
1217332,76.0,67.2,93.0,89.8
1218028,64.0,67.2,86.0,89.8
1218648,68.0,67.3,88.0,89.8
1219547,66.0,67.3,83.0,89.9
1220193,62.0,67.3,86.0,89.8
1220982,55.0,67.2,80.0,89.7
1221639,59.0,67.1,83.0,89.6
1222485,60.0,66.9,79.0,89.4
1223106,65.0,67.0,84.0,89.4
1223923,66.0,66.9,80.0,89.4
1224600,67.0,66.8,89.0,89.3
1225315,61.0,66.7,85.0,89.2
1226092,63.0,66.6,84.0,89.1
1226740,62.0,66.5,86.0,89.1
1227265,67.0,66.6,94.0,89.2
1227945,67.0,66.6,89.0,89.2
1228538,66.0,66.6,86.0,89.3
1229235,66.0,66.6,85.0,89.2
1229900,67.0,66.5,91.0,89.1
1230460,91.0,66.4,99.0,89.1
1230993,76.0,66.6,94.0,89.3
1231633,77.0,66.7,92.0,89.3
1232345,77.0,66.7,89.0,89.2
1233014,65.0,66.9,87.0,89.4
1233617,89.0,66.8,98.0,89.4
1234112,76.0,67.1,97.0,89.4
1234696,92.0,67.3,96.0,89.7
1235315,67.0,67.6,86.0,89.8
1236010,82.0,67.5,92.0,89.7
1236545,76.0,67.6,95.0,89.8
1237175,72.0,67.6,89.0,89.7
1237889,75.0,67.8,89.0,89.8
1238401,81.0,67.9,99.0,89.8
1238925,90.0,68.0,100.0,89.8
1239465,79.0,68.3,97.0,90.0
1239971,82.0,68.4,97.0,90.0
1240662,80.0,68.6,87.0,90.1
1241348,75.0,68.6,90.0,90.0
1241869,75.0,68.7,97.0,89.9
1242453,76.0,68.8,94.0,90.1
1243233,71.0,69.1,88.0,90.3
1243881,88.0,69.1,94.0,90.2
1244452,94.0,69.2,98.0,90.2
1244951,73.0,69.4,95.0,90.4
1245418,78.0,69.5,100.0,90.4
1245919,85.0,69.7,99.0,90.6
1246525,78.0,69.9,90.0,90.7
1247111,65.0,70.0,89.0,90.6
1247770,72.0,69.9,88.0,90.6
1248332,94.0,70.0,100.0,90.6
1248833,75.0,70.2,98.0,90.6
1249345,82.0,70.3,98.0,90.7
1249917,85.0,70.5,100.0,90.9
1250428,63.0,70.7,93.0,91.1
1250953,81.0,70.8,98.0,91.3
1251692,86.0,70.8,93.0,91.3
1252311,86.0,71.0,96.0,91.3
1253024,80.0,71.2,92.0,91.4
1253733,81.0,71.4,93.0,91.4
1254569,85.0,71.4,93.0,91.4
1255385,70.0,71.6,86.0,91.5
1256069,82.0,71.5,91.0,91.5
1256717,79.0,71.7,98.0,91.4
1257404,77.0,71.8,93.0,91.5
1258008,81.0,72.0,96.0,91.5
1258667,82.0,72.0,95.0,91.5
1259274,90.0,72.2,97.0,91.5
1259845,88.0,72.4,97.0,91.5
1260453,84.0,72.7,98.0,91.6
1260964,71.0,72.9,91.0,91.7
1261590,75.0,73.0,92.0,91.7
1262243,93.0,73.1,99.0,91.8
1262798,79.0,73.4,94.0,91.8
1263432,94.0,73.6,98.0,92.0
1264080,85.0,73.8,99.0,92.0
1264651,84.0,74.2,98.0,92.2
1265446,70.0,74.3,84.0,92.3
1265938,78.0,74.4,98.0,92.2
1266589,91.0,74.6,96.0,92.3
1267292,94.0,74.9,96.0,92.4
1267874,89.0,75.1,96.0,92.4
1268652,65.0,75.5,92.0,92.6
1269174,91.0,75.5,100.0,92.5
1269903,86.0,75.7,97.0,92.6
1270469,96.0,75.9,100.0,92.6
1271012,78.0,76.1,96.0,92.6
1271728,80.0,76.2,93.0,92.6
1272303,81.0,76.3,94.0,92.6
1272832,72.0,76.5,99.0,92.6
1273592,79.0,76.5,91.0,92.6
1274276,78.0,76.6,90.0,92.6
1274894,78.0,76.7,92.0,92.6
1275557,95.0,76.8,100.0,92.6
1276252,93.0,77.1,95.0,92.6
1276838,98.0,77.3,99.0,92.7
1277401,82.0,77.6,97.0,92.7
1278063,86.0,77.6,96.0,92.8
1278676,85.0,77.7,98.0,92.8
1279385,87.0,77.8,94.0,92.9
1280028,84.0,78.0,98.0,93.0
1280759,88.0,78.1,96.0,93.0
1281336,72.0,78.2,95.0,93.1
1282044,73.0,78.3,87.0,93.2
1282889,68.0,78.4,83.0,93.1
1283439,86.0,78.4,99.0,93.1
1283984,75.0,78.6,95.0,93.3
1284555,77.0,78.8,93.0,93.4
1285019,72.0,79.0,96.0,93.5
1285520,88.0,79.1,100.0,93.7
1286098,80.0,79.4,94.0,93.8
1286669,83.0,79.5,97.0,94.0
1287192,75.0,79.7,94.0,94.1
1287793,68.0,79.8,89.0,94.2
1288387,87.0,79.8,98.0,94.2
1288909,79.0,80.1,98.0,94.3
1289499,79.0,80.2,91.0,94.4
1289936,72.0,80.3,96.0,94.4
1290703,55.0,80.4,87.0,94.5
1291215,75.0,80.3,95.0,94.5
1291937,69.0,80.4,88.0,94.6
1292441,74.0,80.2,94.0,94.4
1292883,69.0,80.1,96.0,94.4
1293352,70.0,80.0,96.0,94.5
1293896,74.0,80.0,91.0,94.6
1294388,66.0,80.1,97.0,94.6
1295007,64.0,79.8,89.0,94.6
1295525,73.0,79.7,97.0,94.5
1296104,68.0,79.5,87.0,94.5
1296579,71.0,79.5,99.0,94.5
1297079,82.0,79.4,97.0,94.6
1297529,76.0,79.5,99.0,94.6
1298158,74.0,79.5,88.0,94.7
1298736,62.0,79.5,89.0,94.7
1299450,68.0,79.3,79.0,94.6
1299970,63.0,79.1,96.0,94.4
1300633,81.0,79.0,93.0,94.4
1301111,84.0,78.9,100.0,94.3
1301814,87.0,79.0,93.0,94.5
1302494,86.0,79.1,93.0,94.5
1303068,81.0,79.2,96.0,94.5
1303739,74.0,79.3,92.0,94.5
1304419,79.0,79.3,92.0,94.5
1305021,90.0,79.2,95.0,94.5
1305612,78.0,79.2,95.0,94.5
1306340,81.0,79.2,91.0,94.5
1306922,71.0,79.2,93.0,94.4
1307493,81.0,79.1,97.0,94.3
1308307,56.0,79.1,80.0,94.4
1309047,66.0,79.0,84.0,94.3
1309618,77.0,79.0,95.0,94.3
1310177,84.0,78.8,97.0,94.2
1310805,75.0,78.9,93.0,94.2
1311448,70.0,78.8,90.0,94.2
1312041,72.0,78.7,96.0,94.0
1312758,61.0,78.8,80.0,94.1
1313368,77.0,78.6,97.0,93.9
1314006,78.0,78.5,89.0,93.9
1314592,77.0,78.4,93.0,93.9
1315178,75.0,78.4,89.0,93.9
1315690,75.0,78.3,96.0,93.8
1316275,80.0,78.2,96.0,93.9
1317130,73.0,78.3,83.0,94.0
1317702,78.0,78.2,97.0,93.9
1318425,87.0,78.2,96.0,93.9
1318989,83.0,78.3,99.0,93.9
1319708,90.0,78.3,93.0,93.9
1320379,80.0,78.4,95.0,93.9
1320956,80.0,78.3,95.0,93.9
1321668,75.0,78.2,87.0,93.9
1322198,72.0,78.1,95.0,93.8
1322822,75.0,78.2,90.0,93.8
1323574,76.0,78.2,91.0,93.8
1324192,78.0,78.0,97.0,93.7
1324912,76.0,78.0,88.0,93.7
1325475,69.0,77.8,87.0,93.6
1326135,62.0,77.6,89.0,93.5
1326625,63.0,77.4,91.0,93.4
1327180,67.0,77.3,91.0,93.5
1327669,64.0,77.2,92.0,93.4
1328141,77.0,77.0,100.0,93.4
1328590,66.0,76.8,95.0,93.4
1329139,68.0,76.6,89.0,93.4
1329651,73.0,76.6,95.0,93.4
1330332,53.0,76.4,75.0,93.3
1330970,63.0,76.1,82.0,93.1
1331725,66.0,75.8,85.0,92.9
1332236,75.0,75.6,94.0,92.8
1332817,61.0,75.6,90.0,92.8
1333422,64.0,75.4,87.0,92.8
1334026,75.0,75.3,93.0,92.7
1334560,73.0,75.3,96.0,92.7
1335141,69.0,75.2,91.0,92.8
1335760,62.0,75.1,88.0,92.8
1336241,76.0,74.8,96.0,92.6
1336829,63.0,74.6,89.0,92.6
1337397,71.0,74.3,89.0,92.5
1338073,56.0,74.2,80.0,92.5
1338657,67.0,73.9,89.0,92.3
1339205,67.0,73.7,93.0,92.2
1339941,60.0,73.5,81.0,92.2
1340474,73.0,73.2,95.0,92.0
1340990,71.0,73.1,97.0,92.0
1341534,65.0,73.1,87.0,92.0
1342226,66.0,73.0,88.0,92.0
1342709,73.0,73.0,98.0,92.1
1343087,65.0,72.8,99.0,92.1
1343586,72.0,72.8,95.0,92.1
1344147,82.0,72.7,100.0,92.1
1344688,72.0,72.8,98.0,92.2
1345318,64.0,72.6,84.0,92.2
1345800,72.0,72.5,96.0,92.1
1346332,66.0,72.4,92.0,92.0
1346736,70.0,72.3,98.0,92.0
1347370,65.0,72.3,88.0,92.1
1348057,71.0,72.1,91.0,92.0
1348579,75.0,72.0,97.0,92.0
1349182,79.0,72.0,95.0,92.0
1349631,73.0,72.0,100.0,92.0
1350324,85.0,72.2,96.0,92.1
1350905,87.0,72.3,96.0,92.1
1351766,79.0,72.5,83.0,92.2
1352326,77.0,72.5,97.0,92.1
1352834,70.0,72.6,93.0,92.1
1353445,79.0,72.6,93.0,92.1
1354084,84.0,72.7,93.0,92.1
1354549,73.0,72.8,95.0,92.1
1354956,72.0,72.9,100.0,92.1
1355485,72.0,72.9,93.0,92.2
1356135,76.0,73.0,90.0,92.2
1356768,79.0,73.0,94.0,92.1
1357515,74.0,73.0,91.0,92.1
1358299,83.0,73.0,95.0,92.0
1358831,74.0,73.1,98.0,92.1
1359442,72.0,73.2,96.0,92.2
1360084,75.0,73.2,91.0,92.4
1360743,71.0,73.3,89.0,92.3
1361439,77.0,73.2,92.0,92.3
1361948,80.0,73.2,98.0,92.2
1362721,84.0,73.1,90.0,92.2
1363250,81.0,73.1,98.0,92.2
1363816,76.0,73.1,94.0,92.2
1364389,83.0,73.1,97.0,92.2
1365026,76.0,73.1,94.0,92.3
1365626,89.0,73.0,96.0,92.3
1366213,83.0,73.1,97.0,92.3
1366739,76.0,73.1,94.0,92.4
1367340,82.0,73.2,95.0,92.4
1368136,84.0,73.2,89.0,92.3
1368699,93.0,73.5,100.0,92.4
1369336,85.0,73.7,96.0,92.6
1369997,83.0,73.8,96.0,92.6
1370726,79.0,73.8,95.0,92.6
1371361,79.0,73.8,95.0,92.6
1372098,85.0,73.9,93.0,92.7
1372706,80.0,74.1,96.0,92.6
1373345,85.0,74.3,94.0,92.8
1373938,86.0,74.3,97.0,92.8
1374481,79.0,74.4,96.0,92.8
1375069,85.0,74.4,97.0,92.9
1375688,87.0,74.5,97.0,93.0
1376309,83.0,74.7,95.0,93.0
1376852,96.0,74.7,100.0,93.0
1377478,88.0,74.9,98.0,93.1
1378035,89.0,75.0,97.0,93.1
1378578,76.0,75.0,93.0,93.1
1379149,76.0,75.0,93.0,93.1
1379756,87.0,74.8,97.0,93.1
1380399,75.0,74.9,91.0,93.1
1381117,71.0,74.8,90.0,93.1
1381667,79.0,74.8,91.0,93.1
1382410,87.0,74.9,94.0,93.0
1382999,74.0,75.0,94.0,93.1
1383659,81.0,75.0,96.0,93.1
1384262,84.0,75.0,97.0,93.1
1384878,79.0,75.1,93.0,93.2
1385458,80.0,75.2,95.0,93.3
1386097,81.0,75.4,97.0,93.3
1386823,80.0,75.6,95.0,93.4
1387489,78.0,75.7,91.0,93.4
1388045,82.0,75.8,97.0,93.4
1388689,73.0,75.9,93.0,93.4
1389209,75.0,75.9,97.0,93.4
1389771,77.0,76.0,97.0,93.4
1390250,77.0,76.0,98.0,93.5
1390799,87.0,76.3,98.0,93.7
1391347,88.0,76.5,97.0,93.8
1392035,83.0,76.8,93.0,94.0
1392750,90.0,76.8,96.0,94.0
1393336,92.0,77.1,100.0,94.0
1394029,89.0,77.4,93.0,94.2
1394661,88.0,77.5,94.0,94.2
1395450,88.0,77.7,94.0,94.1
1396050,77.0,77.9,92.0,94.2
1396652,85.0,78.0,97.0,94.2
1397403,84.0,78.1,96.0,94.2
1398058,89.0,78.3,94.0,94.3
1398656,85.0,78.5,93.0,94.3
1399246,89.0,78.8,96.0,94.5
1399828,82.0,79.0,97.0,94.5
1400460,90.0,79.2,95.0,94.6
1401033,79.0,79.5,93.0,94.7
1401705,79.0,79.5,92.0,94.7
1402368,86.0,79.6,92.0,94.6
1402972,76.0,79.8,92.0,94.7
1403630,86.0,79.9,94.0,94.7
1404281,92.0,80.0,97.0,94.7
1404965,85.0,80.3,97.0,94.7
1405489,78.0,80.4,99.0,94.7
1406032,75.0,80.4,97.0,94.7
1406575,88.0,80.4,97.0,94.7
1407085,77.0,80.7,95.0,94.8
1407684,93.0,80.7,98.0,94.8
1408233,85.0,81.0,96.0,94.8
1408953,77.0,81.2,91.0,94.8
1409573,84.0,81.3,96.0,94.9
1410181,82.0,81.4,96.0,94.9
1410768,84.0,81.5,99.0,94.9
1411357,77.0,81.5,96.0,94.9
1412042,80.0,81.6,91.0,94.9
1412623,89.0,81.5,96.0,94.8
1413188,80.0,81.5,96.0,94.8
1413794,86.0,81.5,95.0,95.0
1414467,86.0,81.6,95.0,95.0
1415143,82.0,81.8,94.0,95.0
1415839,78.0,81.8,92.0,95.0
1416458,87.0,81.8,98.0,95.0
1417453,45.0,81.9,73.0,95.0
1418036,86.0,81.6,97.0,94.7
1418635,75.0,81.8,94.0,94.8
1419269,94.0,81.8,98.0,94.8
1419888,91.0,81.9,97.0,94.9
1420495,87.0,82.1,96.0,94.9
1421116,87.0,82.1,94.0,94.9
1421812,85.0,82.2,93.0,94.9
1422438,82.0,82.4,95.0,94.9
1423094,84.0,82.4,92.0,94.9
1423767,85.0,82.6,93.0,94.9
1424420,91.0,82.7,97.0,94.9
1425136,83.0,82.8,92.0,94.9
1425831,84.0,82.8,94.0,95.0
1426551,92.0,82.8,98.0,94.9
1427189,83.0,83.0,96.0,95.0
1427795,86.0,83.0,98.0,94.9
1428483,87.0,83.0,96.0,95.0
1429130,92.0,83.0,99.0,95.0
1429882,88.0,83.1,93.0,95.0
1430534,85.0,83.2,97.0,95.0
1431339,89.0,83.3,92.0,95.0
1431990,94.0,83.3,100.0,95.0
1432678,90.0,83.3,96.0,95.0
1433362,90.0,83.4,93.0,95.0
1434359,70.0,83.4,80.0,95.0
1435093,76.0,83.4,92.0,94.9
1435952,79.0,83.3,91.0,94.8
1436457,85.0,83.3,98.0,94.8
1437051,83.0,83.3,97.0,94.8
1437665,84.0,83.3,97.0,94.9
1438451,86.0,83.3,90.0,94.9
1439030,83.0,83.4,93.0,94.8
1439640,88.0,83.3,96.0,94.8
1440676,46.0,83.3,65.0,94.8
1441456,93.0,83.0,95.0,94.4
1442081,91.0,82.9,99.0,94.4
1442776,87.0,83.0,94.0,94.4
1443563,81.0,83.0,89.0,94.4
1444289,91.0,83.0,95.0,94.3
1445067,92.0,83.2,97.0,94.4
1445667,79.0,83.2,97.0,94.4
1446342,81.0,83.2,90.0,94.4
1447049,85.0,83.3,95.0,94.4
1447748,80.0,83.4,92.0,94.5
1448491,86.0,83.3,91.0,94.4
1449156,87.0,83.4,97.0,94.4
1449835,82.0,83.5,95.0,94.4
1450423,92.0,83.5,100.0,94.4
1451115,89.0,83.6,94.0,94.5
1451853,82.0,83.7,92.0,94.5
1452628,84.0,83.7,92.0,94.4
1453260,91.0,83.8,97.0,94.4
1453800,86.0,83.9,100.0,94.4
1454402,85.0,83.9,96.0,94.5
1454998,95.0,84.0,97.0,94.5
1455873,80.0,84.2,86.0,94.5
1456593,87.0,84.3,96.0,94.4
1457120,85.0,84.4,98.0,94.4
1457731,84.0,84.4,95.0,94.4
1458359,88.0,84.3,93.0,94.4
1458906,89.0,84.4,99.0,94.4
1459613,87.0,84.4,98.0,94.4
1460179,85.0,84.3,97.0,94.4
1460756,98.0,84.3,100.0,94.4
1461421,88.0,84.4,98.0,94.5
1462159,89.0,84.4,98.0,94.5
1462919,80.0,84.5,87.0,94.6
1463516,91.0,84.4,99.0,94.5
1464178,94.0,84.5,99.0,94.5
1464893,91.0,84.6,97.0,94.5
1465505,81.0,84.6,95.0,94.6
1466093,82.0,84.5,96.0,94.6
1466874,83.0,84.5,94.0,94.6
1467483,93.0,84.5,99.0,94.6
1468140,86.0,84.6,92.0,94.6
1468810,92.0,84.7,93.0,94.6
1469470,85.0,84.7,97.0,94.6
1470198,86.0,84.8,98.0,94.7
1470893,79.0,84.8,92.0,94.7
1471635,87.0,84.7,95.0,94.7
1472747,77.0,84.7,89.0,94.6
1473649,75.0,84.7,90.0,94.5
1474244,89.0,84.7,99.0,94.5
1474960,85.0,84.7,93.0,94.5
1475535,92.0,84.8,98.0,94.5
1476396,84.0,84.8,90.0,94.5
1476986,80.0,84.8,94.0,94.4
1477773,82.0,84.8,91.0,94.4
1478473,73.0,84.8,88.0,94.4
1479130,78.0,84.7,92.0,94.3
1479800,84.0,84.6,95.0,94.2
1480524,94.0,84.7,94.0,94.2
1481151,87.0,84.8,96.0,94.3
1481862,85.0,84.8,91.0,94.3
1482567,91.0,84.9,98.0,94.2
1483164,78.0,84.9,94.0,94.2
1483746,89.0,84.8,98.0,94.2
1484386,87.0,84.9,100.0,94.3
1485101,86.0,85.0,92.0,94.4
1485699,80.0,85.0,93.0,94.3
1486279,82.0,85.4,96.0,94.5
1486948,72.0,85.3,91.0,94.5
1487498,82.0,85.3,97.0,94.4
1488166,88.0,85.2,90.0,94.4
1488732,82.0,85.1,98.0,94.4
1489416,90.0,85.1,94.0,94.4
1490327,66.0,85.1,83.0,94.4
1490934,94.0,84.9,100.0,94.3
1491653,87.0,85.0,92.0,94.3
1492264,90.0,85.1,100.0,94.3
1492957,91.0,85.1,97.0,94.4
1493914,84.0,85.1,92.0,94.4
1494609,92.0,85.1,95.0,94.4
1495352,80.0,85.2,93.0,94.4
1496145,79.0,85.1,92.0,94.4
1497180,81.0,85.0,89.0,94.3
1498345,80.0,85.0,87.0,94.2
1499068,81.0,84.9,94.0,94.2
1499742,83.0,84.8,94.0,94.1
1500644,75.0,84.8,87.0,94.1
1501579,71.0,84.7,79.0,94.0
1502314,82.0,84.5,87.0,93.9
1503179,71.0,84.4,87.0,93.8
1504017,80.0,84.2,94.0,93.7
1504738,85.0,84.1,94.0,93.7
1505525,85.0,84.2,92.0,93.8
1506331,75.0,84.3,92.0,93.8
1507116,80.0,84.3,87.0,93.8
1507944,82.0,84.2,87.0,93.7
1508579,82.0,84.2,92.0,93.6
1509230,76.0,84.2,89.0,93.6
1509949,82.0,84.1,91.0,93.6
1510837,89.0,84.1,94.0,93.5
1511531,93.0,84.1,98.0,93.5
1512275,80.0,84.6,93.0,93.8
1513182,74.0,84.4,86.0,93.8
1514186,83.0,84.3,86.0,93.7
1514987,86.0,84.2,98.0,93.6
1515776,83.0,84.3,92.0,93.7
1516481,79.0,84.2,86.0,93.7
1517191,89.0,84.1,96.0,93.6
1517832,82.0,84.2,95.0,93.6
1518550,77.0,84.2,87.0,93.6
1519192,81.0,84.1,88.0,93.5
1519924,82.0,84.1,94.0,93.5
1520477,84.0,84.1,94.0,93.5
1520946,76.0,84.0,98.0,93.5
1521523,68.0,84.0,89.0,93.5
1522145,63.0,83.7,86.0,93.4
1522733,63.0,83.5,88.0,93.3
1523307,63.0,83.3,89.0,93.3
1523987,64.0,83.1,86.0,93.2
1524641,71.0,82.8,90.0,93.1
1525212,70.0,82.7,91.0,93.0
1525825,72.0,82.5,90.0,93.0
1526359,72.0,82.3,94.0,92.9
1526891,71.0,82.2,92.0,93.0
1527479,57.0,82.0,82.0,93.0
1528114,71.0,81.8,87.0,92.8
1528846,77.0,81.6,90.0,92.7
1529511,79.0,81.5,94.0,92.7
1530094,79.0,81.4,91.0,92.6
1530664,78.0,81.3,95.0,92.6
1531271,78.0,81.3,93.0,92.6
1531785,84.0,81.1,100.0,92.5
1532415,82.0,81.0,91.0,92.5
1533126,82.0,81.0,89.0,92.4
1533771,79.0,81.0,92.0,92.4
1534391,76.0,80.9,92.0,92.4
1534985,86.0,80.7,95.0,92.3
1535663,70.0,80.6,86.0,92.3
1536396,74.0,80.5,88.0,92.2
1536970,81.0,80.4,93.0,92.1
1537576,84.0,80.4,94.0,92.1
1538186,78.0,80.3,92.0,92.1
1538701,75.0,80.2,94.0,92.1
1539346,72.0,80.1,87.0,92.1
1539958,71.0,80.0,96.0,92.0
1540681,66.0,79.8,88.0,92.0
1541317,64.0,79.7,81.0,91.9
1542019,68.0,79.4,89.0,91.8
1542653,65.0,79.4,88.0,91.8
1543183,66.0,79.2,90.0,91.8
1543837,65.0,79.0,79.0,91.7
1544498,69.0,78.8,86.0,91.5
1545103,74.0,78.6,89.0,91.4
1545660,94.0,78.5,100.0,91.4
1546358,90.0,78.6,93.0,91.4
1546915,90.0,78.7,98.0,91.5
1547663,85.0,78.9,88.0,91.6
1548348,85.0,79.0,89.0,91.5
1548973,83.0,79.0,96.0,91.5
1549532,78.0,78.8,94.0,91.5
1550082,78.0,78.8,94.0,91.5
1550734,82.0,78.7,89.0,91.5
1551317,81.0,78.6,96.0,91.4
1551807,77.0,78.6,98.0,91.4
1552450,76.0,78.5,92.0,91.4
1552947,85.0,78.4,98.0,91.4
1553648,79.0,78.4,88.0,91.4
1554191,83.0,78.4,96.0,91.4
1554779,74.0,78.4,90.0,91.4
1555374,72.0,78.4,92.0,91.4
1555976,83.0,78.3,89.0,91.3
1556507,79.0,78.3,99.0,91.3
1557089,76.0,78.2,89.0,91.3
1557693,82.0,78.1,92.0,91.2
1558261,80.0,78.2,96.0,91.3
1558802,78.0,78.1,99.0,91.3
1559540,77.0,78.0,90.0,91.4
1560300,69.0,77.9,89.0,91.3
1561005,80.0,77.7,91.0,91.2
1561693,74.0,77.6,91.0,91.2
1562352,84.0,77.4,93.0,91.1
1562886,92.0,77.5,100.0,91.1
1563537,87.0,77.6,97.0,91.2
1564152,92.0,77.7,98.0,91.3
1564736,78.0,77.8,96.0,91.4
1565422,88.0,77.8,95.0,91.4
1566000,89.0,77.8,98.0,91.4
1566607,93.0,78.0,97.0,91.6
1567355,94.0,78.2,98.0,91.7
1568055,91.0,78.3,94.0,91.8
1568695,95.0,78.5,99.0,91.9
1569335,92.0,78.6,94.0,92.0
1569933,96.0,78.7,98.0,92.0
1570610,91.0,78.8,97.0,92.0
1571209,93.0,79.0,99.0,92.1
1571882,80.0,79.1,93.0,92.2
1572485,94.0,79.1,97.0,92.2
1573183,82.0,79.2,92.0,92.3
1573851,87.0,79.3,96.0,92.3
1574554,87.0,79.3,96.0,92.4
1575135,94.0,79.3,99.0,92.4
1575818,94.0,79.3,97.0,92.4
1576383,92.0,79.5,98.0,92.4
1577111,87.0,79.6,88.0,92.6
1577748,96.0,79.7,98.0,92.6
1578366,93.0,79.8,99.0,92.6
1579021,91.0,79.9,97.0,92.7
1579867,81.0,80.0,87.0,92.8
1580481,91.0,79.9,97.0,92.7
1581232,88.0,80.0,95.0,92.7
1581929,85.0,80.1,92.0,92.8
1582566,84.0,80.2,96.0,92.8
1583186,88.0,80.2,97.0,92.8
1583859,95.0,80.2,98.0,92.9
1584488,84.0,80.4,97.0,92.9
1585156,89.0,80.6,93.0,93.0
1585881,90.0,80.8,92.0,93.0
1586680,82.0,81.1,89.0,93.1
1587327,87.0,81.3,91.0,93.1
1588143,80.0,81.5,82.0,93.1
1588799,92.0,81.6,98.0,93.0
1589371,88.0,81.8,95.0,93.1
1590024,92.0,82.0,94.0,93.2
1590654,80.0,82.2,92.0,93.2
1591256,80.0,82.3,94.0,93.2
1591907,78.0,82.5,92.0,93.3
1592412,87.0,82.6,100.0,93.3
1592946,86.0,82.7,100.0,93.4
1593696,76.0,82.8,84.0,93.5
1594263,78.0,82.7,95.0,93.4
1594879,89.0,82.7,95.0,93.4
1595544,77.0,82.8,91.0,93.4
1596158,79.0,82.8,93.0,93.3
1596743,77.0,82.7,89.0,93.4
1597357,80.0,82.7,92.0,93.4
1597982,84.0,82.7,88.0,93.4
1598619,78.0,82.8,89.0,93.3
1599170,84.0,82.7,96.0,93.3
1599711,88.0,82.8,98.0,93.4
1600304,84.0,83.0,93.0,93.5
1601015,85.0,83.0,87.0,93.5
1601625,91.0,83.0,99.0,93.4
1602283,86.0,83.1,93.0,93.5
1602888,91.0,83.2,100.0,93.4
1603512,95.0,83.4,96.0,93.6
1604184,90.0,83.7,96.0,93.6
1604827,93.0,83.9,96.0,93.7
1605436,93.0,84.2,95.0,93.8
1605977,88.0,84.5,100.0,93.9
1606609,85.0,84.7,93.0,94.0
1607278,88.0,84.9,92.0,94.0
1607858,95.0,85.1,99.0,94.2
1608407,85.0,85.4,99.0,94.3
1609079,88.0,85.5,91.0,94.4
1609704,82.0,85.4,98.0,94.3
1610309,95.0,85.3,99.0,94.3
1610866,92.0,85.4,99.0,94.4
1611573,93.0,85.5,94.0,94.5
1612139,92.0,85.5,100.0,94.5
1612751,95.0,85.6,99.0,94.6
1613404,87.0,85.8,96.0,94.6
1614086,84.0,85.9,91.0,94.6
1614750,90.0,85.9,97.0,94.6
1615410,84.0,86.0,91.0,94.6
1615999,92.0,86.1,98.0,94.6
1616561,82.0,86.2,97.0,94.6
1617183,86.0,86.2,96.0,94.6
1617875,84.0,86.3,92.0,94.7
1618442,88.0,86.3,97.0,94.7
1619055,90.0,86.4,95.0,94.7
1619589,92.0,86.6,99.0,94.8
1620259,84.0,86.7,89.0,94.9
1620944,83.0,86.7,94.0,94.8
1621549,96.0,86.8,99.0,94.8
1622228,82.0,87.0,92.0,94.9
1622820,85.0,87.0,96.0,94.8
1623389,91.0,87.0,97.0,94.8
1623989,89.0,87.2,98.0,94.9
1624563,91.0,87.4,97.0,95.0
1625204,95.0,87.5,98.0,95.0
1625776,85.0,87.7,93.0,95.1
1626319,86.0,87.7,98.0,95.1
1626900,84.0,87.6,96.0,95.1
1627384,73.0,87.6,98.0,95.1
1627914,89.0,87.4,100.0,95.1
1628482,81.0,87.5,93.0,95.1
1629041,91.0,87.5,98.0,95.1
1629563,88.0,87.5,99.0,95.1
1630087,81.0,87.4,97.0,95.1
1630656,78.0,87.3,92.0,95.1
1631169,77.0,87.2,95.0,95.1
1631752,84.0,87.0,95.0,95.0
1632256,86.0,86.9,99.0,95.1
1632848,87.0,86.8,97.0,95.1
1633457,86.0,86.8,95.0,95.1
1634044,92.0,86.7,98.0,95.0
1634635,94.0,86.8,98.0,95.1
1635178,82.0,86.8,98.0,95.1
1635688,84.0,86.8,98.0,95.2
1636280,86.0,86.8,95.0,95.2
1636926,87.0,86.8,94.0,95.2
1637477,95.0,86.7,100.0,95.1
1638086,84.0,86.7,95.0,95.1
1638770,90.0,86.6,95.0,95.1
1639304,90.0,86.7,98.0,95.2
1639886,89.0,86.6,98.0,95.2
1640393,84.0,86.6,99.0,95.2
1641111,74.0,86.5,83.0,95.2
1641707,87.0,86.4,92.0,95.2
1642195,87.0,86.4,100.0,95.1
1642855,65.0,86.4,85.0,95.2
1643399,76.0,86.2,93.0,95.1
1644022,78.0,86.1,90.0,95.0
1644835,69.0,86.0,87.0,95.0
1645386,77.0,85.8,94.0,94.9
1646061,79.0,85.7,89.0,94.8
1646630,81.0,85.6,94.0,94.8
1647195,69.0,85.5,92.0,94.8
1647718,83.0,85.4,98.0,94.8
1648301,72.0,85.3,90.0,94.9
1648781,74.0,85.2,98.0,95.0
1649383,67.0,85.1,87.0,95.0
1649966,63.0,84.8,85.0,94.9
1650614,80.0,84.6,86.0,94.8
1651083,76.0,84.6,98.0,94.8
1651814,76.0,84.5,85.0,94.8
1652424,86.0,84.5,92.0,94.7
1652909,78.0,84.5,99.0,94.7
1653540,81.0,84.4,95.0,94.6
1654145,77.0,84.5,94.0,94.8
1654822,76.0,84.4,90.0,94.8
1655528,79.0,84.3,88.0,94.7
1656115,73.0,84.3,92.0,94.7
1656677,86.0,84.3,99.0,94.7
1657340,76.0,84.4,87.0,94.8
1657993,75.0,84.3,89.0,94.7
1658578,86.0,84.2,94.0,94.7
1659096,88.0,84.3,100.0,94.8
1659851,78.0,84.4,85.0,94.8
1660421,88.0,84.3,98.0,94.7
1661010,83.0,84.3,94.0,94.7
1661634,73.0,84.3,87.0,94.8
1662341,74.0,84.1,84.0,94.7
1662952,88.0,84.0,96.0,94.6
1663533,86.0,84.0,99.0,94.6
1664118,82.0,83.9,95.0,94.6
1664778,92.0,83.8,99.0,94.6
1665326,73.0,83.8,92.0,94.6
1665901,89.0,83.6,97.0,94.6
1666520,86.0,83.6,94.0,94.5
1667118,91.0,83.6,97.0,94.6
1667718,89.0,83.6,97.0,94.6
1668416,87.0,83.6,94.0,94.6
1669117,81.0,83.6,88.0,94.5
1669639,86.0,83.5,98.0,94.5
1670188,82.0,83.6,95.0,94.5
1670769,89.0,83.4,99.0,94.5
1671297,82.0,83.4,95.0,94.5
1673679,61.0,83.3,69.0,94.5
1675831,72.0,83.0,81.0,94.2
1676415,88.0,82.7,97.0,94.0
1677317,84.0,82.8,89.0,94.0
1678085,79.0,82.8,91.0,94.0
1678717,90.0,82.6,98.0,93.9
1679325,86.0,82.7,96.0,94.0
1679873,86.0,82.6,94.0,94.0
1680531,91.0,82.7,96.0,93.9
1681136,91.0,82.7,96.0,93.9
1681828,89.0,82.8,89.0,94.0
1682580,83.0,82.8,87.0,93.9
1683151,87.0,82.7,97.0,93.8
1683802,88.0,82.7,93.0,93.8
1684360,88.0,82.7,100.0,93.8
1685020,93.0,82.8,98.0,93.9
1685592,97.0,82.8,100.0,93.9
1686386,79.0,82.9,86.0,94.0
1687167,84.0,82.8,90.0,93.9
1687935,78.0,82.8,89.0,93.8
1688726,83.0,82.7,92.0,93.7
1689508,77.0,82.6,89.0,93.6
1690160,83.0,82.4,96.0,93.6
1690774,94.0,82.4,97.0,93.6
1691376,94.0,82.5,95.0,93.6
1692012,82.0,82.6,92.0,93.6
1692606,90.0,82.6,98.0,93.5
1693157,94.0,82.7,100.0,93.5
1693700,94.0,82.8,100.0,93.6
1694450,85.0,82.8,88.0,93.6
1695121,85.0,82.8,97.0,93.5
1695890,90.0,82.8,94.0,93.5
1696725,86.0,83.0,89.0,93.5
1697391,88.0,83.0,95.0,93.4
1698116,91.0,83.1,96.0,93.4
1698674,96.0,83.1,100.0,93.4
1699469,79.0,83.2,90.0,93.4
1700130,90.0,83.2,96.0,93.4
1700899,84.0,83.1,94.0,93.4
1701896,72.0,83.0,87.0,93.3
1702617,85.0,82.9,97.0,93.2
1703419,88.0,82.9,98.0,93.2
1703989,98.0,83.0,100.0,93.2
1704716,87.0,83.1,94.0,93.3
1705392,92.0,83.0,97.0,93.2
1706017,90.0,83.1,94.0,93.2
1706778,84.0,83.1,92.0,93.2
1707412,87.0,83.0,95.0,93.2
1708180,82.0,83.0,89.0,93.2
1708782,95.0,83.0,98.0,93.0
1709417,91.0,83.2,98.0,93.2
1710145,92.0,83.2,96.0,93.3
1710865,90.0,83.3,92.0,93.2
1711563,81.0,83.5,92.0,93.3
1712169,90.0,83.6,94.0,93.3
1712785,88.0,83.7,99.0,93.3
1713410,92.0,83.9,98.0,93.4
1713911,82.0,84.0,99.0,93.5
1714446,94.0,84.1,100.0,93.6
1715020,86.0,84.2,97.0,93.6
1715661,83.0,84.4,92.0,93.7
1716330,90.0,84.4,99.0,93.6
1716943,89.0,84.5,96.0,93.7
1717638,90.0,84.7,95.0,93.7
1718239,91.0,84.9,98.0,93.8
1718804,88.0,85.2,98.0,93.9
1719483,88.0,85.3,94.0,94.0
1720188,88.0,85.4,92.0,94.0
1720917,86.0,85.5,94.0,94.1
1721597,93.0,85.5,96.0,94.1
1722239,89.0,85.7,97.0,94.0
1722966,84.0,85.8,93.0,94.1
1723608,83.0,85.8,91.0,94.1
1724294,86.0,85.9,95.0,94.1
1725043,88.0,86.0,88.0,94.1
1725648,90.0,86.1,97.0,94.1
1726278,92.0,86.2,97.0,94.1
1726928,93.0,86.3,94.0,94.2
1727628,86.0,86.5,91.0,94.2
1728295,86.0,86.5,92.0,94.2
1729028,87.0,86.5,94.0,94.1
1729668,91.0,86.6,94.0,94.2
1730311,86.0,86.6,96.0,94.2
1731095,82.0,86.6,89.0,94.2
1731770,90.0,86.7,99.0,94.2
1732393,92.0,86.9,97.0,94.4
1733015,95.0,86.9,99.0,94.4
1733813,88.0,87.0,92.0,94.4
1734574,87.0,87.1,91.0,94.3
1735274,92.0,87.0,95.0,94.3
1736158,85.0,87.2,91.0,94.3
1737098,76.0,87.2,87.0,94.2
1737902,78.0,87.1,90.0,94.2
1738752,80.0,86.9,92.0,94.1
1739578,88.0,86.8,92.0,94.0
1740262,93.0,86.8,98.0,94.0
1741344,79.0,87.0,88.0,94.1
1742120,88.0,86.9,93.0,94.0
1742850,91.0,87.0,95.0,94.0
1743597,83.0,87.0,89.0,94.0
1744331,92.0,87.0,95.0,93.9
1744988,90.0,87.3,96.0,94.2
1745769,85.0,87.5,93.0,94.3
1746381,97.0,87.4,99.0,94.3
1747282,78.0,87.6,94.0,94.4
1748244,86.0,87.6,92.0,94.4
1749056,87.0,87.5,94.0,94.3
1749864,92.0,87.5,95.0,94.3
1750688,88.0,87.6,92.0,94.3
1751416,87.0,87.6,96.0,94.3
1752032,95.0,87.5,98.0,94.3
1752655,93.0,87.6,97.0,94.4
1753272,91.0,87.7,97.0,94.5
1753916,91.0,87.7,95.0,94.5
1754600,91.0,87.8,95.0,94.5
1755299,92.0,87.8,94.0,94.4
1755915,93.0,87.8,97.0,94.4
1756642,91.0,87.7,93.0,94.4
1757382,91.0,87.9,97.0,94.4
1758047,90.0,87.9,98.0,94.5
1758711,90.0,88.0,94.0,94.6
1759301,93.0,88.1,99.0,94.6
1759887,96.0,88.3,99.0,94.7
1760542,89.0,88.4,96.0,94.8
1761190,95.0,88.4,97.0,94.8
1761819,85.0,88.4,93.0,94.8
1762638,81.0,88.4,89.0,94.8
1763272,91.0,88.3,97.0,94.7
1763923,84.0,88.3,95.0,94.7
1764659,90.0,88.2,94.0,94.6
1765354,87.0,88.2,97.0,94.7
1765985,85.0,88.2,98.0,94.7
1766590,81.0,88.2,93.0,94.7
1767666,70.0,88.2,84.0,94.8
1768465,83.0,88.0,88.0,94.6
1769041,85.0,87.9,92.0,94.6
1769632,91.0,87.8,97.0,94.5
1770382,82.0,87.9,90.0,94.6
1771470,63.0,87.8,86.0,94.5
1772044,82.0,87.6,94.0,94.4
1772593,83.0,87.7,98.0,94.5
1773151,85.0,87.7,96.0,94.5
1773846,68.0,87.7,84.0,94.5
1774434,78.0,87.4,94.0,94.3
1775170,83.0,87.3,88.0,94.3
1775736,89.0,87.2,98.0,94.2
1776364,89.0,87.2,97.0,94.3
1776909,84.0,87.2,93.0,94.3
1777517,83.0,87.2,95.0,94.3
1778147,74.0,87.2,93.0,94.4
1778876,82.0,87.0,88.0,94.3
1779408,79.0,86.9,94.0,94.2
1779940,80.0,86.8,98.0,94.2
1780504,81.0,86.7,99.0,94.2
1781159,82.0,86.7,91.0,94.3
1781901,85.0,86.6,91.0,94.3
1782503,88.0,86.6,97.0,94.2
1783157,88.0,86.5,90.0,94.2
1783723,83.0,86.6,96.0,94.1
1784355,75.0,86.5,88.0,94.1
1785065,82.0,86.4,85.0,94.0
1785662,94.0,86.4,99.0,93.9
1786258,98.0,86.4,98.0,93.9
1786920,93.0,86.5,94.0,93.9
1787534,90.0,86.5,99.0,93.9
1788127,96.0,86.5,99.0,93.9
1788748,88.0,86.6,96.0,93.9
1789378,87.0,86.6,97.0,94.0
1790047,90.0,86.6,94.0,94.0
1790629,85.0,86.6,96.0,94.0
1791228,95.0,86.5,97.0,94.0
1791903,87.0,86.6,95.0,94.0
1792505,85.0,86.6,94.0,94.0
1793143,83.0,86.6,93.0,94.0
1793792,90.0,86.6,96.0,94.0
1794458,88.0,86.6,97.0,94.1
1795151,86.0,86.6,94.0,94.1
1795820,80.0,86.6,91.0,94.1
1796521,90.0,86.4,95.0,94.0
1797211,87.0,86.5,96.0,94.1
1797837,83.0,86.5,94.0,94.1
1798454,91.0,86.4,95.0,94.1
1799103,79.0,86.4,93.0,94.1
1799776,83.0,86.4,92.0,94.1
1800322,86.0,86.4,98.0,94.1
1801097,84.0,86.3,94.0,94.1
1801732,81.0,86.2,92.0,94.1
1802274,84.0,86.1,100.0,94.0
1802899,87.0,86.1,96.0,94.1
1803533,90.0,86.1,92.0,94.2
1804179,96.0,86.0,96.0,94.1
1804911,84.0,86.2,95.0,94.2
1805613,78.0,86.2,87.0,94.3
1806189,90.0,86.2,99.0,94.2
1806794,91.0,86.3,95.0,94.3
1807430,83.0,86.4,90.0,94.3
1808034,88.0,86.3,95.0,94.2
1808688,88.0,86.4,95.0,94.3
1809435,82.0,86.4,86.0,94.3
1810098,83.0,86.3,95.0,94.2
1810746,89.0,86.3,96.0,94.3
1811323,85.0,86.2,95.0,94.3
1811981,82.0,86.2,93.0,94.3
1812613,88.0,86.2,97.0,94.3
1813248,77.0,86.1,94.0,94.3
1813862,82.0,86.1,94.0,94.3
1814426,80.0,86.0,97.0,94.3
1814964,80.0,86.0,97.0,94.3
1815610,85.0,85.8,97.0,94.4
1816346,76.0,85.8,87.0,94.4
1817125,76.0,85.7,87.0,94.3
1817888,77.0,85.5,87.0,94.2
1818481,81.0,85.3,95.0,94.1
1819065,82.0,85.2,97.0,94.1
1819775,80.0,85.2,91.0,94.1
1820358,82.0,85.0,95.0,94.1
1820951,86.0,84.9,96.0,94.1
1821622,84.0,84.9,94.0,94.1
1822360,86.0,84.8,93.0,94.1
1822992,81.0,84.8,95.0,94.0
1823732,85.0,84.7,95.0,94.0
1824349,82.0,84.6,96.0,94.0
1824970,90.0,84.5,99.0,94.0
1825647,91.0,84.4,96.0,94.0
1826315,85.0,84.5,92.0,94.0
1826904,85.0,84.4,96.0,93.9
1827557,87.0,84.4,92.0,94.0
1828287,86.0,84.4,95.0,94.0
1828973,82.0,84.4,91.0,94.0
1829599,88.0,84.4,94.0,93.9
1830353,77.0,84.3,87.0,93.9
1830877,79.0,84.2,97.0,93.8
1831426,76.0,84.2,96.0,93.8
1832063,84.0,84.1,95.0,93.9
1832701,81.0,84.3,92.0,94.0
1833287,82.0,84.2,96.0,94.0
1833880,87.0,84.2,98.0,94.0
1834420,77.0,84.2,93.0,94.1
1834997,85.0,84.1,96.0,94.1
1835786,70.0,84.3,85.0,94.2
1836392,74.0,84.2,90.0,94.1
1836882,73.0,84.1,94.0,94.0
1837545,72.0,84.0,86.0,94.0
1838151,79.0,84.0,95.0,94.0
1838692,71.0,84.1,90.0,94.0
1839308,65.0,83.9,88.0,94.0
1839968,77.0,83.7,87.0,94.0
1840558,68.0,83.6,92.0,93.8
1841156,80.0,83.4,92.0,93.8
1842016,61.0,83.4,84.0,93.8
1842687,81.0,83.3,89.0,93.7
1843348,74.0,83.2,90.0,93.7
1843887,78.0,83.2,92.0,93.7
1844402,83.0,83.2,99.0,93.6
1845064,73.0,83.2,89.0,93.6
1845664,79.0,83.1,94.0,93.6
1846272,80.0,83.0,91.0,93.6
1846805,79.0,83.0,95.0,93.6
1847376,85.0,82.9,95.0,93.6
1847936,78.0,82.9,97.0,93.6
1848495,81.0,82.9,98.0,93.7
1849164,85.0,82.9,91.0,93.8
1849744,69.0,82.8,89.0,93.8
1850419,81.0,82.5,92.0,93.7
1851080,82.0,82.4,92.0,93.6
1851721,83.0,82.3,92.0,93.6
1852267,95.0,82.2,100.0,93.5
1852925,71.0,82.3,86.0,93.6
1853489,86.0,82.1,97.0,93.4
1854074,86.0,82.1,94.0,93.5
1854662,76.0,82.1,92.0,93.4
1855182,82.0,81.9,98.0,93.4
1855770,82.0,81.8,94.0,93.4
1856428,88.0,81.8,93.0,93.4
1857029,83.0,81.9,92.0,93.4
1857666,82.0,81.8,90.0,93.4
1858223,88.0,81.7,97.0,93.3
1858794,82.0,81.8,98.0,93.4
1859416,90.0,81.8,97.0,93.4
1860056,89.0,81.8,96.0,93.4
1860623,97.0,81.8,100.0,93.4
1861142,84.0,81.9,99.0,93.5
1861847,93.0,81.9,94.0,93.5
1862616,76.0,82.0,88.0,93.6
1863201,88.0,81.9,98.0,93.5
1863911,91.0,82.0,95.0,93.5
1864556,84.0,82.0,97.0,93.5
1865120,83.0,82.1,97.0,93.6
1865715,69.0,82.0,92.0,93.5
1866306,91.0,81.9,98.0,93.5
1866968,83.0,81.9,92.0,93.6
1867621,82.0,81.8,92.0,93.5
1868258,88.0,81.7,95.0,93.5
1868843,90.0,81.8,99.0,93.6
1869426,86.0,81.8,95.0,93.6
1869897,83.0,81.8,100.0,93.6
1870567,87.0,81.8,98.0,93.7
1871142,87.0,81.8,97.0,93.7
1871700,89.0,81.8,98.0,93.7
1872310,88.0,81.8,97.0,93.8
1872877,91.0,81.9,97.0,93.9
1873400,89.0,81.9,98.0,93.9
1874020,84.0,81.9,94.0,93.9
1874633,93.0,82.0,96.0,93.9
1875324,82.0,82.0,93.0,93.9
1875973,91.0,82.1,95.0,93.9
1876672,86.0,82.2,94.0,93.9
1877329,88.0,82.2,95.0,93.9
1877965,85.0,82.3,99.0,93.8
1878693,86.0,82.3,90.0,93.9
1879318,95.0,82.4,98.0,93.9
1879916,88.0,82.6,98.0,94.0
1880603,86.0,82.7,94.0,94.1
1881250,85.0,82.7,93.0,94.1
1881944,88.0,82.8,92.0,94.1
1882574,84.0,82.8,92.0,94.1
1883303,89.0,82.9,94.0,94.0
1884034,83.0,82.9,94.0,94.0
1884629,87.0,82.9,98.0,94.0
1885313,90.0,82.9,92.0,94.1
1885893,95.0,83.0,99.0,94.0
1886454,92.0,83.1,99.0,94.1
1887069,91.0,83.2,97.0,94.1
1887640,82.0,83.2,97.0,94.1
1888193,84.0,83.1,99.0,94.1
1888771,88.0,83.1,100.0,94.2
1889475,86.0,83.1,94.0,94.2
1889987,71.0,83.1,93.0,94.2
1890610,87.0,83.0,95.0,94.2
1891206,86.0,83.0,97.0,94.3
1891751,84.0,83.0,98.0,94.3
1892377,82.0,83.1,92.0,94.4
1892982,77.0,83.1,91.0,94.4
1893629,88.0,83.1,96.0,94.3
1894195,86.0,83.2,94.0,94.3
1894760,83.0,83.2,96.0,94.3
1895369,87.0,83.2,95.0,94.3
1895876,86.0,83.2,98.0,94.3
1896490,71.0,83.3,92.0,94.4
1897148,71.0,83.2,88.0,94.3
1897797,84.0,83.2,93.0,94.3
1898345,89.0,83.3,96.0,94.4
1898935,91.0,83.4,98.0,94.4
1899571,86.0,83.6,95.0,94.5
1900232,73.0,83.7,92.0,94.5
1901223,59.0,83.7,71.0,94.5
1901792,84.0,83.6,98.0,94.4
1902507,76.0,83.7,88.0,94.5
1903046,91.0,83.8,98.0,94.4
1903596,89.0,83.9,98.0,94.5
1904205,91.0,84.2,97.0,94.6
1904809,77.0,84.3,89.0,94.7
1905475,90.0,84.3,96.0,94.7
1906010,84.0,84.4,96.0,94.7
1906828,85.0,84.4,94.0,94.7
1907511,84.0,84.6,90.0,94.8
1908262,87.0,84.6,93.0,94.7
1909154,77.0,84.7,91.0,94.7
1909932,86.0,84.7,96.0,94.7
1910691,81.0,84.7,91.0,94.7
1911405,90.0,84.7,97.0,94.6
1912174,82.0,84.8,89.0,94.6
1912858,79.0,84.8,94.0,94.6
1913585,87.0,84.9,94.0,94.7
1914202,84.0,84.9,98.0,94.7
1915303,80.0,85.0,86.0,94.8
1915945,85.0,84.9,97.0,94.7
1916622,90.0,84.8,98.0,94.7
1917349,88.0,85.0,96.0,94.8
1917951,86.0,85.0,98.0,94.8
1918605,91.0,85.0,96.0,94.8
1919328,87.0,85.2,95.0,94.8
1920114,90.0,85.2,97.0,94.8
1920823,83.0,85.3,91.0,94.8
1921510,91.0,85.3,95.0,94.8
1922212,91.0,85.3,96.0,94.9
1922916,89.0,85.4,94.0,94.9
1923434,88.0,85.4,99.0,94.9
1924087,92.0,85.5,98.0,94.9
1924684,89.0,85.5,100.0,94.9
1925336,95.0,85.5,97.0,95.0
1925960,97.0,85.5,98.0,94.9
1926594,99.0,85.6,99.0,94.9
1927335,97.0,85.7,98.0,95.0
1928108,90.0,85.9,98.0,95.1
1928822,87.0,85.9,98.0,95.1
1929422,87.0,85.9,97.0,95.1
1930135,92.0,85.9,96.0,95.1
1930832,80.0,86.0,92.0,95.1
1931445,90.0,86.1,96.0,95.1
1932116,79.0,86.1,88.0,95.1
1932817,88.0,86.1,96.0,95.0
1933417,95.0,86.1,100.0,95.1
1934016,82.0,86.2,98.0,95.1
1934720,89.0,86.1,91.0,95.1
1935360,80.0,86.1,91.0,95.1
1935924,90.0,86.1,98.0,95.0
1936549,86.0,86.1,92.0,95.0
1937249,92.0,86.1,98.0,94.9
1937906,86.0,86.2,96.0,94.9
1938453,90.0,86.1,99.0,94.9
1939026,94.0,86.1,99.0,94.9
1939603,83.0,86.2,97.0,94.9
1940307,80.0,86.2,86.0,95.0
1940897,87.0,86.0,98.0,94.9
1941438,78.0,86.1,97.0,94.9
1942097,90.0,86.0,94.0,94.9
1942793,80.0,86.0,87.0,94.9
1943423,90.0,85.9,96.0,94.9
1944012,87.0,86.0,97.0,94.8
1944654,82.0,86.0,91.0,94.9
1945225,82.0,85.8,95.0,94.8
1945756,85.0,85.8,98.0,94.8
1946397,76.0,85.8,93.0,94.8
1947018,81.0,85.7,92.0,94.8
1947637,87.0,85.6,96.0,94.8
1948132,78.0,85.6,97.0,94.9
1948639,86.0,85.5,99.0,94.9
1949235,89.0,85.6,97.0,95.0
1949884,86.0,85.6,92.0,95.0
1950397,76.0,85.6,96.0,95.0
1950987,74.0,85.4,94.0,94.9
1951641,86.0,85.2,94.0,94.9
1952274,85.0,85.1,90.0,94.8
1952870,79.0,85.2,95.0,94.8
1953472,80.0,85.1,90.0,94.7
1954069,90.0,85.0,96.0,94.6
1954754,82.0,85.1,93.0,94.6
1955251,79.0,85.2,100.0,94.6
1955807,82.0,85.1,99.0,94.7
1956402,82.0,85.1,96.0,94.7
1957048,72.0,85.0,93.0,94.7
1957651,84.0,84.9,99.0,94.7
1958322,86.0,85.0,94.0,94.8
1959054,76.0,85.0,89.0,94.8
1959653,93.0,84.9,97.0,94.7
1960290,82.0,85.0,96.0,94.7
1960887,86.0,84.9,95.0,94.7
1961483,86.0,84.9,99.0,94.7
1962133,89.0,85.1,93.0,94.8
1962783,88.0,85.3,95.0,94.8
1963335,86.0,85.3,100.0,94.8
1963951,91.0,85.3,99.0,94.9
1964536,89.0,85.3,96.0,94.9
1965121,91.0,85.3,97.0,94.9
1965753,83.0,85.5,97.0,95.0
1966514,80.0,85.7,83.0,95.2
1967178,84.0,85.7,87.0,95.1
1967815,88.0,85.8,96.0,95.1
1968368,86.0,85.7,97.0,95.0
1969018,88.0,85.7,96.0,95.0
1969679,87.0,85.7,92.0,95.0
1970403,81.0,85.8,91.0,95.0
1970979,92.0,85.7,99.0,95.0
1971641,86.0,85.8,91.0,95.0
1972299,90.0,85.8,98.0,95.0
1972920,90.0,85.8,98.0,95.1
1973654,88.0,85.9,91.0,95.1
1974194,86.0,86.0,99.0,95.1
1974774,73.0,86.0,94.0,95.2
1975272,76.0,85.9,98.0,95.2
1975919,91.0,85.8,98.0,95.2
1976533,85.0,85.8,95.0,95.3
1977186,84.0,85.9,92.0,95.3
1977934,82.0,85.9,94.0,95.3
1978497,91.0,85.9,100.0,95.2
1979195,85.0,86.0,93.0,95.4
1979930,81.0,86.0,93.0,95.3
1980575,84.0,85.9,94.0,95.3
1981202,81.0,85.8,94.0,95.3
1981887,82.0,85.8,93.0,95.2
1982490,80.0,85.7,95.0,95.2
1983178,83.0,85.6,92.0,95.2
1983829,84.0,85.6,95.0,95.2
1984446,90.0,85.6,98.0,95.2
1985114,76.0,85.6,90.0,95.2
1985848,81.0,85.4,92.0,95.2
1986550,87.0,85.3,95.0,95.1
1987185,89.0,85.3,94.0,95.1
1987852,79.0,85.3,92.0,95.1
1988487,82.0,85.2,94.0,95.0
1989093,84.0,85.1,95.0,95.0
1989720,76.0,84.9,90.0,94.9
1990258,94.0,84.7,100.0,94.8
1991015,84.0,84.7,89.0,94.8
1991896,80.0,84.6,82.0,94.8
1992598,87.0,84.5,93.0,94.6
1993412,81.0,84.5,84.0,94.6
1994038,87.0,84.4,95.0,94.4
1995024,80.0,84.5,92.0,94.5
1995629,89.0,84.4,96.0,94.4
1996298,88.0,84.5,95.0,94.5
1997401,50.0,84.5,79.0,94.5
1998091,86.0,84.0,95.0,94.3
1998687,85.0,84.1,94.0,94.3
1999330,84.0,84.0,93.0,94.3
1999895,95.0,84.1,99.0,94.3
