1785,14.0,,18.0,
3571,9.0,,7.0,
5357,2.0,,1.0,
7143,1.0,,-1.0,
8929,-8.0,,-7.0,
10715,2.0,,1.0,
12501,-4.0,,0.0,
14287,1.0,,1.0,
16073,8.0,,6.0,
17859,9.0,,8.0,
19645,2.0,,1.0,
21431,14.0,,10.0,
23217,-2.0,,-4.0,
25003,-2.0,,0.0,
26789,-3.0,,-4.0,
28575,5.0,,7.0,
30361,4.0,,-1.0,
32147,1.0,,-7.0,
33933,-2.0,,-5.0,
35719,1.0,,0.0,
37505,8.0,,4.0,
39291,-4.0,,-4.0,
41077,-1.0,,-1.0,
42863,13.0,,15.0,
44649,3.0,,6.0,
46435,0.0,,0.0,
48221,-6.0,,-6.0,
50007,-9.0,,-14.0,
51793,10.0,,8.0,
53579,6.0,,7.0,
55365,-3.0,,0.0,
57151,2.0,,-1.0,
58937,1.0,,4.0,
60723,1.0,,0.0,
62509,1.0,,-1.0,
64295,4.0,,4.0,
66081,-5.0,,-4.0,
67867,0.0,,-1.0,
69653,-4.0,,-3.0,
71439,8.0,,8.0,
73225,4.0,,1.0,
75011,0.0,,0.0,
76797,6.0,,0.0,
78583,-8.0,,-8.0,
80369,-4.0,,-2.0,
82155,3.0,,-2.0,
83941,7.0,,2.0,
85727,3.0,,2.0,
87513,-4.0,,-6.0,
89299,1.0,,-1.0,
91085,4.0,,6.0,
92871,9.0,,19.0,
94657,5.0,,6.0,
96443,3.0,,4.0,
98229,-1.0,,-3.0,
100015,-2.0,,-4.0,
101801,1.0,,0.0,
103587,7.0,,0.0,
105373,18.0,,22.0,
107159,1.0,,-4.0,
108945,2.0,,0.0,
110731,4.0,,4.0,
112517,-3.0,,-10.0,
114303,17.0,,22.0,
116089,9.0,,7.0,
117875,7.0,,0.0,
119661,4.0,,3.0,
121447,6.0,,-1.0,
123233,6.0,,2.0,
125019,-4.0,,-3.0,
126805,6.0,,7.0,
128591,1.0,,4.0,
130377,2.0,,1.0,
132163,10.0,,7.0,
133949,-1.0,,-2.0,
135735,4.0,,3.0,
137521,2.0,,2.0,
139307,1.0,,3.0,
141093,1.0,,3.0,
142879,11.0,,13.0,
144665,3.0,,2.0,
146451,8.0,,-2.0,
148237,-1.0,,-3.0,
150023,-1.0,,-6.0,
151809,1.0,,3.0,
153595,4.0,,10.0,
155381,7.0,,2.0,
157167,2.0,,-3.0,
158953,8.0,,1.0,
160739,6.0,,3.0,
162525,0.0,,-2.0,
164311,-7.0,,-7.0,
166097,-1.0,,-4.0,
167883,3.0,,-2.0,
169669,2.0,,4.0,
171455,12.0,,12.0,
173241,12.0,,10.0,
175027,5.0,,-1.0,
176813,4.0,,1.0,
178599,21.0,,18.0,
180385,-2.0,3.0,-8.0,1.8
182171,4.0,2.9,4.0,1.6
183957,-6.0,2.8,-11.0,1.6
185743,2.0,2.7,4.0,1.4
187529,5.0,2.8,6.0,1.5
189315,6.0,2.9,5.0,1.6
191101,3.0,2.9,1.0,1.7
192887,6.0,3.0,5.0,1.7
194673,3.0,3.0,-1.0,1.7
196459,5.0,3.0,3.0,1.6
198245,-2.0,3.0,-7.0,1.6
200031,0.0,2.9,-2.0,1.5
201817,2.0,2.8,-2.0,1.4
203603,10.0,2.8,10.0,1.4
205389,6.0,2.9,11.0,1.5
207175,-5.0,3.0,-12.0,1.7
208961,6.0,2.9,4.0,1.5
210747,2.0,2.9,1.0,1.5
212533,12.0,3.0,15.0,1.6
214319,-3.0,3.1,-11.0,1.8
216105,6.0,3.0,1.0,1.7
217891,8.0,3.0,6.0,1.7
219677,3.0,3.2,0.0,1.8
221463,5.0,3.2,1.0,1.8
223249,8.0,3.1,9.0,1.6
225035,3.0,3.2,4.0,1.7
226821,18.0,3.2,26.0,1.7
228607,10.0,3.4,11.0,2.0
230393,5.0,3.6,0.0,2.3
232179,6.0,3.6,3.0,2.2
233965,3.0,3.6,1.0,2.2
235751,-1.0,3.6,-7.0,2.2
237537,7.0,3.6,10.0,2.1
239323,1.0,3.7,2.0,2.2
241109,6.0,3.7,0.0,2.2
242895,4.0,3.7,-7.0,2.2
244681,5.0,3.7,-1.0,2.1
246467,9.0,3.8,2.0,2.1
248253,12.0,3.9,11.0,2.1
250039,6.0,4.1,4.0,2.3
251825,2.0,4.0,-5.0,2.2
253611,1.0,4.0,-1.0,2.2
255397,5.0,4.0,6.0,2.2
257183,8.0,4.0,8.0,2.2
258969,9.0,4.2,11.0,2.4
260755,11.0,4.3,12.0,2.5
262541,3.0,4.4,1.0,2.7
264327,14.0,4.4,20.0,2.6
266113,-3.0,4.5,-8.0,2.8
267899,3.0,4.5,2.0,2.8
269685,6.0,4.5,8.0,2.8
271471,0.0,4.5,2.0,2.9
273257,4.0,4.4,1.0,2.7
275043,1.0,4.4,6.0,2.6
276829,9.0,4.4,-1.0,2.7
278615,9.0,4.5,8.0,2.7
280401,5.0,4.6,9.0,2.8
282187,-8.0,4.6,-20.0,2.9
283973,1.0,4.5,1.0,2.7
285759,5.0,4.3,5.0,2.5
287545,8.0,4.4,5.0,2.6
289331,1.0,4.4,0.0,2.6
291117,9.0,4.4,6.0,2.6
292903,3.0,4.5,1.0,2.7
294689,5.0,4.4,1.0,2.5
296475,8.0,4.3,10.0,2.5
298261,6.0,4.3,1.0,2.6
300047,19.0,4.4,21.0,2.6
301833,9.0,4.5,8.0,2.8
303619,4.0,4.5,2.0,2.8
305405,2.0,4.6,0.0,2.9
307191,3.0,4.6,6.0,2.8
308977,2.0,4.6,0.0,2.8
310763,18.0,4.6,24.0,2.8
312549,13.0,4.7,9.0,3.0
314335,9.0,4.8,1.0,3.1
316121,4.0,4.8,1.0,3.1
317907,4.0,4.9,-3.0,3.1
319693,8.0,4.9,5.0,3.0
321479,6.0,5.0,6.0,3.0
323265,8.0,4.9,0.0,3.0
325051,6.0,5.0,3.0,2.9
326837,27.0,5.0,31.0,3.0
328623,11.0,5.2,3.0,3.3
330409,20.0,5.4,29.0,3.4
332195,16.0,5.5,19.0,3.7
333981,3.0,5.7,2.0,3.8
335767,0.0,5.6,-1.0,3.8
337553,2.0,5.6,-6.0,3.8
339339,4.0,5.5,-2.0,3.7
341125,3.0,5.5,-3.0,3.7
342911,7.0,5.6,0.0,3.7
344697,12.0,5.7,3.0,3.7
346483,5.0,5.8,7.0,3.8
348269,8.0,5.8,1.0,3.9
350055,4.0,5.9,-2.0,3.9
351841,-5.0,5.8,-3.0,3.7
353627,5.0,5.6,1.0,3.6
355413,7.0,5.6,0.0,3.6
357199,8.0,5.7,-3.0,3.6
358985,3.0,5.6,2.0,3.4
360771,-4.0,5.6,-11.0,3.5
362557,3.0,5.5,5.0,3.3
364343,2.0,5.6,1.0,3.5
366129,11.0,5.6,14.0,3.5
367915,1.0,5.7,0.0,3.6
369701,6.0,5.6,5.0,3.5
371487,5.0,5.6,0.0,3.5
373273,11.0,5.6,2.0,3.5
375059,14.0,5.7,14.0,3.5
376845,6.0,5.8,5.0,3.6
378631,8.0,5.9,-3.0,3.8
380417,15.0,6.0,8.0,3.7
382203,2.0,6.1,-6.0,3.8
383989,-1.0,6.0,-5.0,3.7
385775,12.0,6.0,11.0,3.5
387561,5.0,6.1,4.0,3.8
389347,7.0,6.1,1.0,3.8
391133,9.0,6.2,3.0,3.8
392919,3.0,6.1,-1.0,3.6
394705,3.0,6.2,0.0,3.7
396491,17.0,6.2,6.0,3.7
398277,3.0,6.2,-5.0,3.7
400063,5.0,6.2,1.0,3.7
401849,3.0,6.2,0.0,3.7
403635,2.0,6.2,-1.0,3.6
405421,15.0,6.2,9.0,3.5
407207,8.0,6.2,9.0,3.4
408993,0.0,6.1,-10.0,3.3
410779,12.0,6.1,10.0,3.2
412565,3.0,6.2,1.0,3.3
414351,3.0,6.2,5.0,3.3
416137,16.0,6.2,14.0,3.4
417923,10.0,6.3,3.0,3.5
419709,9.0,6.4,1.0,3.5
421495,8.0,6.4,5.0,3.5
423281,14.0,6.4,8.0,3.6
425067,0.0,6.5,-1.0,3.7
426853,20.0,6.4,14.0,3.7
428639,8.0,6.5,3.0,3.7
430425,-1.0,6.5,-5.0,3.7
432211,6.0,6.5,4.0,3.7
433997,5.0,6.6,0.0,3.7
435783,4.0,6.6,-4.0,3.7
437569,8.0,6.5,6.0,3.6
439355,3.0,6.5,5.0,3.5
441141,14.0,6.4,8.0,3.4
442927,11.0,6.5,10.0,3.5
444713,23.0,6.5,31.0,3.4
446499,-3.0,6.8,-6.0,3.8
448285,11.0,6.7,18.0,3.7
450071,6.0,6.8,-1.0,3.8
451857,4.0,6.8,-8.0,3.8
453643,19.0,6.8,22.0,3.7
455429,6.0,7.0,7.0,3.9
457215,15.0,7.0,8.0,3.9
459001,11.0,7.0,10.0,3.9
460787,12.0,7.1,4.0,4.0
462573,2.0,7.3,-3.0,4.2
464359,1.0,7.3,-3.0,4.2
466145,3.0,7.3,0.0,4.1
467931,10.0,7.2,3.0,4.0
469717,10.0,7.3,2.0,4.0
471503,17.0,7.3,11.0,4.0
473289,6.0,7.4,-7.0,4.1
475075,8.0,7.5,13.0,4.0
476861,14.0,7.5,16.0,4.1
478647,6.0,7.5,1.0,4.2
480433,15.0,7.4,6.0,4.0
482219,22.0,7.5,18.0,4.0
484005,1.0,7.6,5.0,4.2
485791,20.0,7.6,28.0,4.2
487577,9.0,7.8,-4.0,4.4
489363,23.0,7.9,28.0,4.4
491149,-1.0,7.9,-3.0,4.4
492935,20.0,7.8,24.0,4.3
494721,10.0,7.9,7.0,4.5
496507,8.0,8.0,-2.0,4.6
498293,1.0,8.0,-3.0,4.6
500079,6.0,7.9,12.0,4.5
501865,5.0,7.9,7.0,4.6
503651,10.0,7.9,5.0,4.6
505437,10.0,7.9,3.0,4.7
507223,3.0,7.8,-8.0,4.4
509009,12.0,7.7,12.0,4.3
510795,9.0,7.6,5.0,4.1
512581,8.0,7.5,12.0,4.0
514367,-3.0,7.6,-4.0,4.1
516153,22.0,7.6,25.0,4.0
517939,10.0,7.8,4.0,4.4
519725,-1.0,7.8,-8.0,4.4
521511,10.0,7.8,3.0,4.4
523297,4.0,7.8,2.0,4.4
525083,11.0,7.7,6.0,4.4
526869,15.0,7.8,16.0,4.4
528655,11.0,7.9,13.0,4.5
530441,5.0,7.9,-3.0,4.7
532227,13.0,8.0,9.0,4.7
534013,14.0,8.1,19.0,4.8
535799,5.0,8.2,5.0,4.9
537585,10.0,8.2,4.0,5.0
539371,6.0,8.2,4.0,5.0
541157,13.0,8.3,3.0,5.2
542943,10.0,8.4,1.0,5.2
544729,4.0,8.5,0.0,5.2
546515,21.0,8.4,15.0,5.0
548301,14.0,8.6,7.0,5.2
550087,7.0,8.7,-1.0,5.2
551873,16.0,8.7,16.0,5.2
553659,14.0,8.8,13.0,5.3
555445,7.0,8.8,3.0,5.3
557231,17.0,8.8,12.0,5.3
559017,10.0,8.9,1.0,5.4
560803,20.0,8.8,19.0,5.4
562589,4.0,9.0,7.0,5.6
564375,15.0,9.1,18.0,5.8
566161,20.0,9.1,24.0,5.8
567947,13.0,9.2,15.0,6.0
569733,8.0,9.3,0.0,6.2
571519,4.0,9.3,-1.0,6.1
573305,5.0,9.3,3.0,6.1
575091,3.0,9.3,-3.0,6.2
576877,14.0,9.2,14.0,6.1
578663,-1.0,9.3,-2.0,6.3
580449,25.0,9.2,31.0,6.2
582203,24.0,9.4,26.0,6.5
583989,2.0,9.7,0.0,6.8
585775,17.0,9.5,13.0,6.7
587561,6.0,9.6,2.0,6.8
589347,7.0,9.7,5.0,6.9
591133,21.0,9.6,15.0,6.8
592919,12.0,9.8,8.0,7.0
594705,19.0,9.9,15.0,7.0
596491,11.0,9.9,0.0,7.0
598277,8.0,10.0,6.0,7.0
600063,23.0,9.9,33.0,7.0
601849,3.0,10.1,0.0,7.3
603635,12.0,10.0,9.0,7.2
605421,-1.0,10.1,0.0,7.3
607207,32.0,9.9,31.0,7.2
608993,3.0,10.1,-4.0,7.5
610779,17.0,10.2,21.0,7.5
612565,0.0,10.3,-4.0,7.6
614351,7.0,10.2,0.0,7.6
616137,5.0,10.3,7.0,7.6
617923,12.0,10.2,10.0,7.7
619709,5.0,10.3,0.0,7.7
621495,6.0,10.2,6.0,7.6
623281,11.0,10.2,15.0,7.6
625067,16.0,10.1,19.0,7.4
626853,11.0,10.2,4.0,7.7
628639,1.0,10.2,-7.0,7.5
630425,16.0,10.2,5.0,7.5
632211,13.0,10.3,11.0,7.6
633997,15.0,10.3,14.0,7.5
635783,15.0,10.4,7.0,7.6
637569,10.0,10.4,3.0,7.6
639355,6.0,10.3,5.0,7.5
641141,11.0,10.3,12.0,7.5
642927,21.0,10.4,24.0,7.6
644713,10.0,10.6,14.0,7.9
646499,3.0,10.6,-4.0,8.1
648271,26.0,10.6,27.0,8.0
650057,1.0,10.7,-4.0,8.2
651843,5.0,10.6,1.0,8.1
653629,13.0,10.6,15.0,8.2
655415,6.0,10.6,3.0,8.2
657201,4.0,10.5,2.0,8.1
658987,14.0,10.5,9.0,8.1
660610,33.0,10.5,44.0,8.1
662396,5.0,10.6,8.0,8.4
664182,5.0,10.6,-1.0,8.4
665968,10.0,10.5,-3.0,8.1
667754,12.0,10.5,20.0,8.1
669540,6.0,10.4,-3.0,8.0
671326,4.0,10.5,0.0,8.0
673112,7.0,10.3,4.0,7.8
674898,17.0,10.3,24.0,7.8
676684,19.0,10.4,7.0,8.0
678406,24.0,10.6,21.0,8.1
680192,4.0,10.7,-1.0,8.2
681978,2.0,10.7,0.0,8.1
683764,17.0,10.6,6.0,8.1
685550,12.0,10.7,10.0,8.1
687336,13.0,10.8,15.0,8.3
689122,10.0,10.8,8.0,8.3
690908,10.0,10.8,-2.0,8.4
692694,5.0,10.8,-2.0,8.2
694480,16.0,10.9,3.0,8.2
696266,5.0,10.9,3.0,8.0
698052,8.0,10.8,5.0,8.0
699838,7.0,10.9,9.0,8.1
701269,32.0,10.9,40.0,8.2
703055,17.0,11.2,8.0,8.6
704666,27.0,11.2,31.0,8.6
706452,12.0,11.3,5.0,8.7
708238,18.0,11.3,17.0,8.7
710024,11.0,11.5,5.0,8.9
711810,8.0,11.4,5.0,8.8
713596,9.0,11.4,6.0,8.7
715382,22.0,11.4,8.0,8.7
717168,4.0,11.6,-4.0,8.7
718954,1.0,11.5,-9.0,8.6
720740,11.0,11.4,13.0,8.5
722526,16.0,11.4,12.0,8.6
724312,13.0,11.5,2.0,8.8
726098,9.0,11.5,9.0,8.6
727884,4.0,11.4,-1.0,8.7
729670,17.0,11.4,15.0,8.7
731456,7.0,11.4,5.0,8.6
733242,14.0,11.3,5.0,8.6
735028,5.0,11.4,6.0,8.6
736814,14.0,11.3,18.0,8.5
738600,23.0,11.3,22.0,8.7
740386,-3.0,11.3,-12.0,8.7
742113,37.0,11.3,36.0,8.5
743899,16.0,11.5,12.0,8.7
745685,12.0,11.4,12.0,8.6
747471,13.0,11.4,8.0,8.6
749257,14.0,11.5,8.0,8.6
751043,26.0,11.6,27.0,8.7
752829,10.0,11.8,2.0,9.0
754615,4.0,11.9,-2.0,9.0
756294,34.0,11.8,35.0,8.9
758080,10.0,12.1,5.0,9.2
759866,18.0,12.0,15.0,9.0
761652,13.0,11.9,7.0,8.9
763229,23.0,12.0,31.0,8.9
765015,3.0,12.1,-3.0,9.1
766801,6.0,12.0,3.0,9.1
768587,11.0,12.0,8.0,9.0
770373,11.0,11.9,9.0,9.0
772153,17.0,11.9,19.0,9.0
773939,8.0,11.9,11.0,9.0
775725,19.0,11.9,19.0,9.1
777438,30.0,12.0,27.0,9.3
779224,8.0,12.1,2.0,9.2
780951,27.0,12.1,31.0,9.2
782737,7.0,12.3,0.0,9.4
784523,23.0,12.3,19.0,9.4
786309,15.0,12.2,14.0,9.3
788095,30.0,12.4,40.0,9.5
789746,26.0,12.5,31.0,9.7
791449,23.0,12.8,24.0,10.0
793235,7.0,12.9,11.0,10.3
795021,18.0,12.9,7.0,10.3
796807,2.0,13.0,1.0,10.3
798593,6.0,13.0,4.0,10.3
800379,15.0,13.0,14.0,10.3
802165,9.0,13.0,13.0,10.3
803951,23.0,12.9,20.0,10.2
805737,18.0,13.1,11.0,10.4
807412,24.0,13.2,21.0,10.6
809198,21.0,13.3,13.0,10.7
810933,25.0,13.4,26.0,10.7
812719,22.0,13.5,14.0,10.9
814505,15.0,13.6,13.0,10.9
816040,28.0,13.6,34.0,11.0
817498,13.0,13.8,25.0,11.3
819169,30.0,13.8,24.0,11.4
820955,5.0,13.9,-2.0,11.4
822552,19.0,13.9,25.0,11.3
823991,38.0,14.0,28.0,11.6
825392,43.0,14.2,37.0,11.6
827108,33.0,14.6,28.0,12.0
828757,15.0,14.9,19.0,12.3
830543,24.0,14.9,19.0,12.3
831815,45.0,15.1,57.0,12.5
833527,42.0,15.5,34.0,13.0
835313,17.0,15.8,9.0,13.3
837099,18.0,15.6,18.0,12.9
838793,31.0,15.7,30.0,13.0
840579,6.0,16.0,0.0,13.3
842192,28.0,16.0,20.0,13.4
843978,19.0,16.1,27.0,13.4
845764,14.0,16.2,14.0,13.7
847550,23.0,16.3,16.0,13.8
849336,27.0,16.5,24.0,13.9
851071,18.0,16.6,11.0,13.9
852740,30.0,16.6,32.0,14.0
854526,12.0,16.6,22.0,14.1
856312,26.0,16.7,16.0,14.3
858098,31.0,17.0,31.0,14.5
859867,15.0,17.1,4.0,14.7
861653,23.0,17.1,28.0,14.6
863439,33.0,17.2,28.0,14.8
865214,26.0,17.5,36.0,15.0
866851,47.0,17.6,51.0,15.4
868637,18.0,18.0,22.0,15.9
870423,20.0,18.1,14.0,16.1
872209,14.0,18.2,14.0,16.2
873995,16.0,18.3,12.0,16.3
875596,35.0,18.4,32.0,16.3
877201,34.0,18.4,36.0,16.2
878987,8.0,18.6,4.0,16.5
880773,5.0,18.4,7.0,16.2
882559,12.0,18.3,7.0,16.3
884345,7.0,18.2,4.0,16.2
886131,12.0,18.2,8.0,16.2
887877,26.0,18.2,20.0,16.2
889663,28.0,18.4,33.0,16.3
891449,12.0,18.5,5.0,16.6
893235,24.0,18.6,25.0,16.7
894997,25.0,18.8,25.0,17.0
896655,41.0,18.9,33.0,17.1
898441,28.0,19.2,24.0,17.3
899879,47.0,19.3,54.0,17.6
901645,24.0,19.7,23.0,18.0
903431,15.0,19.9,11.0,18.2
904981,38.0,19.9,41.0,18.2
906767,34.0,20.2,26.0,18.6
908553,5.0,20.4,0.0,18.8
910209,41.0,20.4,40.0,18.7
911995,24.0,20.7,16.0,18.9
913781,10.0,20.7,18.0,18.9
915567,34.0,20.8,29.0,19.2
917190,34.0,20.8,34.0,19.1
918809,33.0,21.0,37.0,19.3
920595,20.0,21.2,26.0,19.6
922381,31.0,21.2,33.0,19.8
924167,22.0,21.4,24.0,20.0
925243,49.0,21.4,66.0,20.0
926948,18.0,21.8,16.0,20.6
928674,31.0,21.9,34.0,20.8
930460,15.0,21.9,14.0,20.8
932246,5.0,21.9,-2.0,20.9
933959,28.0,21.8,29.0,20.7
935442,51.0,21.9,56.0,20.9
936929,47.0,22.2,55.0,21.2
938688,43.0,22.7,35.0,21.8
940256,35.0,23.0,32.0,22.1
941928,19.0,23.3,16.0,22.3
943348,32.0,23.4,43.0,22.4
945134,16.0,23.5,9.0,22.6
946632,48.0,23.6,36.0,22.6
948418,7.0,23.9,5.0,22.8
950070,27.0,23.6,15.0,22.6
951252,58.0,23.8,64.0,22.7
952682,42.0,24.1,53.0,23.0
954468,20.0,24.5,16.0,23.5
956254,17.0,24.5,17.0,23.5
957943,39.0,24.5,49.0,23.5
959729,43.0,24.6,42.0,23.6
961462,36.0,24.7,38.0,23.7
962648,52.0,24.9,57.0,23.9
964217,35.0,25.3,41.0,24.3
965646,39.0,25.5,37.0,24.7
967154,52.0,25.9,47.0,25.0
968482,39.0,26.3,41.0,25.5
970202,25.0,26.6,26.0,25.7
971942,35.0,26.7,26.0,25.9
973728,32.0,26.8,33.0,25.9
975514,31.0,27.0,24.0,26.2
977023,41.0,27.0,38.0,26.2
978397,52.0,27.2,56.0,26.4
980183,33.0,27.5,35.0,26.7
981602,54.0,27.6,56.0,26.9
983388,23.0,28.0,22.0,27.4
985027,34.0,28.0,38.0,27.2
986813,47.0,28.2,36.0,27.4
988599,2.0,28.4,4.0,27.5
989823,55.0,28.3,54.0,27.6
991418,51.0,28.7,55.0,27.8
993204,11.0,28.8,8.0,28.1
994972,42.0,28.5,44.0,27.8
996734,43.0,28.6,31.0,28.0
998038,55.0,28.9,53.0,28.1
999568,42.0,29.2,45.0,28.4
1001028,32.0,29.1,34.0,28.3
1002482,49.0,29.0,60.0,28.3
1003422,57.0,29.4,76.0,28.8
1004983,37.0,29.8,39.0,29.4
1006316,47.0,29.8,52.0,29.5
1008102,27.0,30.2,23.0,30.0
1009745,42.0,30.2,44.0,30.1
1011387,36.0,30.4,36.0,30.2
1012574,44.0,30.7,42.0,30.4
1013847,47.0,30.9,55.0,30.7
1014827,54.0,31.1,60.0,31.0
1015976,53.0,31.4,56.0,31.5
1016942,66.0,31.7,74.0,31.8
1018288,40.0,32.2,41.0,32.3
1019759,38.0,32.3,33.0,32.5
1021545,23.0,32.4,20.0,32.5
1023052,25.0,32.5,34.0,32.7
1024471,37.0,32.5,42.0,32.8
1025723,63.0,32.6,62.0,32.9
1027509,26.0,32.9,24.0,33.2
1029051,46.0,32.7,49.0,32.9
1030541,40.0,33.0,38.0,33.2
1032017,40.0,33.2,41.0,33.4
1033803,24.0,33.4,12.0,33.7
1034925,61.0,33.5,58.0,33.7
1036325,52.0,33.8,46.0,33.9
1037680,41.0,34.0,45.0,34.0
1038859,54.0,34.3,53.0,34.4
1040645,29.0,34.8,25.0,34.9
1042157,38.0,35.0,41.0,35.1
1043650,30.0,35.3,28.0,35.4
1044697,62.0,35.4,66.0,35.6
1046483,17.0,35.8,11.0,36.1
1048269,46.0,35.7,48.0,35.9
1049693,47.0,36.0,51.0,36.3
1051173,42.0,36.3,38.0,36.6
1052631,40.0,36.4,42.0,36.7
1054184,55.0,36.4,63.0,36.8
1055746,41.0,36.7,40.0,37.2
1057532,18.0,36.6,16.0,37.0
1058925,52.0,36.6,44.0,37.0
1060187,51.0,37.0,60.0,37.3
1061447,49.0,37.1,59.0,37.5
1063175,32.0,37.2,27.0,37.8
1064961,36.0,37.5,35.0,38.1
1066434,54.0,37.4,53.0,38.0
1067989,43.0,37.8,39.0,38.4
1069463,35.0,38.1,36.0,38.6
1070658,65.0,38.1,69.0,38.7
1071885,58.0,38.4,60.0,39.0
1073419,50.0,38.6,59.0,39.3
1075039,45.0,39.0,42.0,39.6
1076012,69.0,39.1,74.0,39.7
1077333,47.0,39.6,52.0,40.2
1078819,42.0,39.5,37.0,40.1
1080229,44.0,39.8,42.0,40.3
1081559,50.0,39.9,55.0,40.4
1082698,57.0,40.3,69.0,40.8
1083953,61.0,40.8,62.0,41.5
1085562,34.0,41.1,28.0,41.8
1087162,57.0,40.9,57.0,41.5
1088307,69.0,41.0,73.0,41.5
1089392,71.0,41.3,70.0,41.9
1090791,54.0,41.7,51.0,42.3
1092318,56.0,42.0,56.0,42.6
1094104,21.0,42.2,8.0,42.8
1095419,70.0,42.3,63.0,42.8
1096400,71.0,42.5,73.0,43.0
1098173,32.0,43.2,32.0,43.7
1099305,51.0,43.2,57.0,43.9
1100911,50.0,43.1,48.0,43.8
1102172,69.0,43.2,71.0,43.8
1103958,23.0,43.7,24.0,44.3
1105221,51.0,43.8,57.0,44.4
1106734,37.0,43.9,30.0,44.5
1108240,34.0,43.8,33.0,44.4
1109145,71.0,43.8,74.0,44.3
1110360,61.0,44.0,66.0,44.5
1111575,49.0,44.3,56.0,44.7
1112513,55.0,44.4,60.0,44.9
1113750,52.0,44.4,47.0,45.0
1114965,47.0,44.5,49.0,45.1
1116035,64.0,44.7,72.0,45.3
1117247,45.0,45.0,49.0,45.8
1118613,52.0,45.2,44.0,46.0
1119493,75.0,45.4,72.0,46.2
1120778,59.0,45.7,54.0,46.5
1122077,41.0,45.8,42.0,46.5
1123570,39.0,45.9,41.0,46.5
1124580,57.0,45.7,62.0,46.4
1125973,51.0,46.0,53.0,46.8
1126909,73.0,46.2,78.0,46.9
1127984,67.0,46.5,71.0,47.4
1129153,53.0,47.1,49.0,48.0
1130377,52.0,47.1,51.0,48.0
1131618,49.0,47.1,43.0,47.9
1132858,43.0,47.5,48.0,48.3
1134328,35.0,47.5,41.0,48.3
1135743,35.0,47.4,42.0,48.4
1137170,37.0,47.2,28.0,48.3
1138111,59.0,47.2,77.0,48.2
1139635,44.0,47.4,46.0,48.6
1140849,61.0,47.4,61.0,48.4
1142179,48.0,47.4,49.0,48.3
1143603,29.0,47.6,25.0,48.4
1144898,53.0,47.4,59.0,48.1
1146462,23.0,47.6,28.0,48.5
1147677,37.0,47.4,55.0,48.3
1149463,30.0,47.4,21.0,48.5
1151249,3.0,47.3,-4.0,48.3
1152538,42.0,46.9,42.0,47.7
1153943,52.0,46.8,40.0,47.5
1155187,56.0,46.7,57.0,47.4
1156234,55.0,46.6,63.0,47.2
1158020,12.0,46.8,2.0,47.4
1159373,55.0,46.5,48.0,47.1
1160426,52.0,46.8,59.0,47.4
1162088,32.0,47.1,28.0,47.6
1162981,68.0,47.1,65.0,47.5
1164365,49.0,47.1,50.0,47.5
1165839,32.0,47.4,35.0,47.8
1167625,15.0,47.2,5.0,47.6
1168912,52.0,47.0,57.0,47.3
1170091,49.0,47.1,53.0,47.5
1171284,45.0,47.3,42.0,47.9
1172770,47.0,47.2,40.0,47.7
1174015,51.0,47.1,53.0,47.7
1175254,39.0,47.2,49.0,47.8
1176626,45.0,47.1,49.0,47.7
1177897,52.0,47.2,57.0,48.0
1179056,60.0,47.4,63.0,48.1
1180305,64.0,47.7,63.0,48.5
1181428,65.0,47.7,62.0,48.4
1182847,41.0,48.2,47.0,48.9
1183843,65.0,48.1,70.0,48.9
1184888,62.0,48.3,63.0,49.1
1186221,43.0,48.5,49.0,49.4
1187764,44.0,48.5,45.0,49.4
1188751,63.0,48.4,73.0,49.3
1190003,60.0,48.6,58.0,49.6
1191083,60.0,49.1,58.0,50.0
1192493,45.0,49.1,44.0,50.2
1194279,13.0,49.1,12.0,50.0
1195591,54.0,48.7,47.0,49.5
1196606,60.0,48.9,56.0,49.7
1197537,61.0,49.2,70.0,49.9
1198753,61.0,49.2,63.0,50.1
1200327,42.0,49.4,39.0,50.3
1201426,59.0,49.5,53.0,50.4
1202570,59.0,49.4,62.0,50.2
1204269,34.0,49.4,25.0,50.2
1205645,48.0,49.3,49.0,49.9
1207307,33.0,49.3,28.0,50.0
1208338,65.0,49.0,64.0,49.5
1209117,78.0,49.1,79.0,49.6
1210861,24.0,49.5,26.0,50.0
1212191,48.0,49.3,45.0,49.9
1213244,57.0,49.3,63.0,49.8
1215030,26.0,49.3,21.0,49.7
1216352,47.0,48.9,51.0,49.3
1217843,30.0,49.1,26.0,49.5
1218992,66.0,48.8,68.0,49.2
1220200,58.0,48.8,61.0,49.2
1221408,55.0,48.6,54.0,49.1
1222879,33.0,48.6,33.0,49.1
1224190,44.0,48.4,43.0,48.9
1225406,53.0,48.6,53.0,49.2
1226840,32.0,48.5,33.0,49.1
1228144,47.0,48.1,55.0,48.7
1229318,53.0,48.2,61.0,49.0
1230887,40.0,48.2,31.0,49.0
1232377,46.0,48.2,40.0,48.8
1233612,56.0,47.9,60.0,48.5
1234915,49.0,48.2,56.0,48.9
1236039,59.0,48.2,64.0,48.9
1237242,55.0,48.4,53.0,49.2
1238487,59.0,48.7,60.0,49.4
1240015,42.0,48.5,43.0,49.3
1241257,59.0,48.4,54.0,49.0
1242386,67.0,48.4,68.0,49.0
1243256,76.0,48.6,77.0,49.1
1244373,59.0,48.8,61.0,49.4
1245832,36.0,48.9,43.0,49.5
1247188,49.0,48.6,45.0,49.2
1247955,84.0,48.7,85.0,49.2
1249375,50.0,49.0,48.0,49.6
1250335,65.0,48.8,69.0,49.4
1251408,59.0,48.8,62.0,49.5
1252293,68.0,49.0,75.0,49.7
1253583,54.0,49.3,64.0,50.1
1255082,46.0,49.3,41.0,50.1
1256147,65.0,49.2,70.0,50.0
1257420,62.0,49.1,62.0,49.9
1258130,76.0,49.1,83.0,49.8
1259098,70.0,49.3,67.0,50.1
1260717,47.0,49.5,44.0,50.3
1261439,85.0,49.5,84.0,50.3
1262681,58.0,49.9,66.0,50.7
1263844,60.0,50.1,66.0,50.9
1264897,72.0,50.4,73.0,51.2
1266289,53.0,50.7,50.0,51.6
1267303,66.0,50.7,61.0,51.3
1268699,59.0,50.9,64.0,51.5
1269605,75.0,50.9,75.0,51.5
1270663,61.0,51.1,55.0,51.8
1272039,43.0,51.4,40.0,52.1
1273615,40.0,51.4,31.0,51.9
1274782,65.0,51.5,57.0,51.9
1276266,40.0,51.8,29.0,51.9
1277351,60.0,51.9,66.0,52.0
1278625,62.0,52.5,60.0,52.7
1279749,65.0,52.7,64.0,52.9
1281090,50.0,52.8,51.0,53.1
1281955,74.0,52.7,78.0,53.1
1282909,65.0,52.9,70.0,53.2
1284413,43.0,53.5,49.0,53.9
1285215,68.0,53.3,79.0,53.9
1286011,67.0,53.5,77.0,54.1
1287069,59.0,53.8,60.0,54.6
1288690,37.0,53.8,31.0,54.6
1289902,49.0,53.6,51.0,54.4
1290892,66.0,53.8,69.0,54.5
1292154,44.0,54.3,41.0,55.2
1293502,44.0,54.2,47.0,55.0
1294689,64.0,54.2,59.0,54.9
1295689,52.0,54.4,57.0,55.1
1296911,46.0,54.4,48.0,55.3
1297890,62.0,54.4,60.0,55.2
1299568,31.0,54.6,22.0,55.3
1300773,50.0,54.5,55.0,55.1
1302001,57.0,54.4,54.0,55.0
1303356,47.0,54.4,48.0,55.0
1304482,57.0,54.2,56.0,54.8
1305871,50.0,54.2,41.0,54.8
1307163,54.0,54.3,53.0,54.7
1307886,76.0,54.2,74.0,54.5
1308697,80.0,54.3,83.0,54.6
1309702,71.0,54.7,69.0,55.0
1310761,63.0,54.9,63.0,55.2
1311558,72.0,54.9,75.0,55.1
1312776,53.0,55.0,65.0,55.3
1314244,46.0,55.0,46.0,55.4
1315964,45.0,55.0,39.0,55.4
1317008,70.0,55.3,71.0,55.6
1318236,53.0,55.5,54.0,55.9
1319462,45.0,55.4,46.0,55.9
1320918,45.0,55.2,45.0,55.6
1322266,52.0,55.1,60.0,55.4
1323788,36.0,55.2,34.0,55.6
1324782,59.0,55.0,69.0,55.5
1325685,73.0,55.0,78.0,55.5
1327091,48.0,55.3,49.0,56.1
1328411,52.0,55.3,49.0,56.1
1329608,53.0,55.5,56.0,56.3
1330731,51.0,55.4,60.0,56.2
1332361,49.0,55.1,53.0,56.0
1333569,64.0,55.4,66.0,56.3
1334781,65.0,55.6,67.0,56.5
1336174,53.0,55.6,49.0,56.5
1337297,63.0,55.9,65.0,56.8
1337951,79.0,56.1,91.0,56.9
1338830,68.0,56.6,76.0,57.6
1340096,54.0,56.6,59.0,57.7
1341445,47.0,56.5,50.0,57.6
1342859,44.0,56.4,41.0,57.6
1343986,54.0,56.6,60.0,57.7
1345554,47.0,56.7,43.0,57.9
1346652,63.0,56.6,61.0,57.8
1347865,62.0,56.9,63.0,58.0
1348784,70.0,57.1,82.0,58.1
1349438,74.0,57.2,87.0,58.3
1350409,69.0,57.6,72.0,58.9
1351346,72.0,57.8,72.0,59.2
1352441,57.0,58.0,57.0,59.3
1353511,71.0,58.0,72.0,59.3
1355239,26.0,58.2,18.0,59.4
1356104,64.0,57.9,64.0,59.1
1357083,69.0,57.9,72.0,59.1
1358249,59.0,58.2,58.0,59.4
1359222,70.0,58.2,72.0,59.4
1360586,60.0,58.2,56.0,59.5
1361398,75.0,58.1,80.0,59.3
1362704,56.0,58.2,49.0,59.5
1364082,40.0,58.4,44.0,59.5
1364891,77.0,58.3,79.0,59.5
1365714,67.0,58.3,75.0,59.4
1367109,58.0,58.4,63.0,59.7
1368458,47.0,58.4,43.0,59.7
1369946,43.0,58.2,34.0,59.5
1371732,16.0,58.0,6.0,59.1
1372703,63.0,57.6,70.0,58.5
1373535,69.0,57.8,79.0,58.8
1375009,46.0,57.8,43.0,58.9
1376010,62.0,57.7,65.0,58.7
1377534,39.0,57.5,38.0,58.5
1378583,67.0,57.2,68.0,58.2
1380020,54.0,57.4,61.0,58.4
1381091,60.0,57.1,64.0,58.2
1382329,51.0,57.1,49.0,58.2
1383617,59.0,57.0,57.0,58.0
1384692,68.0,56.9,67.0,57.9
1385749,55.0,57.0,60.0,58.0
1387535,32.0,56.9,14.0,58.0
1388643,66.0,56.7,60.0,57.5
1389652,65.0,56.6,74.0,57.4
1390740,61.0,56.6,70.0,57.6
1392224,55.0,56.8,48.0,57.9
1393727,50.0,57.0,44.0,58.0
1394800,67.0,56.8,68.0,57.9
1396186,53.0,57.1,48.0,58.3
1397146,76.0,57.0,76.0,58.1
1398230,65.0,57.1,69.0,58.3
1399337,67.0,57.1,70.0,58.3
1401083,37.0,57.3,33.0,58.5
1402590,55.0,56.9,51.0,58.1
1403635,66.0,56.8,67.0,57.9
1404595,69.0,57.1,76.0,58.0
1405703,54.0,57.1,62.0,58.0
1407489,33.0,57.0,35.0,57.9
1408631,58.0,56.7,60.0,57.6
1410175,59.0,56.9,57.0,57.9
1411755,45.0,57.0,41.0,58.0
1412942,63.0,56.8,59.0,57.7
1414145,71.0,57.0,71.0,57.9
1415337,66.0,57.2,69.0,58.1
1416328,71.0,57.3,71.0,58.2
1417479,65.0,57.5,67.0,58.4
1418337,71.0,57.6,72.0,58.5
1419556,60.0,57.7,61.0,58.7
1420665,62.0,58.0,67.0,59.0
1421958,53.0,58.2,52.0,59.2
1423247,59.0,58.1,63.0,59.2
1423960,88.0,58.2,92.0,59.3
1425228,66.0,58.5,64.0,59.7
1426338,66.0,58.7,66.0,59.9
1427598,66.0,58.8,66.0,60.0
1428659,63.0,58.7,67.0,59.9
1429853,48.0,58.6,57.0,59.8
1430989,58.0,58.3,60.0,59.7
1431869,81.0,58.3,83.0,59.6
1433106,60.0,58.4,59.0,59.7
1433989,74.0,58.4,76.0,59.6
1434837,80.0,58.7,81.0,60.0
1435822,68.0,59.1,70.0,60.4
1436541,82.0,59.0,84.0,60.4
1437305,79.0,59.3,81.0,60.7
1438627,56.0,59.7,53.0,61.0
1439607,71.0,59.8,77.0,61.1
1440643,70.0,60.0,73.0,61.3
1441496,75.0,60.3,82.0,61.6
1442727,57.0,60.5,63.0,61.8
1443575,81.0,60.3,85.0,61.6
1444396,77.0,60.6,83.0,62.0
1445593,64.0,60.9,61.0,62.3
1446748,63.0,61.0,71.0,62.4
1448086,61.0,61.1,57.0,62.5
1448720,86.0,61.2,86.0,62.5
1450005,54.0,61.5,55.0,62.7
1451039,71.0,61.4,65.0,62.6
1451670,88.0,61.5,88.0,62.8
1452622,81.0,61.8,87.0,63.0
1454408,5.0,61.8,-2.0,63.0
1455627,58.0,61.2,56.0,62.2
1456762,59.0,61.2,63.0,62.2
1458008,67.0,61.3,70.0,62.3
1459099,72.0,61.6,74.0,62.6
1459966,73.0,61.7,72.0,62.7
1461132,58.0,62.0,66.0,63.0
1461948,80.0,62.0,82.0,63.0
1462824,82.0,62.1,82.0,63.2
1463564,81.0,62.2,84.0,63.2
1464681,69.0,62.3,70.0,63.2
1465583,77.0,62.3,82.0,63.2
1466498,74.0,62.4,80.0,63.3
1467175,82.0,62.5,90.0,63.5
1468243,75.0,62.6,72.0,63.7
1469568,62.0,63.1,61.0,64.2
1470487,71.0,63.1,71.0,64.2
1471744,50.0,63.1,53.0,64.2
1473530,16.0,63.0,6.0,64.2
1474764,61.0,62.5,56.0,63.5
1476016,60.0,62.5,63.0,63.5
1476958,75.0,62.4,82.0,63.3
1478232,62.0,62.6,58.0,63.6
1479289,65.0,62.8,61.0,63.8
1480205,71.0,62.7,75.0,63.6
1481664,41.0,62.7,48.0,63.6
1482781,67.0,62.5,69.0,63.5
1483570,81.0,62.7,85.0,63.7
1484881,53.0,63.1,47.0,64.2
1485954,66.0,63.5,68.0,64.6
1487625,43.0,63.5,32.0,64.6
1488786,58.0,63.2,56.0,64.2
1489704,76.0,63.4,79.0,64.3
1490578,76.0,63.5,74.0,64.4
1491450,78.0,63.9,78.0,64.8
1492409,60.0,64.0,63.0,64.9
1493268,72.0,64.0,81.0,64.9
1494311,69.0,64.2,68.0,65.1
1495178,78.0,64.4,81.0,65.3
1496523,51.0,64.5,50.0,65.5
1497587,66.0,64.4,67.0,65.3
1498520,67.0,64.5,70.0,65.4
1499620,64.0,64.8,67.0,66.0
1500437,76.0,64.8,81.0,66.0
1501586,62.0,64.9,65.0,66.1
1503372,14.0,64.9,0.0,66.0
1504518,64.0,64.5,69.0,65.6
1505730,56.0,64.7,60.0,65.8
1506769,72.0,64.6,69.0,65.7
1507658,70.0,64.7,79.0,66.0
1508644,65.0,64.7,71.0,66.0
1509704,64.0,64.7,65.0,66.0
1510610,70.0,64.6,71.0,66.0
1511611,71.0,65.0,71.0,66.3
1512852,59.0,65.1,56.0,66.5
1513610,78.0,65.1,84.0,66.4
1514334,82.0,65.2,85.0,66.5
1515358,67.0,65.4,63.0,66.7
1516415,63.0,65.8,72.0,67.0
1517526,61.0,65.8,62.0,67.1
1518234,78.0,65.8,87.0,67.2
1519287,70.0,66.2,77.0,67.6
1520336,69.0,66.2,71.0,67.8
1521279,71.0,66.2,77.0,67.8
1522074,77.0,66.3,84.0,67.9
1523317,60.0,66.3,60.0,68.0
1524249,79.0,66.3,87.0,68.0
1525128,77.0,66.4,80.0,68.1
1526424,63.0,66.5,61.0,68.3
1527215,80.0,66.6,82.0,68.2
1528347,66.0,66.8,58.0,68.5
1529081,85.0,66.9,90.0,68.5
1529968,79.0,66.9,76.0,68.5
1531052,64.0,67.0,64.0,68.6
1532212,53.0,67.0,56.0,68.6
1533067,75.0,66.8,77.0,68.5
1534023,70.0,67.0,69.0,68.6
1534857,79.0,67.2,78.0,68.7
1535795,70.0,67.4,76.0,68.9
1536967,57.0,67.3,51.0,68.8
1538007,55.0,67.2,60.0,68.7
1539151,63.0,67.1,66.0,68.6
1540295,55.0,66.9,57.0,68.4
1541803,41.0,66.8,41.0,68.3
1543127,58.0,66.4,57.0,67.8
1544251,56.0,66.1,61.0,67.6
1545397,68.0,66.1,67.0,67.7
1546151,85.0,66.1,89.0,67.6
1547111,67.0,66.3,74.0,67.8
1548390,46.0,66.2,46.0,67.7
1549467,64.0,66.1,69.0,67.5
1550374,69.0,65.9,79.0,67.3
1551406,62.0,65.8,60.0,67.3
1552374,66.0,65.8,75.0,67.3
1553268,65.0,65.8,73.0,67.3
1554051,83.0,65.9,87.0,67.5
1555193,68.0,65.8,72.0,67.5
1556253,66.0,66.0,71.0,67.7
1557861,52.0,65.9,47.0,67.7
1558818,75.0,65.6,75.0,67.3
1560029,60.0,65.5,61.0,67.2
1561101,70.0,66.1,74.0,67.8
1562131,72.0,66.2,79.0,68.0
1563128,79.0,66.3,82.0,68.2
1564260,66.0,66.4,71.0,68.3
1565041,77.0,66.4,88.0,68.3
1566420,58.0,66.4,51.0,68.4
1567287,78.0,66.4,81.0,68.3
1568293,79.0,66.4,85.0,68.3
1569378,69.0,66.4,72.0,68.3
1570360,64.0,66.2,71.0,68.2
1571278,72.0,66.2,80.0,68.2
1572572,45.0,66.1,38.0,68.2
1573676,62.0,65.8,59.0,67.7
1574595,71.0,65.6,76.0,67.4
1575425,77.0,65.6,79.0,67.5
1576418,81.0,65.8,87.0,67.6
1577403,78.0,65.9,82.0,67.8
1578470,68.0,66.1,68.0,68.1
1579311,79.0,66.7,78.0,68.7
1580296,70.0,66.8,72.0,68.9
1580975,82.0,66.9,84.0,69.0
1581996,63.0,67.0,65.0,69.0
1582796,76.0,67.0,80.0,69.1
1584037,64.0,67.1,68.0,69.3
1584999,64.0,67.1,69.0,69.2
1585717,78.0,67.3,92.0,69.4
1586951,59.0,67.4,57.0,69.7
1588016,67.0,67.2,70.0,69.4
1588887,75.0,67.3,82.0,69.6
1589661,82.0,67.4,87.0,69.8
1590495,73.0,67.8,78.0,70.3
1591387,65.0,68.0,72.0,70.5
1592488,67.0,67.8,66.0,70.5
1593467,77.0,67.8,77.0,70.4
1594289,77.0,67.7,79.0,70.4
1595177,76.0,67.9,73.0,70.5
1596178,66.0,68.0,64.0,70.5
1596859,82.0,67.9,86.0,70.4
1597994,64.0,68.0,69.0,70.5
1598775,76.0,68.1,83.0,70.7
1600074,49.0,68.2,57.0,70.8
1601030,69.0,68.0,71.0,70.7
1602025,75.0,68.1,72.0,70.7
1603177,53.0,68.0,52.0,70.6
1604010,66.0,68.0,79.0,70.5
1604722,80.0,68.5,82.0,71.3
1605544,77.0,68.6,72.0,71.4
1606539,71.0,68.8,67.0,71.6
1607356,83.0,68.8,77.0,71.5
1608260,69.0,69.0,79.0,71.5
1609348,66.0,69.0,66.0,71.6
1610030,75.0,69.0,83.0,71.6
1611367,62.0,69.1,69.0,71.7
1612690,43.0,69.0,36.0,71.7
1613894,67.0,68.8,74.0,71.5
1615027,69.0,68.7,65.0,71.4
1615726,83.0,68.6,90.0,71.2
1616442,80.0,68.8,85.0,71.5
1617504,64.0,68.9,65.0,71.6
1618447,72.0,69.0,75.0,71.6
1619193,87.0,68.9,85.0,71.5
1620348,63.0,69.1,61.0,71.6
1621204,79.0,69.0,79.0,71.5
1622359,65.0,69.1,58.0,71.5
1623446,60.0,69.0,53.0,71.2
1624408,69.0,69.0,69.0,71.2
1625463,64.0,68.9,71.0,71.0
1627011,56.0,68.7,51.0,70.9
1628163,59.0,68.7,59.0,70.8
1629317,59.0,68.4,56.0,70.6
1630516,51.0,68.4,47.0,70.6
1631636,68.0,68.0,74.0,70.1
1632608,71.0,67.9,72.0,70.1
1634394,8.0,68.0,6.0,70.2
1635497,66.0,67.6,65.0,69.7
1637283,30.0,67.5,39.0,69.6
1638263,71.0,67.1,75.0,69.3
1639208,74.0,67.0,77.0,69.2
1640228,66.0,67.0,67.0,69.2
1641629,49.0,67.1,48.0,69.4
1642378,74.0,67.0,81.0,69.3
1643015,81.0,67.2,85.0,69.4
1644179,57.0,67.4,54.0,69.7
1645122,65.0,67.6,57.0,69.8
1646209,66.0,67.6,65.0,69.8
1647051,72.0,67.8,79.0,69.9
1648112,69.0,67.8,67.0,70.0
1649025,77.0,67.6,80.0,69.8
1650208,65.0,67.7,59.0,69.8
1651284,67.0,67.9,70.0,70.0
1652579,62.0,68.0,66.0,70.0
1653373,78.0,67.9,80.0,69.9
1654294,77.0,68.0,80.0,70.1
1655315,68.0,68.2,70.0,70.1
1656255,81.0,68.2,80.0,70.1
1657167,82.0,68.2,86.0,70.0
1658175,74.0,68.3,81.0,70.2
1659604,49.0,68.4,54.0,70.2
1661017,57.0,68.4,58.0,70.3
1662042,66.0,68.2,72.0,70.2
1663323,66.0,68.2,65.0,70.3
1664200,82.0,68.2,83.0,70.2
1665360,69.0,68.3,75.0,70.2
1666456,69.0,68.2,72.0,70.1
1667392,75.0,68.2,74.0,70.2
1668732,63.0,68.2,61.0,70.0
1669661,81.0,68.2,81.0,70.1
1670959,53.0,68.3,53.0,70.1
1672033,61.0,68.0,67.0,69.8
1673020,74.0,67.9,65.0,69.7
1674014,70.0,68.0,69.0,69.7
1675136,61.0,68.0,59.0,69.6
1676000,79.0,68.2,78.0,69.8
1677160,57.0,68.4,57.0,70.0
1678136,70.0,68.2,74.0,69.8
1678943,78.0,68.1,81.0,69.7
1679601,85.0,68.1,87.0,69.7
1680554,63.0,68.2,67.0,69.7
1681467,76.0,68.1,76.0,69.7
1682377,68.0,68.1,71.0,69.7
1683291,73.0,68.1,77.0,69.7
1684516,67.0,68.0,66.0,69.6
1685493,61.0,68.0,64.0,69.6
1687279,9.0,67.9,1.0,69.5
1688179,72.0,67.3,75.0,68.8
1689831,39.0,67.4,39.0,68.8
1690550,79.0,67.0,90.0,68.3
1691452,76.0,67.2,70.0,68.6
1692038,87.0,67.3,93.0,68.6
1693190,64.0,67.4,70.0,68.8
1694112,74.0,67.2,76.0,68.6
1695244,57.0,67.3,60.0,68.6
1696305,69.0,67.2,71.0,68.4
1697508,53.0,67.2,55.0,68.5
1698979,51.0,67.0,41.0,68.3
1699926,75.0,66.7,77.0,67.9
1700726,79.0,66.7,81.0,67.9
1701641,77.0,66.8,78.0,68.1
1702490,66.0,66.8,77.0,68.0
1703456,71.0,66.8,71.0,68.1
1704549,67.0,66.7,65.0,68.0
1705546,76.0,66.9,73.0,68.1
1706774,56.0,67.0,55.0,68.1
1707637,76.0,66.8,78.0,67.9
1709098,43.0,67.0,41.0,68.2
1710209,64.0,66.8,65.0,67.8
1711158,68.0,66.6,69.0,67.6
1712301,67.0,66.6,74.0,67.6
1713156,72.0,66.5,74.0,67.7
1714080,73.0,66.4,77.0,67.6
1714826,78.0,66.4,81.0,67.6
1715793,66.0,66.6,78.0,67.8
1716738,68.0,66.5,66.0,67.7
1717732,66.0,66.5,60.0,67.7
1718644,79.0,66.8,80.0,67.9
1719482,75.0,66.9,76.0,68.0
1720374,76.0,66.9,72.0,68.1
1721156,75.0,66.9,78.0,67.9
1721875,81.0,66.8,89.0,67.8
1723025,53.0,67.0,54.0,68.1
1723990,69.0,66.8,78.0,67.9
1725126,65.0,66.6,67.0,67.8
1726912,6.0,66.6,4.0,67.9
1727699,77.0,65.9,90.0,67.1
1728714,70.0,66.0,73.0,67.4
1729373,86.0,66.1,86.0,67.6
1730243,83.0,66.3,80.0,67.8
1731218,70.0,66.5,69.0,67.9
1732092,74.0,66.6,75.0,68.1
1733150,71.0,66.8,73.0,68.2
1733754,82.0,66.9,93.0,68.4
1734335,88.0,67.2,91.0,68.9
1735481,68.0,67.4,71.0,69.0
1736633,61.0,67.4,63.0,69.0
1737509,72.0,67.9,82.0,69.6
1738481,67.0,68.0,70.0,69.8
1739211,82.0,68.3,88.0,70.1
1739985,75.0,68.4,81.0,70.2
1740912,71.0,68.5,75.0,70.2
1741688,79.0,68.5,88.0,70.3
1742815,62.0,68.8,77.0,70.7
1743568,80.0,68.7,78.0,70.7
1744343,70.0,68.7,74.0,70.6
1744947,84.0,68.8,91.0,70.8
1745749,78.0,69.0,80.0,71.2
1746762,67.0,69.1,73.0,71.3
1747914,66.0,69.1,65.0,71.2
1748861,66.0,69.0,69.0,71.2
1749718,73.0,68.9,83.0,71.1
1750607,70.0,69.0,75.0,71.4
1751621,74.0,69.0,76.0,71.4
1752454,77.0,69.2,81.0,71.5
1753694,54.0,69.2,59.0,71.5
1754745,69.0,68.9,70.0,71.3
1755787,68.0,68.9,73.0,71.3
1756886,60.0,68.8,59.0,71.2
1757951,65.0,68.6,66.0,71.0
1758733,81.0,68.5,87.0,70.8
1759612,76.0,68.8,82.0,71.2
1760804,61.0,69.0,59.0,71.4
1761934,59.0,69.0,69.0,71.3
1762896,68.0,68.9,69.0,71.3
1763751,72.0,68.7,79.0,71.2
1764923,60.0,68.8,58.0,71.2
1766177,59.0,68.7,58.0,71.1
1767444,57.0,68.5,55.0,70.9
1768172,84.0,68.5,84.0,70.8
1768997,72.0,68.5,76.0,70.9
1769924,72.0,68.7,73.0,71.1
1770786,75.0,68.8,73.0,71.2
1771544,75.0,68.8,83.0,71.2
1772190,84.0,68.8,87.0,71.4
1773238,67.0,69.1,68.0,71.7
1774186,65.0,69.0,70.0,71.6
1774934,76.0,69.0,83.0,71.7
1776087,63.0,69.1,59.0,71.8
1777084,64.0,69.0,72.0,71.6
1777740,86.0,68.7,90.0,71.4
1778634,76.0,69.0,77.0,71.6
1779378,81.0,69.0,82.0,71.6
1780177,75.0,69.1,78.0,71.8
1781486,54.0,69.1,54.0,71.8
1782307,69.0,69.0,80.0,71.6
1783220,68.0,69.1,72.0,71.8
1784012,72.0,69.7,81.0,72.5
1784998,72.0,69.7,73.0,72.6
1785933,66.0,70.0,71.0,72.9
1787128,65.0,69.9,66.0,72.7
1788219,73.0,69.8,73.0,72.7
1789093,76.0,69.6,72.0,72.5
1790051,69.0,69.7,76.0,72.5
1791191,66.0,69.7,68.0,72.5
1792001,78.0,69.8,80.0,72.6
1792994,73.0,69.9,75.0,72.7
1793688,83.0,70.1,84.0,72.9
1794910,55.0,70.4,52.0,73.3
1795588,84.0,70.2,92.0,73.1
1796778,62.0,70.2,57.0,73.2
1797909,66.0,70.1,70.0,73.0
1798875,69.0,70.1,70.0,72.9
1800043,62.0,70.1,67.0,72.9
1800880,77.0,70.0,76.0,72.9
1801481,88.0,70.0,94.0,72.9
1802465,73.0,70.3,76.0,73.3
1803497,68.0,70.3,66.0,73.3
1804376,73.0,70.6,69.0,73.6
1805323,76.0,70.6,82.0,73.6
1806011,80.0,70.7,84.0,73.7
1806919,80.0,70.9,81.0,73.8
1807978,65.0,70.9,69.0,73.9
1808558,89.0,70.9,97.0,73.8
1809330,78.0,71.0,84.0,74.0
1809985,82.0,71.1,85.0,74.0
1810880,78.0,71.2,79.0,74.2
1811758,76.0,71.4,77.0,74.4
1812647,78.0,71.3,81.0,74.4
1813733,72.0,71.4,74.0,74.4
1814460,80.0,71.3,85.0,74.4
1815695,66.0,71.4,75.0,74.5
1816743,70.0,71.2,74.0,74.4
1817947,69.0,71.4,73.0,74.6
1818983,74.0,71.4,82.0,74.5
1819788,84.0,71.5,82.0,74.7
1821574,31.0,72.2,23.0,75.5
1822774,68.0,71.8,62.0,74.8
1823782,73.0,71.8,75.0,74.7
1824962,68.0,71.6,65.0,74.6
1825818,84.0,71.5,83.0,74.4
1826480,87.0,71.6,92.0,74.6
1827645,69.0,71.8,69.0,74.7
1828572,79.0,71.7,80.0,74.7
1829739,65.0,71.7,61.0,74.6
1830811,66.0,71.5,72.0,74.3
1831728,75.0,71.5,78.0,74.3
1832650,72.0,71.6,75.0,74.4
1833930,57.0,71.6,63.0,74.4
1835188,61.0,71.5,60.0,74.3
1836367,71.0,71.3,70.0,74.0
1837479,61.0,71.2,58.0,73.9
1838200,83.0,71.2,81.0,73.7
1839018,73.0,71.2,81.0,73.6
1840015,70.0,71.3,76.0,73.7
1840756,81.0,71.2,87.0,73.7
1841816,61.0,71.3,61.0,73.8
1842534,84.0,71.1,91.0,73.5
1843526,67.0,71.1,70.0,73.6
1844551,68.0,71.1,68.0,73.6
1845693,68.0,71.2,68.0,73.6
1846364,77.0,71.2,85.0,73.6
1847071,80.0,71.2,82.0,73.6
1847716,75.0,71.3,87.0,73.7
1848530,80.0,71.3,85.0,73.8
1849556,72.0,71.4,77.0,73.8
1850604,73.0,71.5,75.0,74.0
1851559,79.0,71.6,81.0,74.1
1852364,77.0,71.7,77.0,74.2
1853147,84.0,71.9,78.0,74.3
1853857,89.0,72.0,87.0,74.4
1854803,70.0,72.1,79.0,74.4
1856024,59.0,72.1,54.0,74.4
1856998,77.0,72.0,82.0,74.4
1857830,77.0,72.2,85.0,74.5
1859024,62.0,72.3,67.0,74.7
1859986,76.0,72.2,75.0,74.5
1860781,81.0,72.4,83.0,74.7
1861542,76.0,72.6,80.0,75.0
1862536,75.0,72.8,75.0,75.2
1863713,60.0,72.7,64.0,75.1
1864508,77.0,72.6,82.0,75.0
1865293,82.0,72.6,82.0,75.1
1866031,89.0,72.7,91.0,75.2
1867032,66.0,72.8,72.0,75.3
1868026,65.0,72.7,70.0,75.1
1868808,73.0,72.6,84.0,75.1
1870200,59.0,72.7,60.0,75.3
1871185,70.0,72.6,70.0,75.0
1872297,61.0,72.6,59.0,75.2
1873380,74.0,72.6,71.0,75.0
1874601,55.0,72.5,61.0,74.8
1875885,54.0,72.3,55.0,74.7
1876927,64.0,72.0,71.0,74.4
1877833,71.0,71.9,70.0,74.3
1878621,81.0,72.0,83.0,74.5
1879343,87.0,72.2,88.0,74.5
1881129,22.0,72.4,15.0,74.7
1882227,62.0,71.9,66.0,74.0
1883294,66.0,71.8,63.0,74.0
1884220,73.0,71.8,79.0,73.9
1885152,69.0,71.8,70.0,74.0
1886185,65.0,71.8,64.0,74.0
1887126,69.0,71.7,70.0,73.9
1887914,70.0,71.7,75.0,73.8
1888714,79.0,71.7,78.0,73.9
1889507,69.0,71.7,74.0,73.9
1890445,75.0,71.7,78.0,73.9
1892092,34.0,71.6,34.0,73.8
1892864,80.0,71.4,88.0,73.6
1893888,66.0,71.4,71.0,73.6
1894712,72.0,71.4,79.0,73.7
1895450,84.0,71.5,84.0,73.8
1896661,48.0,71.6,52.0,74.0
1898013,45.0,71.5,44.0,73.8
1898879,72.0,71.2,75.0,73.5
1900620,46.0,71.0,47.0,73.3
1901626,66.0,70.7,68.0,73.0
1902669,68.0,70.7,70.0,73.0
1903741,61.0,70.7,63.0,73.0
1904472,80.0,70.5,81.0,72.8
1905350,71.0,70.5,77.0,72.8
1906208,70.0,70.4,74.0,72.8
1907519,51.0,70.5,51.0,72.8
1908642,68.0,70.1,69.0,72.4
1909391,71.0,70.0,82.0,72.2
1910376,66.0,69.9,74.0,72.2
1911198,78.0,69.8,84.0,72.1
1912073,72.0,69.8,80.0,72.2
1913163,64.0,69.7,68.0,72.2
1914376,63.0,69.6,57.0,72.1
1915439,72.0,69.5,72.0,71.9
1916632,64.0,69.5,65.0,71.8
1917545,74.0,69.5,78.0,71.7
1918289,77.0,69.5,82.0,71.8
1919398,66.0,69.6,62.0,71.8
1920011,87.0,69.4,87.0,71.6
1921797,45.0,69.9,41.0,72.2
1922659,77.0,69.7,80.0,72.0
1923406,80.0,69.7,85.0,72.1
1924332,75.0,69.9,77.0,72.3
1925379,64.0,69.8,71.0,72.2
1926277,78.0,69.5,82.0,72.0
1927431,64.0,69.6,66.0,72.1
1928181,81.0,69.5,90.0,72.0
1929413,65.0,69.6,64.0,72.3
1930305,75.0,69.6,72.0,72.2
1931297,68.0,69.6,78.0,72.1
1932086,74.0,69.6,75.0,72.2
1932979,75.0,69.8,75.0,72.3
1933867,77.0,69.9,79.0,72.4
1934926,65.0,70.0,65.0,72.5
1936122,57.0,70.0,55.0,72.6
1936827,85.0,69.7,86.0,72.3
1937541,82.0,69.9,86.0,72.4
1939327,37.0,70.0,34.0,72.5
1940317,73.0,69.5,70.0,72.0
1941157,63.0,69.7,76.0,72.0
1942440,72.0,69.4,73.0,71.9
1943506,72.0,69.5,71.0,71.9
1944454,68.0,69.5,76.0,72.0
1945640,65.0,69.5,70.0,72.0
1946507,81.0,69.4,77.0,71.9
1947756,60.0,69.4,66.0,71.8
1948533,83.0,69.3,86.0,71.6
1949552,65.0,69.3,74.0,71.6
1950458,74.0,69.2,78.0,71.6
1951234,75.0,69.2,77.0,71.6
1952002,82.0,69.2,81.0,71.6
1953788,0.0,69.3,-2.0,71.6
1954572,78.0,68.4,83.0,70.8
1955439,73.0,68.3,80.0,70.8
1956251,81.0,68.3,90.0,70.8
1957128,75.0,68.6,75.0,71.2
1958079,66.0,68.5,67.0,71.1
1958903,76.0,68.4,83.0,70.9
1959790,73.0,68.6,73.0,71.1
1960624,76.0,68.5,77.0,71.1
1961433,85.0,68.5,83.0,71.0
1962245,74.0,68.6,78.0,71.0
1963212,60.0,68.6,66.0,71.1
1964227,68.0,68.6,73.0,71.1
1965129,74.0,68.5,72.0,71.0
1965860,78.0,68.4,88.0,70.9
1966935,57.0,68.3,59.0,70.9
1968362,48.0,68.2,46.0,70.7
1969405,62.0,68.0,65.0,70.5
1970602,63.0,67.9,65.0,70.3
1971693,62.0,68.0,62.0,70.4
1972526,64.0,67.9,73.0,70.3
1973592,65.0,67.9,67.0,70.4
1974550,69.0,67.8,70.0,70.4
1975740,62.0,68.0,60.0,70.5
1976301,90.0,68.0,94.0,70.5
1977401,61.0,68.3,70.0,70.7
1978702,57.0,68.2,53.0,70.7
1979647,77.0,68.0,78.0,70.4
1980290,84.0,67.9,90.0,70.3
1981321,61.0,68.5,72.0,71.1
1982098,85.0,68.5,87.0,71.2
1983162,67.0,68.7,66.0,71.4
1984008,78.0,68.6,77.0,71.3
1984830,81.0,68.7,80.0,71.3
1985766,62.0,68.8,65.0,71.5
1986248,93.0,68.8,96.0,71.4
1987015,81.0,69.0,85.0,71.6
1987955,69.0,69.0,70.0,71.7
1988756,76.0,69.0,83.0,71.7
1990093,52.0,69.0,50.0,71.7
1991037,64.0,69.2,71.0,71.9
1992226,69.0,69.1,68.0,71.7
1992872,82.0,69.1,90.0,71.7
1993903,65.0,69.2,66.0,71.8
1994726,78.0,69.0,84.0,71.6
1995640,74.0,69.3,71.0,71.9
1996437,75.0,69.6,79.0,72.2
1997185,72.0,69.6,79.0,72.2
1998329,58.0,69.9,62.0,72.6
1999226,65.0,69.8,69.0,72.5
