561,21.0,,210.0,
1198,13.0,,130.0,
1742,19.0,,190.0,
2442,22.0,,220.0,
3230,28.0,,280.0,
3915,22.0,,220.0,
4625,12.0,,120.0,
5187,13.0,,130.0,
5771,23.0,,230.0,
6393,21.0,,210.0,
7135,19.0,,190.0,
7799,24.0,,240.0,
8305,11.0,,110.0,
8876,13.0,,130.0,
9521,16.0,,160.0,
10187,30.0,,300.0,
10867,27.0,,270.0,
11545,25.0,,250.0,
12198,15.0,,150.0,
13532,40.0,,440.0,
14292,20.0,,200.0,
14867,10.0,,100.0,
15454,20.0,,200.0,
16115,21.0,,210.0,
16731,15.0,,150.0,
17336,20.0,,200.0,
17848,17.0,,170.0,
18466,20.0,,200.0,
19100,18.0,,180.0,
19744,27.0,,270.0,
20413,14.0,,140.0,
21228,28.0,,280.0,
21961,23.0,,230.0,
22658,25.0,,250.0,
23360,18.0,,180.0,
24013,21.0,,210.0,
24644,20.0,,200.0,
25324,19.0,,190.0,
25931,19.0,,190.0,
26843,26.0,,260.0,
27617,30.0,,300.0,
28134,15.0,,150.0,
28584,9.0,,90.0,
29249,19.0,,190.0,
29951,29.0,,290.0,
30513,18.0,,180.0,
31181,20.0,,200.0,
32177,37.0,,410.0,
32719,12.0,,120.0,
33431,23.0,,230.0,
34028,12.0,,120.0,
34743,31.0,,310.0,
35375,21.0,,210.0,
35992,18.0,,180.0,
36584,18.0,,180.0,
37283,22.0,,220.0,
37929,23.0,,230.0,
38464,12.0,,120.0,
39108,22.0,,220.0,
39651,21.0,,210.0,
40254,16.0,,160.0,
40952,19.0,,190.0,
41653,14.0,,140.0,
42172,10.0,,100.0,
42847,22.0,,220.0,
43497,25.0,,250.0,
44138,22.0,,220.0,
44993,31.0,,350.0,
45497,15.0,,150.0,
46160,16.0,,160.0,
46884,24.0,,240.0,
47800,28.0,,280.0,
48332,23.0,,230.0,
48846,22.0,,220.0,
49416,22.0,,220.0,
50046,18.0,,180.0,
50583,17.0,,170.0,
51468,34.0,,340.0,
52087,22.0,,220.0,
52695,20.0,,200.0,
53188,19.0,,190.0,
53947,22.0,,220.0,
54571,22.0,,220.0,
55144,10.0,,100.0,
55696,20.0,,200.0,
56334,20.0,,200.0,
56921,17.0,,170.0,
57536,26.0,,260.0,
58134,19.0,,190.0,
58810,27.0,,270.0,
59574,27.0,,310.0,
60186,13.0,,130.0,
60883,26.0,,260.0,
61544,21.0,,210.0,
62093,14.0,,140.0,
62853,27.0,,270.0,
63469,19.0,,190.0,
64168,19.0,,190.0,
64850,24.0,,240.0,
65488,14.0,,140.0,
66106,14.0,20.5,140.0,206.9
66784,21.0,20.5,210.0,206.2
67781,33.0,20.5,330.0,207.0
68449,24.0,20.7,240.0,208.4
69105,23.0,20.7,230.0,208.6
69605,17.0,20.6,170.0,208.1
70211,17.0,20.6,170.0,207.6
70869,25.0,20.6,250.0,208.1
71426,21.0,20.8,210.0,209.3
72114,20.0,20.8,200.0,209.1
72788,21.0,20.7,210.0,209.0
73281,19.0,20.8,190.0,209.2
73838,17.0,20.7,170.0,208.7
74446,23.0,20.8,230.0,209.3
75097,22.0,20.9,220.0,210.3
75768,16.0,20.9,160.0,210.9
76435,16.0,20.8,160.0,209.5
77025,16.0,20.7,160.0,208.4
77641,18.0,20.6,180.0,207.5
78249,12.0,20.6,120.0,207.8
78907,19.0,20.3,190.0,204.6
79503,20.0,20.3,200.0,204.5
80411,35.0,20.4,580.0,205.5
81285,31.0,20.6,350.0,209.3
82186,42.0,20.7,460.0,210.7
82880,21.0,21.0,210.0,213.8
83520,28.0,21.0,280.0,213.9
84231,16.0,21.1,160.0,215.0
84798,23.0,21.0,230.0,214.6
85636,33.0,21.1,370.0,215.1
86175,22.0,21.1,220.0,216.1
86816,15.0,21.2,150.0,216.9
87405,13.0,21.1,130.0,215.6
88038,21.0,21.0,210.0,214.6
88646,18.0,21.0,180.0,214.2
89287,28.0,21.0,280.0,214.2
89975,24.0,21.0,240.0,214.9
90477,15.0,21.1,150.0,215.3
91165,29.0,21.0,290.0,214.9
91840,20.0,21.1,200.0,215.9
92870,27.0,21.1,500.0,215.3
93582,29.0,21.0,290.0,217.3
94215,23.0,21.2,230.0,218.7
95083,29.0,21.3,290.0,220.1
95826,29.0,21.4,290.0,221.1
96335,12.0,21.4,120.0,221.1
96928,15.0,21.4,150.0,220.5
97687,28.0,21.3,280.0,220.0
98421,23.0,21.2,230.0,218.7
99383,41.0,21.3,640.0,219.8
100032,22.0,21.5,220.0,223.9
100713,20.0,21.6,200.0,224.9
101311,18.0,21.5,180.0,223.8
102207,40.0,21.5,400.0,223.5
102824,16.0,21.7,160.0,225.7
103447,18.0,21.7,180.0,225.5
104115,19.0,21.6,190.0,225.1
104724,18.0,21.6,180.0,224.7
105438,25.0,21.6,250.0,225.3
106131,22.0,21.7,220.0,225.6
106630,25.0,21.7,250.0,225.7
107306,29.0,21.8,290.0,226.6
108184,38.0,21.9,1000.0,227.6
108834,18.0,22.1,180.0,236.2
109461,24.0,22.2,240.0,237.0
110543,31.0,22.2,350.0,237.2
111240,15.0,22.3,150.0,238.2
111795,10.0,22.2,100.0,237.5
112396,15.0,22.0,150.0,235.0
113090,34.0,22.0,340.0,235.0
113830,25.0,22.2,250.0,236.8
114432,23.0,22.2,230.0,236.9
115267,32.0,22.1,320.0,236.4
115803,15.0,22.2,150.0,237.3
116395,22.0,22.2,220.0,236.6
116885,16.0,22.2,160.0,236.6
117483,18.0,22.1,180.0,236.4
118137,20.0,22.1,200.0,236.5
118872,25.0,22.0,250.0,235.1
119551,28.0,22.0,280.0,235.4
120588,27.0,22.1,890.0,236.2
121166,14.0,22.2,140.0,243.2
121893,25.0,22.1,250.0,242.4
122576,23.0,22.1,230.0,242.7
123189,23.0,22.3,230.0,244.0
123912,20.0,22.3,200.0,244.3
124457,10.0,22.3,100.0,244.3
125100,22.0,22.2,220.0,243.6
125733,20.0,22.2,200.0,243.2
126281,17.0,22.2,170.0,243.3
127000,25.0,22.1,250.0,242.3
127562,16.0,22.1,160.0,241.7
128173,29.0,22.1,290.0,242.0
128815,18.0,22.1,180.0,242.3
129447,17.0,22.1,170.0,242.0
130514,29.0,22.1,330.0,242.3
131116,16.0,22.2,160.0,242.9
131758,19.0,22.1,190.0,242.6
132446,16.0,22.1,160.0,242.6
133113,18.0,22.0,180.0,241.8
133784,24.0,22.1,240.0,242.2
134410,19.0,22.2,190.0,243.2
135148,20.0,22.2,200.0,243.0
136070,39.0,22.0,430.0,241.7
136959,32.0,22.2,550.0,243.6
137830,41.0,22.3,450.0,246.8
138524,21.0,22.5,210.0,249.6
139206,19.0,22.6,190.0,250.0
139818,21.0,22.5,210.0,249.4
140692,29.0,22.5,290.0,249.4
141210,18.0,22.6,180.0,250.3
141782,15.0,22.6,150.0,250.0
142345,25.0,22.5,250.0,249.6
142943,14.0,22.6,140.0,250.4
143633,22.0,22.5,220.0,249.5
144228,28.0,22.5,280.0,249.5
144875,21.0,22.6,210.0,250.7
145445,19.0,22.7,190.0,251.2
146067,19.0,22.7,190.0,251.5
146830,31.0,22.7,310.0,251.6
147397,20.0,22.9,200.0,253.5
148289,38.0,22.9,610.0,253.6
148956,31.0,23.1,310.0,257.7
149537,13.0,23.1,130.0,255.0
150094,18.0,22.9,180.0,252.8
150683,24.0,22.6,240.0,250.0
151643,36.0,22.7,400.0,250.3
152247,16.0,22.8,160.0,251.5
152836,19.0,22.8,190.0,251.5
153359,23.0,22.7,230.0,251.1
154103,35.0,22.6,350.0,249.7
154820,23.0,22.7,230.0,251.0
155481,21.0,22.8,210.0,251.8
156214,21.0,22.9,210.0,252.6
156880,23.0,22.9,230.0,252.6
157415,20.0,23.0,200.0,253.1
158084,18.0,22.9,180.0,252.3
158687,22.0,22.8,220.0,251.7
159273,14.0,22.9,140.0,252.4
159940,21.0,22.7,210.0,250.9
160619,18.0,22.7,180.0,251.0
161362,26.0,22.6,260.0,247.8
161957,17.0,22.6,170.0,247.5
162680,34.0,22.6,340.0,246.9
163397,27.0,22.6,270.0,247.4
163972,20.0,22.6,200.0,247.2
164505,21.0,22.7,210.0,248.0
165228,29.0,22.7,290.0,248.6
166212,22.0,22.7,260.0,248.7
166826,12.0,22.7,120.0,249.0
167333,15.0,22.4,150.0,243.8
167941,14.0,22.4,140.0,243.1
168599,19.0,22.3,190.0,242.5
169303,27.0,22.3,270.0,242.6
169882,26.0,22.2,260.0,241.3
170455,17.0,22.3,170.0,242.3
171124,25.0,22.3,250.0,242.2
171844,18.0,22.3,180.0,242.8
172372,21.0,22.3,210.0,242.8
172965,18.0,22.3,180.0,242.4
173568,29.0,22.3,290.0,242.0
174338,29.0,22.3,290.0,242.4
175031,23.0,22.3,230.0,242.4
175636,13.0,22.2,130.0,234.7
176302,24.0,22.1,240.0,234.2
177075,25.0,22.1,250.0,234.2
177724,25.0,22.0,250.0,233.2
178352,17.0,22.1,170.0,234.2
178996,27.0,22.2,270.0,234.9
179681,18.0,22.3,180.0,236.1
180236,19.0,22.2,190.0,234.5
180858,19.0,22.1,190.0,233.9
181542,17.0,22.1,170.0,233.5
182204,24.0,21.9,240.0,232.0
182882,27.0,22.0,270.0,232.9
183570,27.0,22.1,270.0,233.4
184321,22.0,22.2,220.0,234.5
184785,11.0,22.2,110.0,234.9
185388,23.0,22.1,230.0,234.0
185917,20.0,22.1,200.0,233.8
186746,38.0,22.0,1800.0,233.0
187256,15.0,22.1,150.0,242.1
187767,14.0,22.1,140.0,242.2
188352,13.0,22.0,130.0,241.1
189043,22.0,21.9,220.0,240.1
189725,21.0,21.9,210.0,240.0
190517,28.0,21.9,280.0,240.1
191141,21.0,22.1,210.0,241.9
191751,14.0,22.1,140.0,241.8
192395,26.0,22.0,260.0,241.2
193131,15.0,22.1,150.0,242.1
193884,19.0,22.0,190.0,241.1
194500,21.0,22.1,210.0,241.4
195085,18.0,22.0,180.0,240.6
196053,45.0,22.0,680.0,240.6
196668,33.0,22.3,370.0,245.7
197302,19.0,22.3,190.0,246.1
197914,19.0,22.3,190.0,246.4
198676,15.0,22.3,150.0,246.4
199374,30.0,22.3,300.0,246.3
199719,8.0,22.4,80.0,247.5
200357,33.0,22.3,330.0,245.9
200919,17.0,22.4,170.0,247.3
201641,24.0,22.4,240.0,247.0
202265,34.0,22.2,340.0,245.1
202844,25.0,22.3,250.0,243.0
203510,19.0,22.1,190.0,241.0
204030,17.0,22.1,170.0,240.8
204615,17.0,22.1,170.0,240.6
205237,18.0,22.0,180.0,240.2
205830,22.0,21.9,220.0,239.1
206519,31.0,22.0,310.0,239.5
207138,19.0,22.1,190.0,241.1
207800,32.0,22.0,320.0,240.5
208484,25.0,22.2,250.0,242.3
209102,24.0,22.3,240.0,242.6
209830,25.0,22.2,250.0,242.2
210512,21.0,22.3,210.0,242.6
211476,39.0,22.3,620.0,242.8
212158,21.0,22.5,210.0,247.1
212760,24.0,22.4,240.0,246.1
213286,17.0,22.4,170.0,246.5
213927,21.0,22.2,210.0,242.1
214629,28.0,22.1,280.0,241.1
215332,24.0,22.3,240.0,242.6
216010,23.0,22.3,230.0,243.2
216546,18.0,22.3,180.0,243.1
217151,21.0,22.1,210.0,240.9
217734,23.0,22.2,230.0,241.4
218335,30.0,22.2,300.0,241.8
219071,24.0,22.3,240.0,242.5
219718,27.0,22.2,270.0,241.4
220389,25.0,22.2,250.0,241.8
221162,19.0,22.3,190.0,242.2
221886,27.0,22.2,270.0,242.0
222438,24.0,22.3,240.0,242.4
223121,21.0,22.3,210.0,242.8
223805,31.0,22.4,310.0,243.1
224459,25.0,22.4,250.0,244.0
225269,33.0,22.6,330.0,245.1
225796,14.0,22.7,140.0,246.3
226594,28.0,22.6,280.0,245.9
227213,17.0,22.6,170.0,246.1
227770,25.0,22.6,250.0,246.1
228385,23.0,22.6,230.0,245.2
229673,51.0,22.5,1130.0,244.8
230350,11.0,22.8,110.0,254.1
230913,13.0,22.7,130.0,253.1
231780,33.0,22.6,370.0,251.5
232371,21.0,22.7,210.0,252.6
232908,17.0,22.8,170.0,253.5
233523,21.0,22.8,210.0,253.7
234106,15.0,22.9,150.0,254.4
234671,17.0,22.8,170.0,254.0
235351,24.0,22.7,240.0,253.0
235956,21.0,22.7,210.0,252.8
236515,16.0,22.7,160.0,253.2
237102,29.0,22.6,290.0,252.3
238113,36.0,22.8,980.0,253.4
238764,26.0,22.9,260.0,261.1
239362,16.0,23.0,160.0,261.9
239913,23.0,22.9,230.0,260.6
240611,22.0,22.8,220.0,260.0
241218,16.0,22.8,160.0,259.9
242273,44.0,22.8,480.0,260.2
242811,22.0,23.0,220.0,262.6
243485,26.0,23.0,260.0,262.3
244170,22.0,23.0,220.0,262.4
244789,26.0,23.0,260.0,262.9
245403,22.0,23.0,220.0,262.8
246099,23.0,23.1,230.0,263.2
246828,32.0,23.1,320.0,263.6
247421,23.0,23.2,230.0,264.9
248112,16.0,23.3,160.0,265.5
248701,21.0,23.2,210.0,264.7
249404,30.0,23.2,300.0,264.1
250106,30.0,23.2,300.0,264.4
250691,19.0,23.3,190.0,265.2
251228,16.0,23.4,160.0,266.0
252056,33.0,23.3,370.0,265.3
252836,34.0,23.4,340.0,267.0
253512,31.0,23.4,310.0,252.4
254260,27.0,23.5,270.0,254.0
254973,31.0,23.7,310.0,255.3
255542,31.0,23.8,310.0,257.1
256082,19.0,23.9,190.0,258.0
257065,48.0,23.9,520.0,257.8
257642,17.0,24.1,170.0,260.2
258343,23.0,24.1,230.0,259.8
258883,18.0,24.2,180.0,260.7
259433,18.0,24.1,180.0,259.9
260186,23.0,24.1,230.0,260.2
260907,25.0,24.2,250.0,260.6
261780,36.0,24.2,400.0,261.0
262767,33.0,24.4,330.0,263.2
263613,34.0,24.3,380.0,259.7
264253,32.0,24.3,320.0,259.8
264909,24.0,24.4,240.0,261.1
265975,55.0,24.4,780.0,261.6
266642,36.0,24.8,360.0,267.9
267451,34.0,24.9,340.0,268.5
268114,19.0,25.2,190.0,271.1
268600,12.0,25.0,120.0,269.7
269256,17.0,25.0,170.0,269.2
269821,9.0,24.9,90.0,268.5
270378,25.0,24.7,250.0,266.0
270911,23.0,24.7,230.0,266.0
271510,24.0,24.7,240.0,266.4
272249,21.0,24.8,210.0,267.1
273012,34.0,24.8,340.0,267.5
273642,29.0,25.0,290.0,269.1
274205,15.0,25.0,150.0,269.8
274776,24.0,24.9,240.0,268.2
275545,28.0,24.9,320.0,268.7
276111,28.0,24.9,280.0,268.7
276968,43.0,24.9,470.0,269.0
278061,33.0,25.1,370.0,271.3
278808,31.0,25.2,310.0,272.5
279514,25.0,25.3,250.0,273.5
280145,36.0,25.2,360.0,269.8
281231,50.0,25.3,500.0,271.3
281928,28.0,25.6,280.0,273.9
282571,21.0,25.7,210.0,275.0
283212,32.0,25.7,320.0,275.0
283834,23.0,25.7,230.0,275.4
284881,38.0,25.7,420.0,275.3
285527,23.0,25.8,230.0,277.2
286360,34.0,25.9,380.0,277.7
286769,8.0,26.0,80.0,279.4
287276,16.0,25.9,160.0,277.9
287986,24.0,25.7,240.0,276.5
288777,30.0,25.7,300.0,276.5
289508,38.0,25.8,380.0,276.8
290063,16.0,25.9,160.0,278.1
290915,41.0,25.9,640.0,277.8
291563,32.0,26.0,320.0,281.5
292500,45.0,26.1,680.0,282.3
293164,26.0,26.3,260.0,287.0
293819,28.0,26.3,280.0,286.5
294325,18.0,26.3,180.0,286.8
295001,31.0,26.2,310.0,285.3
295609,29.0,26.3,290.0,287.0
296131,16.0,26.3,160.0,287.1
297708,78.0,26.3,1670.0,287.0
298374,17.0,26.9,170.0,301.2
299002,21.0,26.8,210.0,300.6
299809,31.0,26.5,1720.0,291.4
300461,25.0,26.7,250.0,307.5
301053,19.0,26.8,190.0,308.7
301623,19.0,26.7,190.0,306.9
302292,24.0,26.7,240.0,306.7
302901,32.0,26.7,320.0,307.4
303685,58.0,26.8,810.0,308.5
304288,25.0,27.3,250.0,315.1
304963,16.0,27.4,160.0,315.9
305687,33.0,27.3,330.0,315.1
306499,37.0,27.4,410.0,316.3
307219,49.0,27.6,490.0,318.8
307958,31.0,27.8,310.0,320.8
308622,24.0,27.8,240.0,314.1
309570,41.0,27.7,490.0,313.9
310022,16.0,28.0,160.0,317.2
310707,24.0,27.9,240.0,316.5
311853,40.0,27.9,1020.0,316.7
312899,40.0,28.2,400.0,325.3
313675,23.0,28.1,850.0,324.5
314416,37.0,28.1,370.0,330.8
315340,28.0,28.2,510.0,331.9
315961,16.0,28.3,160.0,334.8
316683,34.0,28.2,340.0,333.8
317510,24.0,28.3,240.0,335.0
318506,47.0,28.3,700.0,335.1
319178,23.0,28.5,230.0,338.9
320128,48.0,28.5,560.0,338.9
320842,37.0,28.8,410.0,342.9
321718,39.0,29.0,430.0,344.9
322271,17.0,29.1,170.0,346.2
323384,62.0,28.9,890.0,344.9
323936,14.0,29.4,140.0,351.9
324634,26.0,29.3,260.0,351.7
325199,22.0,29.3,220.0,350.6
325888,28.0,29.2,280.0,349.4
326887,50.0,29.1,730.0,349.1
327840,29.0,29.4,330.0,353.7
328480,23.0,29.3,230.0,353.9
329523,43.0,29.2,660.0,353.1
330191,27.0,29.5,270.0,357.8
331148,35.0,29.3,390.0,355.3
331785,18.0,29.5,180.0,357.5
332422,28.0,29.4,280.0,357.0
333062,24.0,29.5,240.0,358.0
333580,19.0,29.6,190.0,358.6
334012,14.0,29.5,140.0,358.2
334512,9.0,29.4,90.0,357.1
335146,20.0,29.2,200.0,354.0
335784,18.0,29.0,180.0,352.7
336765,42.0,28.9,1040.0,350.7
337230,14.0,29.0,140.0,357.9
338115,35.0,28.9,390.0,356.9
338848,22.0,28.7,220.0,353.0
339507,23.0,28.5,230.0,351.6
340075,20.0,28.4,200.0,350.5
340716,28.0,28.4,280.0,350.6
341752,33.0,28.6,370.0,352.2
342352,18.0,28.7,180.0,354.2
343013,28.0,28.8,280.0,355.1
343606,24.0,28.9,240.0,355.4
344278,27.0,28.9,270.0,355.5
345284,40.0,28.9,440.0,355.8
345979,24.0,29.1,240.0,358.1
346838,31.0,29.0,310.0,357.1
347529,22.0,29.0,450.0,357.3
348300,52.0,29.1,520.0,360.3
349209,47.0,29.4,700.0,363.1
350000,42.0,29.6,650.0,366.9
350699,20.0,29.7,200.0,370.6
351360,25.0,29.5,250.0,367.9
352021,48.0,29.4,480.0,366.7
352740,32.0,29.6,320.0,368.4
353689,37.0,29.6,990.0,369.1
354417,26.0,29.6,300.0,375.4
355271,37.0,29.4,600.0,373.4
355780,21.0,29.5,210.0,376.6
356443,24.0,29.5,240.0,376.6
356900,13.0,29.4,130.0,375.8
357842,50.0,29.3,730.0,374.8
358603,33.0,29.4,370.0,377.9
359147,24.0,29.5,240.0,379.3
359638,23.0,29.4,230.0,377.9
360183,31.0,29.6,310.0,379.4
361139,49.0,29.7,530.0,380.9
361872,36.0,30.0,360.0,383.8
362465,34.0,30.0,340.0,384.4
363089,23.0,30.0,230.0,384.0
363708,28.0,30.1,280.0,384.7
364279,17.0,29.9,170.0,381.1
364883,23.0,29.8,230.0,379.6
365904,56.0,29.6,790.0,375.1
366754,40.0,29.9,400.0,380.4
367415,31.0,30.0,310.0,381.6
368132,40.0,30.1,400.0,382.9
368963,37.0,30.2,990.0,383.8
369814,46.0,30.3,500.0,390.8
370490,27.0,30.6,270.0,394.2
371308,42.0,30.1,420.0,380.2
372040,29.0,30.3,330.0,382.7
373270,62.0,30.4,660.0,383.9
373978,38.0,30.7,380.0,373.3
374703,29.0,30.8,290.0,374.6
375332,34.0,30.9,340.0,375.6
376158,30.0,31.1,530.0,377.1
377379,55.0,31.2,590.0,380.0
378100,27.0,31.4,270.0,382.7
378763,29.0,31.1,290.0,377.3
379526,31.0,31.1,310.0,377.7
380216,23.0,31.3,230.0,379.2
380898,26.0,31.2,260.0,378.2
381564,26.0,31.0,260.0,376.7
382109,18.0,30.8,180.0,374.4
382714,30.0,30.7,300.0,373.1
383568,37.0,30.8,600.0,373.7
384289,46.0,30.7,500.0,374.8
384791,21.0,31.0,210.0,378.2
385333,22.0,31.0,220.0,377.9
386004,19.0,30.8,190.0,369.9
386812,42.0,30.6,460.0,367.8
387606,29.0,30.8,330.0,363.9
388648,55.0,30.7,1400.0,363.5
389389,37.0,31.0,370.0,372.4
390111,46.0,31.2,460.0,374.5
390775,40.0,31.3,400.0,375.7
391519,34.0,31.5,340.0,377.3
391954,18.0,31.3,180.0,373.7
392503,26.0,31.3,260.0,373.2
393402,43.0,31.1,470.0,370.2
394495,61.0,31.1,690.0,370.8
394946,17.0,31.3,170.0,373.4
395914,50.0,31.3,1160.0,373.4
396684,39.0,31.2,390.0,376.1
397417,38.0,31.5,380.0,378.6
398032,34.0,31.6,340.0,379.8
398555,22.0,31.7,220.0,381.0
399489,51.0,31.6,1130.0,380.4
400349,38.0,31.7,380.0,384.4
401020,26.0,31.8,260.0,384.9
401847,38.0,31.8,380.0,385.2
402494,35.0,31.7,350.0,382.4
403237,31.0,31.8,310.0,383.2
403828,21.0,31.8,210.0,382.4
404468,35.0,31.8,350.0,382.7
405437,44.0,31.9,670.0,383.4
406111,24.0,32.1,240.0,387.7
407214,73.0,32.1,1000.0,388.2
408408,56.0,32.7,690.0,396.8
408973,22.0,33.2,220.0,402.8
409610,20.0,33.2,200.0,403.0
410343,42.0,33.2,420.0,403.2
410939,32.0,33.2,320.0,397.0
411807,43.0,33.4,660.0,398.8
412786,49.0,33.5,490.0,401.5
413599,40.0,33.8,400.0,404.2
414136,13.0,33.9,130.0,405.9
414733,20.0,33.8,200.0,405.2
415595,30.0,33.8,300.0,404.4
416274,40.0,33.7,400.0,403.7
416948,26.0,34.0,260.0,405.9
417616,21.0,33.9,210.0,405.7
418573,45.0,33.9,490.0,405.4
419314,38.0,34.1,380.0,407.6
419756,17.0,34.1,170.0,407.0
420542,32.0,34.0,360.0,406.3
421220,32.0,34.0,320.0,406.8
421900,32.0,34.1,320.0,405.5
422420,32.0,33.9,320.0,403.5
423011,31.0,33.8,310.0,399.7
423712,28.0,33.6,280.0,396.3
424402,25.0,33.7,290.0,397.1
425108,19.0,33.7,230.0,397.5
425635,21.0,33.4,210.0,395.0
426400,30.0,33.3,530.0,393.9
426983,38.0,33.3,380.0,389.3
427512,17.0,33.4,170.0,390.1
428095,16.0,33.2,160.0,385.8
428843,37.0,33.1,370.0,385.3
429491,28.0,33.3,280.0,386.6
430116,29.0,33.4,290.0,388.1
430740,28.0,33.2,280.0,383.7
431401,39.0,33.2,390.0,382.8
432462,45.0,33.3,680.0,384.3
433036,26.0,33.5,260.0,388.8
433542,12.0,33.5,120.0,388.3
434366,33.0,33.1,370.0,384.2
435041,34.0,33.1,340.0,384.3
435740,34.0,33.1,340.0,384.3
436270,24.0,33.2,240.0,385.4
436972,37.0,33.1,370.0,385.0
437856,31.0,33.3,350.0,387.0
438483,27.0,33.4,270.0,388.2
439219,24.0,33.1,240.0,383.0
439896,43.0,33.0,430.0,381.4
440718,52.0,33.1,560.0,382.6
441337,16.0,33.2,160.0,384.2
442041,37.0,33.0,370.0,375.9
442653,29.0,32.9,290.0,374.6
443331,23.0,32.9,230.0,374.8
444092,36.0,32.7,360.0,372.9
444783,39.0,32.8,390.0,373.2
445403,37.0,32.6,370.0,370.5
446131,35.0,32.6,390.0,370.4
446699,19.0,32.6,190.0,371.4
447298,25.0,32.5,250.0,369.9
447880,19.0,32.4,190.0,367.1
449181,75.0,32.1,790.0,363.1
449636,26.0,32.6,260.0,368.3
450112,18.0,32.5,180.0,368.0
450669,27.0,32.4,270.0,366.7
451646,47.0,32.4,510.0,367.1
452495,27.0,32.6,500.0,369.6
452976,18.0,32.6,180.0,372.0
453460,26.0,32.6,260.0,372.0
454061,29.0,32.6,290.0,371.6
454681,19.0,32.5,190.0,368.5
455816,67.0,32.3,750.0,365.4
456596,45.0,32.7,490.0,370.8
457521,41.0,33.0,640.0,373.5
458580,55.0,33.2,1100.0,378.0
459244,24.0,33.3,240.0,384.4
459980,35.0,33.2,390.0,383.5
460924,55.0,33.0,590.0,373.4
461919,37.0,33.2,600.0,375.6
462664,24.0,33.1,280.0,377.0
463521,42.0,33.0,420.0,375.8
464542,52.0,33.1,560.0,376.6
465447,34.0,33.4,380.0,380.4
466334,39.0,33.5,620.0,381.6
467166,40.0,33.4,440.0,383.1
468011,27.0,33.2,500.0,380.6
468816,55.0,33.3,590.0,383.9
469494,25.0,33.4,250.0,378.2
470862,44.0,33.2,480.0,376.8
472084,52.0,33.3,560.0,377.8
472860,27.0,33.5,310.0,380.0
473743,48.0,33.5,520.0,380.9
474603,41.0,33.5,450.0,374.8
475088,20.0,33.5,200.0,375.5
475990,31.0,33.5,350.0,374.9
476572,14.0,33.4,140.0,374.6
477622,48.0,33.2,520.0,372.5
478259,34.0,33.4,340.0,374.6
478846,19.0,33.5,190.0,375.9
480015,48.0,33.3,560.0,374.3
480783,34.0,33.4,340.0,373.2
481678,36.0,33.5,400.0,374.2
482353,36.0,33.1,360.0,368.2
482991,34.0,32.9,340.0,364.9
483887,32.0,33.0,360.0,366.1
484612,35.0,33.1,350.0,367.7
485311,39.0,33.1,390.0,367.0
486096,29.0,33.1,520.0,367.7
486770,42.0,33.0,420.0,366.3
487319,22.0,32.9,220.0,365.6
487878,32.0,32.8,320.0,363.8
488450,31.0,32.9,310.0,365.7
489320,42.0,33.0,1830.0,366.8
490326,38.0,33.2,1000.0,382.1
490950,45.0,33.2,450.0,388.1
491790,59.0,33.3,590.0,390.0
492354,30.0,33.7,300.0,393.8
492876,27.0,33.6,270.0,391.9
493694,35.0,33.5,580.0,390.8
494607,40.0,33.6,440.0,394.9
495195,30.0,33.7,300.0,395.7
495834,32.0,33.7,320.0,395.5
496741,40.0,33.7,440.0,395.5
497833,36.0,33.8,400.0,396.7
498607,17.0,33.8,400.0,397.6
499615,61.0,33.7,840.0,398.8
500879,66.0,34.1,1410.0,404.3
501531,18.0,34.6,180.0,416.1
502744,49.0,34.5,950.0,415.8
503296,29.0,34.7,290.0,420.0
503831,18.0,34.6,180.0,419.1
504545,26.0,34.6,260.0,419.2
505202,15.0,34.7,150.0,420.2
505798,26.0,34.5,260.0,418.0
506370,17.0,34.5,170.0,417.8
507320,44.0,34.4,710.0,416.6
508322,54.0,34.5,580.0,420.9
509268,45.0,34.7,490.0,422.8
509803,19.0,34.7,190.0,420.9
510783,49.0,34.6,760.0,420.2
511570,44.0,35.0,440.0,426.6
512666,85.0,35.1,1210.0,427.3
513481,42.0,35.6,460.0,436.0
514332,51.0,35.7,510.0,437.2
514979,27.0,36.0,270.0,439.9
515618,20.0,35.8,200.0,438.9
516624,43.0,35.7,710.0,437.4
517246,31.0,35.9,310.0,441.8
517752,12.0,36.0,120.0,442.5
518771,50.0,35.7,770.0,439.4
519859,53.0,35.6,800.0,441.5
520666,39.0,36.0,620.0,447.9
521898,51.0,36.0,1170.0,450.4
522886,54.0,36.2,1000.0,459.2
523981,72.0,36.6,990.0,466.9
524728,39.0,36.9,390.0,473.2
525254,17.0,36.9,170.0,473.2
525904,24.0,36.7,240.0,471.2
526917,49.0,36.6,490.0,469.7
527966,55.0,36.9,820.0,472.7
528477,18.0,37.2,180.0,478.4
529696,64.0,37.2,950.0,478.3
530555,37.0,37.1,990.0,479.9
531301,34.0,37.2,380.0,487.2
532471,57.0,37.4,840.0,489.2
533472,64.0,37.7,1390.0,494.9
534167,35.0,37.8,390.0,503.7
534874,39.0,37.9,620.0,502.6
535806,42.0,38.1,650.0,507.0
536279,19.0,38.3,190.0,510.9
537014,31.0,38.2,540.0,509.9
537903,44.0,38.3,670.0,513.4
538506,28.0,38.1,280.0,512.6
539156,30.0,37.9,300.0,510.5
539679,22.0,37.8,220.0,507.1
540457,52.0,37.5,520.0,498.3
541241,51.0,37.7,510.0,501.1
541956,33.0,37.9,330.0,502.3
542493,23.0,37.7,230.0,499.7
543402,45.0,37.5,490.0,496.0
544148,40.0,37.8,400.0,498.1
545134,52.0,37.7,1930.0,497.9
545876,32.0,37.7,320.0,511.6
546661,43.0,37.7,470.0,511.0
547216,15.0,37.8,150.0,509.5
548187,36.0,37.5,400.0,506.6
549189,54.0,37.6,820.0,505.6
549817,30.0,37.6,300.0,507.9
550729,31.0,37.6,540.0,508.4
551729,33.0,37.5,370.0,509.0
552669,54.0,37.3,540.0,507.1
553128,17.0,37.6,170.0,509.4
553888,34.0,37.3,380.0,505.9
554752,42.0,37.2,460.0,505.2
555635,40.0,37.4,440.0,507.8
556755,45.0,37.5,530.0,508.7
557274,15.0,37.8,150.0,512.6
558038,30.0,37.5,530.0,508.9
558953,33.0,37.4,370.0,510.8
559655,31.0,37.6,310.0,512.6
560772,77.0,37.4,1040.0,510.1
561426,22.0,37.8,220.0,517.1
562095,41.0,37.7,410.0,515.3
562816,44.0,37.8,480.0,515.8
563571,43.0,37.9,1050.0,517.2
564385,41.0,38.0,640.0,524.1
565087,28.0,38.0,280.0,527.0
565980,48.0,37.9,710.0,525.9
566865,44.0,38.1,670.0,527.8
567518,29.0,38.1,520.0,530.3
568059,24.0,38.2,240.0,533.3
568975,32.0,38.1,360.0,532.5
569917,40.0,38.1,440.0,533.0
570450,30.0,38.1,300.0,519.1
571174,34.0,38.0,340.0,512.1
571978,45.0,37.9,490.0,511.0
573236,80.0,37.8,1070.0,510.0
574430,50.0,38.3,580.0,517.7
575097,40.0,38.5,400.0,520.8
575882,61.0,38.6,850.0,519.0
576934,43.0,38.8,510.0,523.1
577766,39.0,38.9,430.0,525.2
578600,40.0,39.0,440.0,526.3
579991,64.0,39.0,810.0,526.3
581087,57.0,39.2,1230.0,530.4
581964,45.0,39.6,680.0,538.7
582849,40.0,39.5,440.0,537.1
583478,30.0,39.2,300.0,527.4
584401,48.0,39.4,750.0,528.6
585054,38.0,39.3,380.0,526.6
585670,37.0,39.4,370.0,527.5
586585,39.0,39.6,620.0,529.4
587381,54.0,39.8,540.0,533.0
588305,35.0,40.1,580.0,536.9
589191,64.0,40.2,680.0,540.1
589782,21.0,40.7,210.0,545.2
591216,87.0,40.5,1180.0,540.2
592099,51.0,40.8,550.0,546.2
592637,31.0,40.9,310.0,546.8
593614,68.0,41.0,1340.0,548.0
594742,51.0,41.2,1360.0,553.8
595677,50.0,41.2,580.0,563.0
596821,35.0,40.9,390.0,556.7
597677,52.0,40.8,1930.0,556.0
598320,44.0,40.8,440.0,570.2
598883,19.0,41.0,190.0,571.9
599656,49.0,41.0,490.0,571.8
600836,51.0,41.0,590.0,569.6
601700,44.0,41.2,480.0,572.4
602531,32.0,41.6,320.0,576.0
603284,45.0,41.4,450.0,571.5
603790,27.0,41.3,270.0,568.0
604556,48.0,41.2,480.0,564.5
605049,14.0,41.2,140.0,557.6
605868,27.0,40.8,890.0,549.0
606562,26.0,40.3,260.0,548.0
607453,53.0,40.2,570.0,546.7
607984,24.0,40.5,240.0,550.7
609103,57.0,40.5,1980.0,550.7
609768,29.0,40.6,290.0,565.6
611003,70.0,40.4,740.0,560.3
612090,53.0,40.9,610.0,565.9
612982,37.0,40.8,410.0,562.5
613938,45.0,40.8,1300.0,556.7
614775,38.0,40.9,610.0,565.9
615504,31.0,40.7,350.0,563.6
616465,49.0,40.4,530.0,553.2
617264,31.0,40.5,310.0,554.6
618075,44.0,40.4,440.0,551.5
618869,63.0,40.4,760.0,549.4
619800,59.0,40.9,630.0,555.1
620480,31.0,41.2,310.0,556.0
621253,37.0,41.0,410.0,552.4
622127,38.0,41.1,380.0,553.7
623044,44.0,41.2,480.0,554.5
623874,37.0,41.4,410.0,557.1
624444,28.0,41.3,280.0,556.0
624956,39.0,41.0,390.0,553.7
625688,36.0,41.1,590.0,554.3
626894,64.0,41.2,770.0,557.9
627796,57.0,41.4,610.0,560.7
628552,31.0,41.6,310.0,562.8
629284,33.0,41.4,370.0,546.6
630273,46.0,41.4,1080.0,547.1
631383,27.0,41.4,500.0,553.2
632216,41.0,41.5,450.0,556.7
633307,35.0,41.6,580.0,557.2
634392,61.0,41.4,1460.0,554.8
635361,44.0,41.7,670.0,566.4
636442,49.0,41.8,760.0,567.7
637072,36.0,42.0,360.0,571.6
637684,30.0,41.8,300.0,569.8
638560,49.0,42.0,720.0,571.1
639407,44.0,42.1,1060.0,574.5
640187,41.0,42.1,410.0,580.5
641073,71.0,42.1,940.0,580.2
641637,31.0,42.4,310.0,584.3
642344,50.0,42.6,500.0,585.9
643074,28.0,42.8,510.0,585.6
643667,23.0,42.7,230.0,587.0
644638,65.0,42.6,920.0,586.2
645615,73.0,42.5,770.0,585.0
646111,25.0,43.0,250.0,590.5
646516,8.0,42.8,80.0,588.9
647757,72.0,42.5,1610.0,584.9
648494,43.0,42.8,470.0,590.5
649042,16.0,42.8,160.0,588.8
650137,56.0,42.7,1020.0,587.6
650666,33.0,42.8,330.0,590.7
651425,45.0,42.6,490.0,587.3
652450,50.0,42.8,770.0,587.0
653244,45.0,43.1,490.0,592.3
653854,27.0,43.2,270.0,593.6
654337,17.0,43.1,170.0,591.9
655097,29.0,42.9,290.0,590.6
655733,36.0,42.9,400.0,590.1
656363,15.0,42.8,380.0,589.2
657144,49.0,42.2,490.0,582.3
658009,51.0,42.1,550.0,581.4
658475,15.0,42.2,150.0,582.9
659578,45.0,41.8,720.0,575.9
660490,35.0,41.8,970.0,578.0
661352,37.0,41.8,410.0,583.4
662022,31.0,41.7,350.0,583.1
662762,55.0,41.4,550.0,578.5
663932,73.0,41.4,810.0,571.7
665221,66.0,41.7,1120.0,573.0
665843,38.0,41.9,420.0,579.8
666712,33.0,42.0,600.0,581.0
667449,58.0,41.9,580.0,579.5
668108,38.0,42.1,380.0,581.5
668748,43.0,42.1,430.0,581.6
669364,34.0,42.1,340.0,579.7
669921,40.0,41.9,400.0,577.7
670534,31.0,42.0,310.0,575.9
671448,43.0,41.6,890.0,572.2
671867,12.0,41.8,120.0,579.0
672611,41.0,41.1,410.0,568.4
673236,27.0,41.0,270.0,567.0
673772,25.0,41.0,250.0,566.6
674487,51.0,40.5,740.0,555.7
675103,35.0,40.5,350.0,549.5
676049,46.0,40.4,1080.0,547.2
677041,89.0,40.5,1520.0,554.1
677714,52.0,40.9,520.0,550.0
678786,59.0,40.9,720.0,550.8
679666,35.0,41.3,390.0,556.1
680525,61.0,41.2,880.0,555.1
681631,48.0,41.3,560.0,558.0
682930,63.0,41.3,900.0,558.8
683854,43.0,41.6,700.0,564.6
684521,35.0,41.6,350.0,567.1
685617,60.0,41.7,680.0,567.9
686161,20.0,41.8,200.0,569.9
686754,24.0,41.9,240.0,570.5
687390,30.0,41.9,300.0,564.0
687893,39.0,41.9,390.0,564.4
688373,23.0,41.8,230.0,562.6
688917,23.0,41.8,230.0,562.5
689656,41.0,41.4,410.0,545.0
690239,19.0,41.5,190.0,546.2
690963,33.0,41.0,560.0,540.7
691783,60.0,40.8,830.0,540.2
692225,21.0,41.0,210.0,544.4
692750,34.0,40.8,340.0,533.5
693945,82.0,40.8,1090.0,530.8
694572,46.0,41.3,460.0,538.2
695242,47.0,41.2,470.0,537.5
695922,59.0,41.4,590.0,539.1
696454,36.0,41.6,360.0,540.6
697332,61.0,41.3,650.0,536.6
697720,18.0,41.3,180.0,536.8
698449,52.0,41.2,610.0,535.5
699024,51.0,41.3,510.0,537.5
700064,66.0,41.5,890.0,538.8
700905,43.0,41.7,470.0,542.9
701457,35.0,41.7,350.0,543.5
702235,40.0,41.8,630.0,544.2
703102,65.0,41.8,880.0,546.6
703838,53.0,42.1,570.0,549.5
704670,33.0,42.0,950.0,547.5
705569,67.0,41.8,710.0,550.9
706333,34.0,42.1,570.0,554.9
707000,45.0,42.1,450.0,556.9
707441,24.0,42.1,240.0,550.6
708083,34.0,42.1,340.0,548.0
709387,72.0,42.0,760.0,546.9
710139,44.0,42.4,670.0,548.7
710763,41.0,42.2,410.0,540.8
711340,25.0,42.2,250.0,538.2
712552,84.0,42.0,1160.0,533.1
713235,33.0,42.4,560.0,541.1
713981,31.0,42.5,310.0,543.7
715153,58.0,42.3,620.0,539.6
715720,29.0,42.4,290.0,535.2
716764,58.0,42.3,620.0,534.0
717177,21.0,42.2,210.0,530.8
718354,89.0,42.1,1650.0,529.8
718909,34.0,42.5,340.0,541.3
719684,48.0,42.5,710.0,539.6
720892,62.0,42.8,850.0,544.4
721724,44.0,42.7,670.0,543.7
722767,84.0,42.4,880.0,542.7
723174,23.0,43.0,230.0,549.0
723707,32.0,43.2,320.0,550.5
724155,20.0,42.8,200.0,537.6
724888,28.0,42.6,320.0,534.9
725520,56.0,42.7,560.0,536.5
726395,52.0,42.7,560.0,531.9
727219,30.0,42.9,530.0,534.2
728003,74.0,42.7,740.0,534.6
728897,36.0,43.0,980.0,534.3
729822,54.0,42.9,1170.0,539.2
730280,28.0,43.1,280.0,548.2
731139,64.0,43.2,1260.0,549.3
731647,37.0,43.6,370.0,559.0
732150,26.0,43.6,260.0,558.7
733057,43.0,43.7,470.0,557.5
733836,49.0,43.7,760.0,557.3
734716,61.0,43.6,740.0,559.4
735388,31.0,44.1,350.0,565.3
736291,58.0,44.0,810.0,561.6
736966,51.0,44.2,510.0,560.0
737619,49.0,44.3,490.0,561.0
738648,65.0,44.5,880.0,562.4
739484,46.0,44.6,1080.0,565.7
740185,53.0,44.3,530.0,568.4
741188,50.0,44.2,1120.0,562.5
742006,46.0,44.3,690.0,569.5
742792,51.0,44.5,740.0,570.4
743512,40.0,44.4,630.0,572.0
744371,55.0,44.4,780.0,574.5
744833,15.0,44.5,150.0,578.0
745869,57.0,44.3,570.0,576.1
746572,38.0,44.5,380.0,577.8
747365,34.0,44.6,380.0,578.5
748485,58.0,44.5,860.0,573.4
749664,45.0,45.0,720.0,580.8
750136,20.0,45.0,200.0,583.9
750894,54.0,44.9,810.0,583.2
751615,22.0,45.2,450.0,588.8
752138,17.0,44.9,170.0,585.9
752828,33.0,44.7,330.0,584.1
753597,53.0,44.6,530.0,576.6
754259,41.0,44.2,410.0,566.7
754880,34.0,44.1,340.0,565.6
755454,42.0,43.9,420.0,561.8
756092,18.0,44.0,180.0,562.1
756862,50.0,43.5,500.0,555.1
757322,28.0,43.6,280.0,554.5
757980,38.0,43.2,380.0,548.3
758776,32.0,43.2,940.0,545.1
759337,38.0,43.1,380.0,551.0
759808,24.0,42.9,240.0,548.0
760656,44.0,42.9,670.0,548.4
761525,64.0,43.1,880.0,552.7
762183,39.0,43.5,390.0,558.5
762945,52.0,43.5,520.0,558.5
763702,34.0,43.8,570.0,561.4
764419,52.0,43.9,520.0,564.8
765558,71.0,44.0,1020.0,565.9
766637,52.0,44.5,600.0,574.2
767536,43.0,44.7,660.0,574.6
768271,43.0,44.5,660.0,572.9
768638,15.0,44.8,150.0,577.4
769370,50.0,44.6,500.0,575.5
770034,53.0,44.2,530.0,569.6
770899,45.0,44.3,680.0,570.3
771272,16.0,44.3,160.0,572.4
772069,38.0,43.9,420.0,568.1
772816,39.0,43.9,620.0,568.7
773823,47.0,43.7,510.0,568.4
774348,33.0,44.0,330.0,571.7
775042,29.0,43.8,520.0,568.9
775784,46.0,43.5,500.0,569.0
776374,49.0,43.3,490.0,565.1
777129,61.0,43.4,840.0,565.3
777747,47.0,43.7,470.0,570.2
778518,28.0,43.7,320.0,568.6
779076,38.0,43.4,380.0,563.0
779807,26.0,43.2,490.0,561.1
780674,75.0,43.1,750.0,556.5
781297,41.0,43.2,410.0,556.9
782280,73.0,43.3,960.0,555.3
783610,103.0,43.6,1300.0,560.4
784291,49.0,44.4,530.0,571.0
785212,55.0,44.5,590.0,572.9
786253,49.0,44.3,530.0,571.2
787134,44.0,44.4,480.0,569.8
787965,84.0,44.4,840.0,570.5
788620,21.0,45.0,250.0,576.4
789413,20.0,44.4,430.0,567.3
790586,68.0,44.2,1530.0,566.0
791163,46.0,44.6,460.0,578.2
792201,38.0,44.5,380.0,576.6
792804,36.0,44.6,360.0,577.5
793207,11.0,44.4,110.0,574.9
794428,82.0,44.3,900.0,573.9
794958,30.0,44.2,300.0,566.4
795951,66.0,44.2,1130.0,566.0
796458,33.0,44.3,330.0,570.2
796913,27.0,44.0,270.0,565.0
797840,54.0,43.9,580.0,561.0
798691,60.0,43.6,930.0,558.0
799074,15.0,44.0,150.0,565.0
799675,41.0,43.8,410.0,563.3
800102,19.0,44.0,190.0,565.4
800865,58.0,43.9,620.0,564.1
801504,44.0,43.9,440.0,564.7
802053,28.0,43.8,280.0,563.5
803010,57.0,43.8,1420.0,561.0
803578,20.0,43.6,430.0,567.8
804502,53.0,43.5,530.0,562.3
805371,50.0,43.5,730.0,555.9
806020,54.0,43.7,540.0,560.4
806960,46.0,43.6,1310.0,553.2
808005,67.0,43.7,1290.0,562.6
808535,19.0,44.1,190.0,572.9
809411,41.0,43.9,450.0,570.1
810234,54.0,43.8,580.0,567.0
811190,77.0,43.7,1230.0,565.4
811744,23.0,44.2,230.0,574.2
812576,48.0,43.8,520.0,568.4
813463,58.0,43.8,620.0,568.5
814034,25.0,43.9,250.0,569.8
814556,22.0,43.5,220.0,563.5
814957,21.0,43.2,210.0,554.9
815808,58.0,42.9,810.0,551.7
816241,23.0,43.0,230.0,548.6
816898,55.0,42.8,550.0,544.0
817357,24.0,42.8,240.0,542.1
818363,67.0,42.6,670.0,538.2
819122,35.0,42.8,580.0,537.1
820003,48.0,43.0,1100.0,541.4
820864,35.0,42.9,390.0,546.7
821462,50.0,42.8,500.0,546.8
822272,46.0,43.0,690.0,548.0
823253,52.0,42.9,1930.0,546.3
824199,78.0,43.0,780.0,558.4
824857,65.0,43.5,650.0,564.2
825485,31.0,43.6,310.0,562.6
826114,23.0,43.7,230.0,561.2
827263,70.0,43.8,740.0,561.8
828127,48.0,44.2,520.0,565.9
828824,58.0,44.1,670.0,565.8
829414,37.0,44.3,370.0,568.4
830152,48.0,44.3,480.0,568.7
830976,51.0,44.4,740.0,569.3
831460,21.0,44.7,210.0,574.9
831856,20.0,44.4,200.0,572.0
832596,37.0,44.3,600.0,571.2
833059,24.0,44.3,240.0,573.4
833928,59.0,44.2,630.0,566.4
834502,52.0,44.5,520.0,568.9
835276,41.0,44.7,450.0,571.7
836227,38.0,44.7,840.0,569.5
836704,24.0,44.4,240.0,569.1
837882,65.0,44.3,690.0,567.6
838535,35.0,44.4,580.0,569.3
839032,30.0,44.4,300.0,569.4
839677,44.0,44.2,440.0,567.2
840569,48.0,44.0,1890.0,561.4
841104,24.0,43.9,240.0,574.3
842072,48.0,43.7,520.0,570.1
842895,62.0,43.8,620.0,568.7
843782,60.0,44.2,640.0,573.4
844478,37.0,44.3,600.0,574.8
845086,39.0,44.2,390.0,575.5
846052,53.0,44.1,800.0,572.6
846665,29.0,44.5,520.0,579.0
847060,21.0,44.4,210.0,580.0
847671,43.0,44.2,430.0,575.9
848082,25.0,44.2,250.0,575.1
848708,28.0,44.1,280.0,574.3
849515,40.0,44.1,630.0,571.9
850432,56.0,44.0,790.0,573.2
851020,42.0,44.1,420.0,576.2
851815,36.0,43.9,980.0,572.0
852281,35.0,43.8,350.0,577.1
852946,19.0,43.9,420.0,577.4
853655,29.0,43.7,910.0,577.8
854380,49.0,43.7,490.0,582.0
855204,36.0,43.4,980.0,579.4
855904,48.0,43.4,480.0,585.1
856782,41.0,43.2,640.0,580.3
857402,26.0,42.5,490.0,573.7
857939,33.0,42.3,330.0,573.3
858706,48.0,42.1,710.0,570.7
859154,27.0,42.1,270.0,572.5
859579,24.0,41.9,240.0,570.4
860361,48.0,41.3,1890.0,564.4
861131,31.0,41.6,930.0,580.8
861800,36.0,41.7,360.0,585.8
863100,68.0,41.4,1340.0,574.1
864201,57.0,41.6,610.0,582.9
864787,35.0,41.8,350.0,585.2
865534,60.0,41.8,600.0,585.1
866448,48.0,42.2,710.0,590.0
866848,21.0,41.9,210.0,588.1
867689,47.0,41.8,510.0,587.2
868753,46.0,41.6,920.0,581.0
869793,59.0,41.8,860.0,586.9
870355,43.0,42.1,430.0,592.8
871080,45.0,42.0,450.0,591.3
871722,51.0,41.8,510.0,586.5
872787,42.0,42.2,420.0,590.1
873491,15.0,42.2,190.0,590.2
874113,48.0,42.2,480.0,590.2
874993,43.0,42.0,1050.0,588.8
875980,58.0,42.0,620.0,594.9
877007,69.0,42.3,770.0,598.3
877749,41.0,42.5,450.0,591.8
878745,55.0,42.7,780.0,592.0
879756,54.0,42.7,810.0,594.5
880210,28.0,42.7,280.0,595.3
881016,62.0,42.5,660.0,592.7
881947,66.0,42.6,740.0,586.2
882822,17.0,42.6,790.0,580.7
884143,61.0,42.6,690.0,586.7
884711,41.0,42.8,410.0,589.1
885367,49.0,42.7,490.0,587.4
885877,34.0,42.4,340.0,580.0
886610,38.0,42.5,1000.0,581.1
887231,48.0,42.4,480.0,585.9
887629,21.0,42.3,210.0,584.5
888405,38.0,42.3,610.0,584.1
889318,46.0,42.4,690.0,588.0
889741,24.0,42.7,240.0,592.8
890317,30.0,42.3,300.0,587.1
890770,26.0,42.4,260.0,587.8
891304,22.0,42.1,220.0,584.9
892038,55.0,42.1,550.0,584.7
893140,74.0,42.0,1200.0,583.5
893574,29.0,42.4,290.0,589.7
894307,54.0,42.2,540.0,581.6
894831,20.0,42.4,200.0,583.1
895759,54.0,42.1,540.0,580.1
896308,40.0,42.1,400.0,578.6
897020,58.0,42.0,580.0,563.3
897712,56.0,41.8,560.0,561.3
899482,107.0,41.7,1850.0,560.4
900350,55.0,42.5,590.0,575.8
900744,21.0,42.8,210.0,579.4
901804,37.0,42.3,600.0,574.1
902420,36.0,42.2,360.0,574.9
903300,44.0,42.0,670.0,571.8
903818,39.0,42.1,390.0,574.8
904596,60.0,42.0,600.0,573.9
905271,45.0,42.1,450.0,572.5
906054,48.0,42.3,710.0,574.9
906931,46.0,42.6,1080.0,580.0
907653,33.0,42.7,560.0,584.8
908459,36.0,42.8,590.0,588.0
908870,24.0,42.5,240.0,587.6
909731,46.0,42.2,690.0,584.8
910973,60.0,42.3,830.0,587.2
911368,21.0,42.5,210.0,587.1
912016,49.0,42.5,490.0,586.8
912785,43.0,42.3,430.0,584.8
913445,50.0,42.4,500.0,583.3
913841,21.0,42.6,210.0,585.3
914709,43.0,42.4,660.0,583.0
915324,31.0,42.3,310.0,570.7
915735,24.0,42.4,240.0,571.4
916571,25.0,42.2,290.0,568.6
917372,48.0,41.8,1100.0,565.3
918325,28.0,41.7,510.0,569.9
918723,21.0,41.6,210.0,569.0
920156,80.0,41.4,2300.0,567.2
920732,42.0,41.7,420.0,582.2
921456,41.0,41.8,410.0,581.2
922134,59.0,42.0,590.0,583.2
922694,40.0,42.2,400.0,584.8
923601,50.0,42.3,540.0,586.3
924173,43.0,42.5,430.0,588.9
924751,36.0,42.6,360.0,586.9
925509,64.0,42.4,730.0,582.6
925915,23.0,42.6,230.0,585.7
926587,58.0,42.4,580.0,578.2
927380,44.0,42.7,480.0,580.5
928137,45.0,42.9,1860.0,581.1
928523,21.0,43.1,210.0,590.6
929588,61.0,42.8,1070.0,587.8
930227,46.0,43.1,690.0,588.7
930613,21.0,43.0,210.0,590.8
931278,42.0,42.8,420.0,586.5
931995,53.0,43.0,530.0,585.8
932588,35.0,43.2,350.0,587.8
933398,47.0,43.1,1090.0,584.2
933841,30.0,43.3,300.0,592.4
934470,35.0,43.3,350.0,593.0
935292,41.0,43.2,450.0,577.6
936569,79.0,43.3,1100.0,572.8
937043,36.0,43.7,360.0,580.2
937470,25.0,43.4,250.0,570.4
938517,72.0,43.1,2170.0,566.8
939659,72.0,43.5,1380.0,585.0
940065,21.0,43.6,210.0,592.8
940478,25.0,43.3,250.0,587.8
941094,21.0,43.4,210.0,588.2
941604,21.0,43.1,210.0,585.2
942476,59.0,42.8,820.0,578.1
943719,79.0,42.8,1060.0,577.7
944502,31.0,43.2,540.0,584.0
944987,37.0,43.1,370.0,584.9
945668,61.0,42.9,610.0,583.5
946428,48.0,43.1,480.0,585.4
947079,52.0,43.4,520.0,588.3
947774,51.0,43.5,510.0,588.7
948663,53.0,43.6,760.0,583.3
949152,21.0,43.5,210.0,584.7
949652,21.0,43.0,210.0,579.1
950421,63.0,42.8,630.0,576.7
950823,20.0,42.9,200.0,575.2
951328,40.0,42.6,400.0,569.1
951719,21.0,42.7,210.0,570.3
952299,42.0,42.3,420.0,565.8
952965,46.0,42.0,460.0,562.6
953538,41.0,42.3,410.0,559.3
954295,49.0,42.1,1900.0,556.5
954677,21.0,42.2,210.0,571.4
955077,22.0,41.9,220.0,568.6
955693,45.0,41.8,450.0,567.4
956318,33.0,41.9,330.0,561.9
956839,22.0,41.7,220.0,560.4
957230,21.0,41.7,210.0,560.5
957954,46.0,41.6,460.0,556.5
958370,24.0,41.6,240.0,554.2
959369,89.0,41.6,2220.0,554.2
960227,47.0,42.2,700.0,573.4
960973,39.0,42.4,390.0,577.8
962045,43.0,42.5,470.0,579.5
962439,21.0,42.4,210.0,578.7
963523,68.0,41.9,680.0,568.8
963960,29.0,42.3,290.0,572.7
964553,30.0,42.0,300.0,570.2
965078,32.0,42.1,320.0,571.2
965472,21.0,41.9,210.0,569.0
966149,42.0,41.7,420.0,567.1
967401,54.0,41.6,850.0,565.5
968080,48.0,41.5,480.0,568.4
968958,65.0,41.0,650.0,554.7
971169,118.0,41.0,1620.0,555.3
971812,40.0,42.0,400.0,569.4
972394,32.0,42.0,320.0,567.4
972982,24.0,42.0,240.0,567.0
973367,21.0,41.8,210.0,562.7
973773,21.0,41.6,210.0,560.9
974167,21.0,41.2,210.0,557.0
975162,70.0,41.0,930.0,554.6
975559,21.0,41.2,210.0,556.8
975969,24.0,41.0,240.0,548.1
976609,38.0,40.9,380.0,544.9
977734,58.0,40.9,850.0,542.8
978130,21.0,41.2,210.0,548.9
978525,21.0,41.0,210.0,544.1
979287,49.0,40.6,490.0,537.9
980047,37.0,40.9,610.0,540.7
980430,21.0,40.8,210.0,541.9
981081,50.0,40.5,500.0,539.7
981468,21.0,40.5,210.0,539.7
981871,21.0,40.5,210.0,539.7
982618,55.0,40.3,780.0,535.2
983687,78.0,40.6,820.0,539.9
984100,28.0,41.1,280.0,545.7
984998,53.0,41.1,620.0,545.6
985397,21.0,41.2,210.0,540.8
985836,30.0,41.1,300.0,537.8
986486,32.0,41.2,320.0,538.7
987118,46.0,40.7,460.0,518.9
988005,44.0,40.8,670.0,519.3
988580,36.0,40.8,360.0,521.9
988984,21.0,40.6,210.0,519.6
989833,52.0,40.4,1930.0,517.7
990489,41.0,40.4,1820.0,531.6
990897,24.0,40.4,240.0,545.5
991295,21.0,40.2,210.0,544.3
991697,21.0,39.8,210.0,539.1
992094,21.0,39.8,210.0,538.9
992907,50.0,39.4,500.0,535.2
993298,21.0,39.5,210.0,535.4
993696,21.0,39.2,210.0,518.9
994095,21.0,39.2,210.0,518.9
994497,21.0,38.8,210.0,510.3
994887,22.0,38.6,220.0,505.5
995493,33.0,38.6,330.0,505.6
995896,21.0,38.5,210.0,504.7
996396,21.0,38.2,210.0,501.5
996784,21.0,38.1,210.0,500.1
997189,21.0,37.8,210.0,491.3
997616,31.0,37.7,310.0,490.4
998499,64.0,37.7,1260.0,490.0
999354,42.0,37.9,460.0,498.1
999866,30.0,37.5,300.0,491.7
1000256,21.0,37.5,210.0,491.1
1000653,21.0,37.4,210.0,490.7
1001054,21.0,36.9,210.0,471.1
1001485,29.0,36.4,290.0,459.4
1001893,24.0,36.5,240.0,460.2
1002361,21.0,36.5,210.0,460.1
1002943,27.0,36.5,270.0,460.1
1003583,35.0,36.5,350.0,460.7
1004195,38.0,36.3,380.0,456.0
1004589,21.0,35.9,210.0,449.2
1005557,73.0,35.8,1010.0,445.9
1006119,22.0,36.2,220.0,452.3
1006507,21.0,35.8,210.0,448.4
1007246,32.0,35.5,320.0,445.7
1007696,21.0,35.3,210.0,443.7
1008344,21.0,35.0,210.0,440.7
1008958,35.0,34.7,350.0,435.2
1009611,24.0,34.8,240.0,436.6
1010498,48.0,34.8,480.0,436.9
1011045,24.0,34.7,240.0,435.4
1011685,32.0,34.7,320.0,435.8
1012430,35.0,34.6,350.0,435.0
1013404,60.0,34.8,880.0,436.4
1014088,40.0,35.0,400.0,441.0
1015082,48.0,34.9,520.0,440.4
1015475,21.0,35.0,210.0,441.5
1015914,32.0,34.7,320.0,424.6
1016306,21.0,34.8,210.0,425.7
1016893,38.0,34.8,380.0,425.6
1017613,32.0,34.7,320.0,424.9
1018003,21.0,34.7,210.0,424.8
1018794,32.0,34.7,320.0,424.7
1019646,51.0,34.8,740.0,425.8
1020467,52.0,34.9,750.0,428.6
1021137,53.0,35.2,530.0,433.7
1021532,21.0,34.8,210.0,416.8
1022091,45.0,34.5,450.0,411.9
1022491,21.0,34.6,210.0,412.5
1022891,21.0,34.4,210.0,409.9
1023498,22.0,34.4,220.0,409.9
1024069,24.0,33.9,240.0,405.3
1024694,32.0,33.9,320.0,404.8
1025110,23.0,33.9,230.0,405.0
1025502,21.0,33.8,210.0,404.1
1025887,21.0,33.8,210.0,404.1
1026608,51.0,33.6,740.0,402.0
1027359,24.0,33.6,240.0,400.9
1027760,21.0,33.3,210.0,398.5
1028273,22.0,32.9,220.0,394.1
1028728,34.0,31.9,340.0,380.1
1029128,21.0,31.8,210.0,379.5
1029871,42.0,31.7,420.0,378.4
1030711,60.0,31.9,600.0,380.2
1031280,28.0,32.3,280.0,384.1
1031676,21.0,32.4,210.0,384.8
1032076,21.0,32.4,210.0,384.8
1032475,21.0,31.9,210.0,377.6
1032860,21.0,31.9,210.0,377.6
1033509,48.0,31.9,720.0,377.3
1034189,53.0,32.0,530.0,380.7
1034579,21.0,31.9,210.0,377.5
1034975,21.0,31.9,210.0,377.5
1035481,24.0,31.9,240.0,377.5
1036050,50.0,31.7,500.0,375.0
1036557,31.0,31.8,310.0,373.9
1037080,37.0,31.9,370.0,374.9
1037477,21.0,31.8,210.0,373.6
1037873,21.0,31.8,210.0,373.6
1038265,21.0,31.8,210.0,373.6
1038655,21.0,31.4,210.0,367.9
1039054,21.0,30.8,210.0,361.8
1039453,21.0,30.8,210.0,361.1
1039900,22.0,30.5,220.0,357.0
1040288,21.0,30.5,210.0,357.1
1040880,41.0,30.4,410.0,356.2
1041750,37.0,30.5,1780.0,357.1
1042147,21.0,30.4,210.0,370.3
1042694,39.0,30.2,390.0,365.7
1043407,50.0,30.2,500.0,366.0
1044057,21.0,30.5,210.0,368.9
1044716,49.0,30.2,490.0,351.7
1045109,21.0,30.2,210.0,338.4
1045700,49.0,30.2,490.0,338.1
1046099,21.0,30.5,210.0,340.9
1046553,31.0,30.5,310.0,340.9
1047222,21.0,30.6,440.0,341.9
1047613,21.0,30.3,210.0,341.3
1048239,22.0,30.3,220.0,341.3
1048634,21.0,30.3,210.0,341.4
1049472,52.0,30.3,520.0,341.4
1049865,21.0,30.6,210.0,344.5
1050280,24.0,30.6,240.0,344.4
1050680,21.0,30.5,210.0,343.5
1051088,24.0,30.5,240.0,343.5
1051593,21.0,30.6,210.0,343.8
1052255,32.0,30.6,320.0,343.8
1052650,21.0,30.7,210.0,344.9
1053036,21.0,30.6,210.0,343.9
1053424,22.0,30.1,220.0,333.4
1053824,21.0,29.9,210.0,331.0
1054291,33.0,29.8,330.0,330.1
1054682,21.0,30.0,210.0,331.3
1055336,32.0,30.0,320.0,331.3
1055730,21.0,30.1,210.0,332.4
1056126,21.0,30.0,210.0,331.6
1056515,21.0,30.0,210.0,331.3
1057432,78.0,30.0,1400.0,331.3
1058310,69.0,30.5,690.0,342.6
1058702,21.0,30.8,210.0,346.0
1059419,39.0,30.6,390.0,344.3
1059821,21.0,30.8,210.0,346.1
1060203,21.0,30.3,210.0,338.1
1060812,28.0,30.3,280.0,338.0
1061396,32.0,30.4,320.0,338.7
1061992,22.0,30.4,220.0,338.7
1062388,21.0,30.4,210.0,338.8
1063459,35.0,30.4,350.0,338.8
1063993,31.0,30.4,310.0,338.8
1064559,35.0,30.4,350.0,339.5
1065494,64.0,30.3,810.0,338.2
1066111,51.0,30.7,510.0,343.9
1066573,33.0,30.9,330.0,345.8
1066965,21.0,30.9,210.0,345.6
1067362,21.0,30.5,210.0,338.9
1067952,32.0,30.3,320.0,337.0
1068344,21.0,30.1,210.0,335.0
1068734,22.0,30.1,220.0,335.0
1069132,21.0,30.0,210.0,334.0
1069794,39.0,30.0,390.0,334.0
1070379,28.0,30.0,280.0,334.1
1070933,22.0,30.0,220.0,333.7
1071332,21.0,30.0,210.0,333.8
1071880,37.0,29.9,370.0,332.7
1072276,21.0,29.8,210.0,329.0
1072957,53.0,29.5,530.0,323.6
1073901,82.0,29.5,900.0,323.6
1074677,26.0,30.1,300.0,330.5
1075835,89.0,29.9,2530.0,329.0
1076513,45.0,30.6,680.0,352.2
1076921,21.0,30.8,210.0,356.9
1077673,49.0,30.8,490.0,356.8
1078134,34.0,31.0,340.0,359.3
1078980,71.0,31.1,750.0,359.5
1079415,30.0,31.5,300.0,364.7
1079802,21.0,31.6,210.0,365.6
1080594,53.0,31.6,570.0,365.6
1081007,21.0,31.6,210.0,363.9
1081418,21.0,31.6,210.0,363.6
1082107,53.0,31.6,530.0,363.6
1082980,49.0,31.9,530.0,366.7
1083379,21.0,32.1,210.0,368.6
1084463,68.0,32.1,1140.0,368.6
1084858,21.0,32.3,210.0,375.8
1085532,53.0,32.0,530.0,371.9
1086140,21.0,32.2,210.0,374.4
1086806,37.0,32.2,370.0,374.4
1087667,47.0,32.4,510.0,376.0
1088049,21.0,32.6,210.0,379.0
1088657,49.0,32.6,490.0,379.0
1089714,72.0,32.6,1340.0,376.7
1090278,42.0,32.8,420.0,384.8
1090671,21.0,33.0,210.0,386.9
1091869,63.0,33.0,710.0,386.9
1092683,27.0,33.4,500.0,391.6
1093768,70.0,33.2,970.0,391.6
1094408,28.0,33.6,280.0,398.2
1095291,67.0,33.5,800.0,397.3
1096189,71.0,34.0,1330.0,403.2
1097072,49.0,34.4,1900.0,414.4
1097679,25.0,34.7,250.0,431.3
1098064,21.0,34.8,210.0,431.7
1098701,33.0,34.8,330.0,431.7
1099151,21.0,34.9,210.0,432.9
1099543,21.0,34.9,210.0,432.8
1099937,21.0,34.9,210.0,432.8
1100751,63.0,34.7,1350.0,430.8
1101303,32.0,34.9,320.0,426.5
1101762,21.0,35.0,210.0,427.6
1102145,21.0,34.9,210.0,425.8
1102533,21.0,34.6,210.0,422.9
1102952,24.0,34.6,240.0,422.9
1103354,21.0,34.3,210.0,420.4
1104144,40.0,34.3,1020.0,420.4
1105112,82.0,34.2,820.0,425.7
1105503,21.0,34.8,210.0,431.8
1105988,27.0,34.8,270.0,430.8
1106464,29.0,34.8,290.0,429.1
1106926,21.0,34.9,210.0,429.9
1108228,73.0,34.9,1000.0,429.8
1108658,32.0,35.4,320.0,437.7
1109041,22.0,35.2,220.0,435.7
1109452,24.0,35.2,240.0,435.8
1110288,59.0,35.2,1310.0,435.8
1111023,62.0,35.6,850.0,446.8
1111638,28.0,36.0,280.0,452.9
1112180,35.0,36.0,350.0,453.6
1112582,21.0,36.1,210.0,453.9
1112986,24.0,36.1,240.0,453.9
1113502,39.0,36.1,390.0,454.2
1114027,41.0,36.3,410.0,455.9
1114617,25.0,36.5,250.0,457.9
1115011,21.0,36.4,210.0,457.1
1115932,48.0,36.4,710.0,457.1
1116905,69.0,36.6,920.0,461.0
1117661,67.0,37.0,800.0,468.1
1118124,33.0,37.5,330.0,474.0
1118512,21.0,37.6,210.0,475.2
1119350,38.0,37.0,380.0,463.3
1119737,21.0,36.7,210.0,460.2
1120128,21.0,36.7,210.0,460.2
1120836,38.0,36.6,380.0,458.4
1121224,21.0,36.7,210.0,460.1
1122289,80.0,36.7,1460.0,460.1
1123468,64.0,37.2,1490.0,471.9
1124463,76.0,37.6,990.0,483.6
1125328,55.0,38.1,590.0,491.3
1125854,33.0,38.4,330.0,495.1
1126869,79.0,38.4,870.0,494.9
1127549,63.0,38.9,630.0,500.5
1128051,29.0,39.2,290.0,503.3
1129149,32.0,38.8,360.0,498.1
1129686,24.0,38.6,240.0,496.6
1130235,24.0,38.6,240.0,495.7
1130632,21.0,38.6,210.0,496.0
1131068,21.0,38.6,210.0,496.0
1131775,47.0,38.5,470.0,494.9
1132379,51.0,38.7,510.0,497.5
1132916,40.0,39.0,400.0,500.4
1133781,59.0,39.2,630.0,502.3
1134207,25.0,39.4,250.0,504.7
1134848,49.0,39.4,490.0,504.4
1135446,47.0,39.6,470.0,507.1
1136111,29.0,39.9,330.0,509.7
1136634,26.0,39.8,260.0,509.3
1137219,36.0,39.9,360.0,509.8
1137615,21.0,39.7,210.0,508.1
1138488,33.0,39.1,370.0,501.2
1139680,56.0,39.2,640.0,501.9
1140291,44.0,38.8,440.0,483.0
1141284,55.0,38.8,590.0,480.6
1142016,52.0,39.2,560.0,484.4
1143211,68.0,39.2,850.0,485.1
1143784,37.0,39.5,370.0,490.2
1144762,57.0,39.2,1030.0,486.4
1145549,66.0,39.5,660.0,493.7
1146467,58.0,39.9,620.0,498.2
1146870,22.0,40.0,220.0,498.7
1147423,33.0,40.0,330.0,498.8
1148067,50.0,40.1,500.0,500.0
1148467,22.0,40.1,220.0,499.7
1149045,24.0,39.8,240.0,496.6
1149570,22.0,39.8,220.0,496.9
1150504,52.0,39.4,560.0,487.7
1151415,68.0,39.7,910.0,491.2
1152057,47.0,39.8,470.0,495.0
1153584,72.0,40.1,800.0,497.6
1154523,26.0,40.4,260.0,501.9
1155820,102.0,40.2,1570.0,499.4
1156316,32.0,41.0,320.0,513.0
1156875,39.0,40.9,390.0,511.3
1157384,29.0,40.5,290.0,501.8
1158249,46.0,40.4,690.0,500.5
1158650,21.0,40.7,210.0,505.3
1159340,48.0,40.2,480.0,500.3
1159992,45.0,40.4,450.0,500.1
1160603,31.0,40.2,310.0,494.9
1161118,39.0,40.2,390.0,495.2
1161711,36.0,40.0,360.0,491.1
1162123,22.0,39.6,220.0,481.4
1162956,50.0,39.3,770.0,464.6
1163711,58.0,39.6,580.0,469.8
1164233,31.0,40.0,310.0,473.5
1164954,53.0,39.9,530.0,473.3
1165351,21.0,40.2,210.0,476.5
1166028,56.0,40.2,790.0,476.5
1166498,33.0,40.6,330.0,482.3
1167038,49.0,40.3,490.0,472.1
1168014,65.0,40.5,1110.0,473.8
1168683,50.0,40.9,500.0,482.8
1169119,29.0,41.2,290.0,485.7
1169884,60.0,41.3,830.0,486.5
1170383,46.0,41.6,460.0,492.4
1171379,65.0,41.9,1010.0,494.9
1171898,35.0,42.1,350.0,494.8
1172479,30.0,41.7,300.0,490.1
1173270,28.0,41.8,510.0,491.0
1174062,47.0,41.8,470.0,493.4
1174570,27.0,42.0,270.0,495.2
1175404,48.0,42.0,520.0,495.8
1176074,33.0,41.8,330.0,491.0
1176713,38.0,41.8,380.0,491.1
1177261,29.0,41.9,290.0,492.7
1178157,52.0,42.0,750.0,493.2
1178794,36.0,41.9,360.0,487.6
1179485,51.0,41.6,510.0,482.7
1180117,25.0,41.9,250.0,485.0
1180951,36.0,41.8,590.0,484.0
1181621,42.0,41.9,420.0,487.8
1182264,50.0,42.1,500.0,489.6
1182833,38.0,42.2,380.0,490.7
1183526,48.0,42.2,480.0,490.4
1184065,27.0,42.4,270.0,492.7
1184537,30.0,42.5,300.0,493.3
1185492,62.0,42.3,890.0,489.2
1186289,42.0,42.2,420.0,488.9
1187320,73.0,42.0,960.0,485.1
1188372,55.0,42.4,1400.0,491.4
1188936,35.0,42.7,350.0,503.3
1189685,50.0,42.7,500.0,503.0
1190439,56.0,43.0,600.0,505.9
1191067,51.0,43.3,510.0,509.8
1191809,49.0,43.5,490.0,511.1
1192569,57.0,43.7,570.0,513.9
1193165,26.0,43.5,260.0,505.0
1193710,30.0,43.1,300.0,492.7
1194421,49.0,42.7,490.0,485.8
1195245,58.0,42.6,580.0,484.8
1195918,44.0,42.9,440.0,487.3
1196569,43.0,42.5,430.0,483.0
1197120,40.0,42.3,400.0,481.0
1197817,48.0,42.4,480.0,482.1
1198836,55.0,42.6,590.0,483.3
1199422,30.0,42.9,300.0,486.8
1200292,53.0,43.0,610.0,487.4
1200821,35.0,43.3,350.0,491.4
1201411,44.0,43.4,440.0,492.8
1202311,59.0,43.4,710.0,492.5
1202823,38.0,43.5,380.0,494.5
1203601,52.0,43.4,750.0,494.3
1204103,38.0,43.4,380.0,495.5
1204866,55.0,43.5,550.0,496.8
1205567,49.0,43.6,490.0,497.4
1206213,42.0,43.6,420.0,497.6
1207111,66.0,43.7,740.0,498.5
1208236,72.0,44.1,1570.0,503.3
1209048,54.0,44.5,540.0,515.4
1209742,35.0,44.8,390.0,518.7
1210579,30.0,44.8,920.0,518.9
1211581,77.0,44.6,1620.0,521.7
1212031,30.0,44.9,300.0,533.5
1212833,38.0,44.6,420.0,530.6
1213854,63.0,44.5,2040.0,529.2
1214690,65.0,44.4,730.0,541.1
1215150,23.0,44.7,230.0,544.7
1215626,22.0,44.4,220.0,536.7
1216146,29.0,44.0,290.0,532.3
1216756,35.0,43.7,350.0,529.0
1217351,43.0,43.8,430.0,530.3
1217856,27.0,43.9,270.0,531.3
1218584,42.0,43.7,420.0,529.0
1219428,59.0,43.9,1210.0,531.0
1219971,41.0,44.2,410.0,540.7
1221104,61.0,44.4,690.0,542.6
1221496,22.0,44.5,220.0,543.9
1222029,33.0,44.0,330.0,537.0
1222875,77.0,43.9,1000.0,535.6
1223272,22.0,43.9,220.0,537.6
1223986,66.0,43.9,700.0,537.2
1225005,73.0,43.5,1600.0,528.5
1225745,29.0,44.0,520.0,541.3
1226349,34.0,43.8,340.0,542.6
1226982,29.0,43.9,290.0,543.1
1227767,54.0,43.7,770.0,539.1
1228170,25.0,44.1,250.0,544.7
1228742,33.0,43.8,330.0,542.4
1229204,33.0,43.7,330.0,541.2
1230044,71.0,43.7,940.0,541.4
1230599,39.0,44.0,390.0,546.9
1231162,32.0,44.1,320.0,547.2
1231776,50.0,44.2,500.0,548.2
1232534,33.0,44.2,330.0,545.5
1233174,42.0,43.9,420.0,543.0
1233571,22.0,44.0,220.0,544.1
1234284,51.0,43.7,510.0,541.0
1234895,42.0,44.0,420.0,544.0
1235361,24.0,43.9,240.0,540.3
1236020,54.0,43.8,540.0,539.4
1236432,24.0,43.8,240.0,539.9
1237115,36.0,43.4,980.0,531.2
1238232,72.0,43.3,990.0,536.0
1238624,21.0,43.7,210.0,543.0
1239140,37.0,43.3,370.0,536.8
1239833,50.0,43.2,500.0,535.9
1240418,53.0,43.1,530.0,530.8
1240860,28.0,43.3,280.0,532.6
1241643,47.0,43.3,470.0,532.4
1242358,61.0,43.4,610.0,532.0
1242763,23.0,43.6,230.0,533.4
1243687,56.0,43.6,830.0,533.0
1244654,61.0,43.6,610.0,536.1
1245202,32.0,43.9,320.0,538.9
1245824,27.0,43.8,500.0,538.3
1246348,30.0,43.8,300.0,540.4
1246780,31.0,43.6,310.0,535.9
1247269,33.0,43.6,330.0,535.4
1247757,37.0,43.4,370.0,533.6
1248601,32.0,43.5,550.0,534.8
1249043,28.0,43.5,280.0,534.4
1249867,81.0,43.3,1530.0,533.0
1250429,24.0,43.6,240.0,543.3
1251219,35.0,43.5,390.0,541.9
1251948,45.0,43.4,680.0,541.0
1252542,41.0,43.5,410.0,545.1
1252998,22.0,43.6,220.0,546.2
1253647,49.0,43.2,490.0,539.5
1254168,34.0,43.3,340.0,540.2
1255169,65.0,42.9,650.0,534.0
1255772,25.0,43.0,250.0,526.5
1256715,56.0,42.9,600.0,525.5
1257432,49.0,43.0,490.0,526.5
1258052,38.0,42.9,380.0,525.4
1258641,38.0,42.8,380.0,524.1
1259302,28.0,42.7,280.0,523.0
1260015,45.0,42.4,450.0,520.1
1261016,62.0,42.6,850.0,522.0
1261642,49.0,42.9,490.0,527.5
1262401,62.0,42.9,660.0,527.5
1263470,66.0,42.9,700.0,528.3
1263941,20.0,43.2,200.0,530.9
1264406,26.0,42.9,260.0,528.6
1265075,56.0,42.8,790.0,527.2
1265887,61.0,42.9,700.0,530.3
1266621,63.0,42.9,630.0,531.4
1267239,31.0,43.3,310.0,534.7
1268218,46.0,43.0,460.0,531.7
1268618,22.0,43.2,220.0,532.8
1269106,28.0,42.9,280.0,530.6
1269745,58.0,42.6,580.0,526.3
1270407,39.0,42.8,390.0,528.3
1271150,40.0,42.7,640.0,524.7
1272202,84.0,42.7,1110.0,527.3
1272993,63.0,43.0,670.0,532.9
1273499,28.0,43.1,280.0,534.7
1274654,76.0,43.0,1620.0,533.3
1275110,37.0,43.1,370.0,542.1
1275892,51.0,42.8,740.0,530.1
1276653,59.0,42.7,630.0,532.1
1277408,44.0,43.0,670.0,534.5
1278083,49.0,43.1,490.0,532.0
1278956,68.0,42.8,910.0,520.7
1280411,81.0,43.2,1270.0,526.8
1280873,26.0,43.6,260.0,535.3
1281824,56.0,43.3,1020.0,517.5
1282690,56.0,43.2,560.0,520.4
1283280,40.0,43.5,400.0,523.7
1284112,48.0,43.7,710.0,525.5
1284839,31.0,43.9,350.0,529.7
1285466,48.0,43.8,480.0,529.7
1286105,54.0,43.9,540.0,530.2
1286827,50.0,44.2,500.0,532.9
1287719,60.0,44.2,830.0,533.7
1288892,77.0,44.2,850.0,529.9
1289457,33.0,44.6,330.0,534.3
1290448,72.0,44.3,800.0,530.7
1290889,28.0,44.8,280.0,536.5
1291573,50.0,44.8,500.0,536.0
1292041,37.0,44.5,370.0,531.0
1292650,32.0,44.6,320.0,532.5
1293451,44.0,44.3,440.0,528.7
1294089,35.0,44.0,350.0,517.1
1294514,25.0,44.1,250.0,515.4
1295267,55.0,44.0,1170.0,514.5
1295723,22.0,44.2,220.0,523.3
1296129,22.0,43.9,220.0,517.8
1297021,60.0,43.9,840.0,517.5
1297547,39.0,44.2,390.0,522.6
1298392,53.0,44.2,760.0,523.2
1298834,33.0,44.0,330.0,521.4
1299252,25.0,44.0,250.0,520.8
1299856,49.0,43.9,490.0,520.1
1300714,48.0,43.9,520.0,520.0
1301226,38.0,44.1,380.0,521.9
1301967,52.0,44.0,520.0,521.5
1302380,25.0,44.3,250.0,524.5
1303125,59.0,44.1,820.0,521.9
1303914,49.0,44.2,530.0,525.9
1304475,41.0,44.5,410.0,528.8
1305148,42.0,44.4,420.0,527.5
1305819,39.0,44.5,390.0,529.3
1306483,47.0,44.6,470.0,523.4
1306892,24.0,44.3,240.0,518.2
1307505,44.0,44.3,440.0,518.5
1308003,22.0,44.4,220.0,519.2
1308512,25.0,44.1,250.0,516.4
1309588,59.0,43.8,1250.0,513.6
1310619,50.0,44.2,540.0,523.3
1311187,36.0,44.2,360.0,524.0
1311813,29.0,43.9,290.0,521.5
1312317,38.0,44.0,380.0,522.1
1313421,71.0,43.8,1370.0,517.6
1313993,30.0,43.9,300.0,525.2
1314616,29.0,43.9,290.0,525.0
1315648,66.0,43.9,740.0,522.9
1316761,91.0,44.3,1180.0,527.3
1317376,44.0,44.9,440.0,536.0
1318064,63.0,45.0,860.0,537.1
1318742,56.0,45.2,560.0,542.0
1319247,31.0,45.5,310.0,542.1
1319825,40.0,45.5,400.0,542.4
1320423,32.0,45.1,550.0,531.1
1321108,46.0,45.2,460.0,534.2
1321657,38.0,45.3,380.0,534.9
1322528,51.0,45.2,550.0,531.9
1323248,44.0,45.3,440.0,533.3
1323738,26.0,45.6,260.0,535.5
1324330,29.0,45.3,290.0,533.2
1324941,30.0,45.3,300.0,532.7
1325482,26.0,44.9,260.0,529.2
1326751,71.0,44.9,890.0,529.3
1327370,38.0,45.1,380.0,532.2
1328869,88.0,45.0,2520.0,531.1
1329788,65.0,45.5,1500.0,552.5
1330602,76.0,45.7,990.0,563.7
1331715,69.0,46.2,920.0,570.8
1332388,49.0,46.5,490.0,575.5
1332998,46.0,46.3,460.0,571.9
1333573,46.0,46.3,460.0,571.6
1334183,29.0,46.1,290.0,569.6
1334824,49.0,45.8,490.0,565.5
1335747,37.0,46.1,410.0,568.4
1336492,75.0,46.2,750.0,569.9
1337124,43.0,46.4,430.0,569.5
1337963,63.0,46.2,630.0,566.8
1338403,29.0,46.2,290.0,566.8
1338944,26.0,46.2,260.0,566.6
1339739,39.0,46.0,430.0,564.6
1340716,44.0,46.1,2080.0,566.7
1341258,35.0,46.3,350.0,584.7
1342220,65.0,46.1,880.0,582.4
1342868,50.0,46.3,500.0,587.3
1343843,72.0,46.4,760.0,585.9
1344763,58.0,46.3,1200.0,582.4
1345378,40.0,46.2,400.0,587.7
1345835,26.0,46.4,260.0,588.9
1346730,63.0,45.9,860.0,575.3
1347587,56.0,46.1,790.0,580.2
1348173,35.0,46.2,350.0,580.7
1348724,37.0,45.9,370.0,577.9
1349590,69.0,45.9,960.0,574.9
1350195,51.0,46.1,510.0,579.6
1350983,59.0,45.9,630.0,575.6
1351711,43.0,45.7,430.0,569.2
1352185,33.0,45.8,330.0,570.9
1352813,45.0,45.6,450.0,564.0
1353896,76.0,45.5,1030.0,562.9
1354506,49.0,45.9,490.0,569.2
1355042,37.0,45.9,370.0,567.0
1355501,32.0,45.9,320.0,567.2
1356408,57.0,45.8,570.0,565.6
1357378,45.0,45.8,450.0,565.9
1358060,43.0,45.8,430.0,565.4
1358854,63.0,45.6,630.0,561.4
1359983,60.0,45.4,830.0,559.2
1360725,43.0,45.7,430.0,564.2
1361674,63.0,45.4,670.0,560.5
1362392,35.0,45.8,390.0,564.4
1363034,33.0,45.6,330.0,563.3
1363945,71.0,45.6,980.0,562.9
1364666,48.0,46.0,480.0,569.5
1365556,67.0,46.0,1390.0,569.9
1366871,88.0,46.3,1730.0,580.3
1368033,59.0,47.0,1060.0,595.1
1368442,24.0,47.0,240.0,594.0
1369458,67.0,47.0,940.0,594.2
1369984,41.0,47.5,410.0,601.4
1370729,28.0,47.3,510.0,597.1
1371372,29.0,47.2,290.0,598.3
1372094,43.0,46.9,430.0,593.6
1372762,40.0,47.0,400.0,594.6
1373553,57.0,47.2,800.0,596.1
1374156,36.0,47.3,360.0,599.2
1374752,43.0,47.2,430.0,597.6
1375492,36.0,47.2,360.0,598.1
1376279,51.0,47.0,740.0,596.5
1376786,36.0,47.3,360.0,601.4
1377235,33.0,47.1,330.0,596.8
1378061,58.0,46.9,580.0,594.8
1378562,37.0,47.1,370.0,596.5
1379031,35.0,47.0,350.0,596.0
1379928,42.0,47.0,420.0,595.6
1380430,30.0,46.9,300.0,595.1
1381154,46.0,47.0,500.0,595.7
1382158,58.0,47.0,810.0,596.3
1382759,45.0,47.4,450.0,602.2
1383372,42.0,47.6,420.0,604.2
1384091,39.0,47.4,390.0,595.9
1384611,46.0,47.3,460.0,594.4
1385324,45.0,47.4,450.0,595.4
1386013,41.0,47.6,410.0,597.0
1386886,56.0,47.6,600.0,597.3
1387566,43.0,47.4,430.0,589.6
1388411,66.0,47.6,940.0,590.9
1389084,50.0,47.9,500.0,597.4
1389883,32.0,47.8,1730.0,595.0
1390586,27.0,47.2,270.0,600.5
1391399,35.0,47.0,390.0,598.8
1392166,41.0,46.7,1030.0,594.1
1392596,31.0,46.6,310.0,598.8
1393391,42.0,46.6,420.0,598.8
1393946,33.0,46.6,330.0,599.0
1395634,109.0,46.6,1690.0,596.8
1396214,29.0,47.2,290.0,609.1
1397040,75.0,47.2,840.0,608.2
1397766,61.0,47.4,610.0,611.1
1398373,44.0,47.6,440.0,612.8
1399066,47.0,47.8,470.0,614.6
1399846,49.0,47.9,720.0,616.4
1400731,77.0,48.1,1390.0,620.6
1401454,42.0,48.6,420.0,631.9
1401879,24.0,48.3,240.0,627.2
1402423,46.0,48.2,460.0,625.8
1402871,31.0,47.8,310.0,605.2
1403459,34.0,47.4,340.0,593.3
1403935,38.0,47.0,380.0,586.8
1404508,61.0,46.7,610.0,581.4
1405017,37.0,46.8,370.0,582.6
1405649,44.0,46.7,440.0,581.7
1406196,45.0,46.7,680.0,581.5
1407027,49.0,46.9,490.0,585.4
1407687,40.0,46.9,400.0,585.4
1408701,60.0,46.9,640.0,585.3
1409371,55.0,46.8,550.0,584.2
1409937,43.0,46.9,430.0,585.4
1410529,40.0,46.7,400.0,583.4
1411215,50.0,46.8,500.0,584.5
1411993,40.0,47.0,400.0,586.9
1412875,50.0,47.0,730.0,586.6
1413837,54.0,47.1,620.0,573.1
1414535,43.0,47.3,430.0,575.8
1415339,42.0,47.1,1040.0,571.3
1416322,41.0,47.0,410.0,576.7
1417378,62.0,46.7,660.0,573.2
1418159,73.0,46.7,820.0,567.8
1419388,67.0,47.0,940.0,572.0
1419864,33.0,47.5,330.0,578.8
1420560,64.0,47.2,640.0,573.5
1421897,63.0,47.2,1250.0,572.0
1422730,43.0,47.5,660.0,581.0
1423459,53.0,47.6,530.0,583.9
1424565,78.0,47.4,950.0,579.6
1425432,72.0,47.7,720.0,584.0
1426830,67.0,47.8,900.0,584.9
1427479,42.0,48.1,420.0,589.6
1427957,33.0,48.2,330.0,590.5
1429183,71.0,48.0,1030.0,589.3
1429776,40.0,48.0,400.0,589.3
1430464,41.0,47.9,410.0,588.4
1431176,60.0,47.9,600.0,588.8
1432063,74.0,48.2,1010.0,591.6
1432643,40.0,48.4,400.0,596.0
1433268,46.0,48.3,460.0,595.5
1433912,53.0,48.4,760.0,595.8
1434398,26.0,48.3,260.0,597.1
1435488,65.0,47.9,880.0,591.4
1436637,62.0,48.1,700.0,595.9
1437166,29.0,48.1,290.0,596.2
1437789,36.0,48.1,360.0,595.2
1438182,21.0,48.1,210.0,595.5
1438784,26.0,47.6,260.0,587.8
1439283,32.0,47.4,320.0,585.6
1439816,32.0,47.0,320.0,574.9
1440434,44.0,46.5,440.0,560.8
1441098,44.0,46.3,440.0,554.6
1442182,58.0,46.5,660.0,556.6
1442891,51.0,46.4,510.0,553.8
1443600,62.0,46.5,620.0,554.8
1444040,11.0,46.9,110.0,555.9
1444645,50.0,46.7,500.0,554.1
1445322,40.0,46.8,400.0,554.8
1446350,76.0,46.8,1030.0,554.8
1447030,50.0,47.0,500.0,557.1
1447733,49.0,47.1,490.0,558.5
1448598,65.0,47.2,880.0,559.1
1450023,76.0,47.4,1380.0,564.3
1450905,45.0,47.7,730.0,570.7
1451585,50.0,47.8,500.0,574.4
1452719,65.0,48.0,920.0,576.1
1453799,72.0,48.0,800.0,579.5
1454543,35.0,48.4,390.0,583.8
1454958,24.0,48.4,240.0,584.2
1455593,40.0,48.2,400.0,582.4
1455990,21.0,48.3,210.0,583.4
1456407,24.0,48.0,240.0,580.5
1456869,21.0,47.7,210.0,574.8
1458169,91.0,47.5,1610.0,572.4
1458947,54.0,48.0,580.0,584.3
1459748,63.0,48.1,860.0,586.2
1460375,50.0,48.3,500.0,590.2
1461090,69.0,48.3,690.0,590.7
1461569,34.0,48.6,340.0,593.5
1462390,43.0,48.4,430.0,590.9
1462974,31.0,48.4,310.0,590.9
1463566,26.0,48.0,260.0,584.6
1464148,44.0,47.8,440.0,582.2
1464734,48.0,47.9,480.0,569.3
1465557,86.0,48.1,1090.0,571.4
1466572,55.0,48.6,590.0,578.4
1467090,38.0,48.8,380.0,574.0
1468144,68.0,48.8,910.0,574.7
1469262,73.0,49.1,770.0,579.6
1469695,29.0,49.5,290.0,584.0
1471085,89.0,48.7,1160.0,570.0
1471562,33.0,49.3,330.0,578.7
1472197,43.0,48.9,430.0,573.6
1473105,60.0,48.7,640.0,571.8
1473936,67.0,48.9,670.0,573.8
1474547,40.0,49.1,400.0,575.8
1475377,48.0,49.0,480.0,572.6
1476024,41.0,48.7,410.0,563.5
1476661,52.0,48.7,520.0,563.4
1477397,54.0,49.0,630.0,566.2
1478010,39.0,49.0,390.0,567.9
1478617,46.0,49.1,460.0,568.7
1479524,69.0,49.2,730.0,569.9
1480804,76.0,49.5,1420.0,573.4
1481593,63.0,49.7,630.0,581.5
1482275,50.0,50.0,500.0,584.1
1482903,38.0,50.0,380.0,584.7
1483870,82.0,49.9,1050.0,581.7
1484407,36.0,50.3,360.0,587.3
1484955,49.0,50.2,490.0,586.9
1485775,36.0,50.1,980.0,585.4
1486986,68.0,49.9,760.0,589.7
1487692,41.0,50.2,410.0,593.0
1488474,36.0,50.2,400.0,593.1
1489313,43.0,50.0,1050.0,592.1
1490270,51.0,50.1,1130.0,598.6
1491016,43.0,50.1,430.0,602.6
1491921,40.0,50.0,400.0,600.7
1492674,49.0,50.0,490.0,600.4
1493884,55.0,50.0,590.0,594.9
1495100,86.0,50.2,1710.0,596.7
1495493,22.0,50.4,220.0,607.2
1496071,24.0,49.9,240.0,601.2
1496552,26.0,49.5,260.0,594.2
1497302,54.0,49.4,540.0,593.5
1498252,46.0,49.3,2490.0,592.5
1498650,21.0,49.1,210.0,604.9
1499276,46.0,48.9,460.0,600.4
1500092,64.0,48.8,640.0,599.7
1501049,55.0,48.7,1170.0,596.6
1501700,53.0,48.5,530.0,601.1
1502338,41.0,48.4,410.0,597.4
1503134,49.0,48.4,720.0,597.3
1503986,66.0,48.5,660.0,601.2
1504607,41.0,48.5,410.0,597.5
1505147,36.0,48.5,360.0,597.6
1505690,43.0,48.4,430.0,597.1
1506348,32.0,48.3,320.0,595.4
1506957,29.0,47.8,290.0,588.5
1507574,42.0,47.7,420.0,587.4
1508325,74.0,47.7,740.0,587.0
1509798,77.0,47.9,850.0,586.8
1510194,20.0,48.4,200.0,592.7
1510790,36.0,48.0,360.0,585.9
1511490,42.0,47.7,420.0,582.5
1512138,45.0,47.8,450.0,583.8
1512804,44.0,47.9,440.0,584.7
1513682,74.0,48.2,780.0,587.0
1514486,68.0,48.6,680.0,592.2
1515873,84.0,49.0,920.0,595.8
1516558,46.0,49.5,460.0,601.8
1517114,29.0,49.5,290.0,602.0
1518097,56.0,49.4,600.0,600.5
1518797,54.0,49.4,540.0,599.9
1519255,33.0,49.4,330.0,600.2
1519802,41.0,49.1,410.0,597.3
1520254,33.0,49.4,330.0,600.3
1520655,23.0,49.2,230.0,598.6
1521274,29.0,49.1,290.0,596.9
1521968,49.0,48.6,490.0,589.5
1522536,46.0,48.6,460.0,589.4
1523215,45.0,48.6,450.0,589.1
1524011,66.0,48.4,890.0,584.8
1524878,68.0,48.3,810.0,579.9
1525777,50.0,48.5,540.0,580.7
1526563,61.0,48.5,610.0,581.1
1527208,59.0,48.4,590.0,578.0
1527990,57.0,48.3,570.0,575.9
1528662,54.0,48.5,540.0,577.7
1529053,21.0,48.8,210.0,580.7
1529525,21.0,48.6,210.0,578.8
1530097,48.0,48.6,480.0,578.8
1530686,39.0,48.9,390.0,581.2
1531317,38.0,49.1,380.0,583.0
1532012,41.0,48.5,410.0,570.7
1532472,31.0,48.4,310.0,569.0
1533406,57.0,48.1,610.0,563.5
1534195,37.0,48.2,370.0,564.6
1534583,22.0,47.8,220.0,561.4
1535011,26.0,47.7,260.0,560.2
1535633,43.0,47.6,430.0,558.5
1536112,23.0,47.7,230.0,559.7
1536607,34.0,47.6,340.0,559.4
1537011,22.0,47.5,220.0,558.4
1537613,47.0,47.3,470.0,555.8
1538186,31.0,46.9,310.0,549.6
1538883,38.0,46.6,380.0,546.8
1539562,36.0,46.6,360.0,546.8
1540227,45.0,46.3,450.0,541.3
1541094,47.0,46.0,700.0,538.1
1541906,44.0,46.2,480.0,542.2
1542706,51.0,45.8,550.0,535.4
1543467,67.0,46.0,670.0,537.6
1543863,21.0,46.2,210.0,540.0
1544492,45.0,45.8,450.0,535.7
1545066,32.0,45.6,320.0,533.5
1545661,40.0,45.5,400.0,532.7
1546317,47.0,45.4,470.0,531.9
1547157,51.0,45.5,790.0,532.5
1547669,36.0,45.5,360.0,535.2
1548229,45.0,45.3,450.0,532.5
1548848,37.0,45.4,370.0,533.1
1549311,33.0,45.3,330.0,532.2
1549709,22.0,44.9,220.0,528.2
1550309,45.0,44.4,450.0,516.2
1551205,55.0,44.2,820.0,514.4
1551811,37.0,44.2,370.0,517.6
1552550,52.0,44.2,520.0,517.5
1553263,65.0,43.9,650.0,512.2
1554251,73.0,44.2,1000.0,515.1
1554845,48.0,44.5,480.0,520.2
1555705,57.0,44.6,610.0,515.2
1556409,51.0,44.5,510.0,513.7
1557014,44.0,44.6,440.0,514.7
1557632,32.0,44.6,320.0,515.1
1558295,54.0,44.5,540.0,507.8
1558988,47.0,44.6,470.0,501.9
1559756,44.0,44.6,480.0,502.3
1560368,43.0,44.6,430.0,503.1
1561069,52.0,44.6,520.0,502.5
1561964,43.0,44.6,430.0,501.8
1562668,53.0,44.1,530.0,489.0
1563356,53.0,44.4,530.0,492.1
1564011,42.0,44.7,420.0,495.0
1564503,38.0,44.9,380.0,496.6
1565383,61.0,44.7,840.0,495.0
1566371,71.0,44.9,1170.0,478.5
1566975,46.0,45.4,460.0,488.1
1567744,53.0,45.4,570.0,488.1
1568363,39.0,45.3,390.0,487.4
1568968,34.0,45.1,340.0,479.6
1569577,39.0,44.9,390.0,477.7
1570380,55.0,44.9,550.0,477.5
1571492,78.0,45.0,1450.0,475.8
1572009,24.0,45.1,240.0,483.7
1572462,30.0,44.9,300.0,482.0
1573310,48.0,44.8,480.0,481.4
1573708,22.0,44.9,220.0,481.9
1574485,51.0,44.8,590.0,480.9
1575242,60.0,45.0,600.0,483.9
1576292,65.0,45.2,880.0,485.7
1576969,46.0,45.1,460.0,487.1
1577661,39.0,44.8,390.0,483.2
1578529,44.0,45.0,440.0,485.1
1579144,36.0,45.1,360.0,485.9
1579895,51.0,45.0,510.0,485.3
1580553,43.0,45.1,430.0,485.9
1581069,40.0,45.1,400.0,485.8
1581527,31.0,44.7,310.0,482.0
1582161,45.0,44.4,450.0,478.3
1583086,49.0,44.0,490.0,473.6
1583992,49.0,44.0,490.0,473.9
1584725,52.0,44.2,520.0,475.9
1585470,47.0,44.2,470.0,475.1
1586164,39.0,44.1,390.0,474.4
1586926,71.0,44.1,710.0,475.0
1587871,57.0,44.4,800.0,478.0
1588742,43.0,44.7,430.0,482.7
1589402,46.0,44.9,460.0,484.7
1590044,47.0,45.0,470.0,486.4
1590726,44.0,45.0,440.0,486.2
1591585,54.0,45.0,540.0,486.0
1592260,44.0,45.1,440.0,486.9
1593162,49.0,44.9,530.0,482.4
1594218,64.0,44.7,640.0,479.6
1594963,40.0,44.8,400.0,480.6
1595641,50.0,44.6,500.0,478.5
1596715,64.0,44.5,2290.0,477.6
1597461,57.0,44.6,570.0,494.8
1598136,38.0,44.6,380.0,495.1
1598915,61.0,44.8,610.0,496.8
1599644,50.0,45.2,500.0,500.8
1600549,53.0,45.2,530.0,501.0
1601417,69.0,45.4,690.0,502.4
1602175,74.0,45.7,970.0,505.5
1602824,50.0,46.0,500.0,511.1
1603621,45.0,46.2,1080.0,513.0
1604350,51.0,46.1,510.0,517.7
1605397,73.0,46.2,1390.0,519.1
1605996,28.0,46.7,280.0,530.8
1606799,52.0,46.7,520.0,531.0
1607421,45.0,46.8,450.0,531.9
1607964,41.0,47.0,410.0,534.1
1608627,54.0,47.1,540.0,534.8
1609211,43.0,47.4,430.0,538.0
1609813,42.0,47.4,420.0,537.6
1610492,56.0,47.5,560.0,538.7
1611289,48.0,47.7,520.0,540.5
1612095,59.0,47.8,590.0,542.1
1613041,68.0,48.0,1530.0,543.5
1613945,51.0,48.2,550.0,551.8
1614606,38.0,48.2,380.0,552.5
1615300,49.0,48.1,490.0,550.8
1615918,38.0,47.9,380.0,549.0
1616503,32.0,48.1,320.0,550.7
1617122,49.0,48.0,490.0,549.4
1617742,46.0,48.1,460.0,551.1
1618355,45.0,48.2,450.0,551.7
1619029,33.0,48.2,330.0,551.5
1619983,53.0,48.0,1160.0,546.9
1620487,46.0,48.2,460.0,554.9
1621559,79.0,48.2,1450.0,555.0
1621947,21.0,48.6,210.0,565.8
1622633,39.0,48.5,390.0,564.6
1623296,40.0,48.6,400.0,566.3
1624053,47.0,48.6,470.0,565.8
1624993,56.0,48.5,1220.0,562.3
1625769,67.0,48.7,670.0,570.8
1626298,32.0,48.8,320.0,572.3
1626962,58.0,48.5,580.0,569.0
1627662,51.0,48.4,510.0,564.8
1628584,51.0,48.4,740.0,565.1
1629053,32.0,48.3,320.0,566.4
1629710,58.0,48.2,580.0,564.5
1630386,34.0,48.3,340.0,565.9
1631049,35.0,48.3,350.0,566.1
1631593,25.0,48.1,250.0,564.2
1632309,57.0,47.9,570.0,562.0
1633299,48.0,48.0,1100.0,562.9
1634058,45.0,48.1,490.0,569.6
1634584,44.0,48.0,440.0,569.3
1635450,49.0,48.0,490.0,569.4
1636382,41.0,48.0,640.0,569.0
1637232,42.0,47.9,460.0,570.1
1638081,49.0,47.9,530.0,570.5
1638737,44.0,48.0,440.0,572.0
1639479,40.0,47.8,400.0,568.0
1640512,50.0,47.5,500.0,560.3
1641170,32.0,47.5,320.0,560.7
1641632,22.0,47.3,220.0,558.2
1642387,72.0,47.2,720.0,556.5
1642959,36.0,47.5,360.0,560.3
1643501,26.0,47.5,260.0,560.0
1644535,67.0,47.2,940.0,557.1
1645217,58.0,47.1,580.0,552.0
1645829,48.0,47.4,720.0,555.4
1646578,45.0,47.6,450.0,559.6
1647204,30.0,47.6,300.0,559.3
1647902,63.0,47.7,720.0,560.1
1648351,18.0,47.8,180.0,561.4
1649263,47.0,47.4,510.0,557.2
1649934,57.0,47.2,570.0,553.5
1650551,45.0,47.3,450.0,554.6
1651275,52.0,47.4,520.0,555.2
1651840,45.0,47.4,450.0,556.0
1652574,36.0,47.5,360.0,556.9
1653158,34.0,47.4,340.0,555.4
1653735,39.0,47.3,390.0,554.5
1654389,32.0,47.3,320.0,554.4
1655594,72.0,47.3,1380.0,554.5
1656366,50.0,47.6,500.0,563.8
1657351,71.0,47.6,980.0,563.9
1657965,41.0,47.8,410.0,568.8
1658767,63.0,47.7,760.0,567.7
1659426,47.0,47.8,470.0,570.6
1660388,68.0,47.9,720.0,571.4
1661106,59.0,47.9,590.0,571.5
1661826,50.0,47.9,500.0,569.4
1662940,77.0,48.0,850.0,570.1
1663633,27.0,48.3,500.0,574.0
1664816,68.0,48.1,720.0,574.3
1665329,34.0,48.3,340.0,577.1
1665852,38.0,48.1,380.0,575.1
1666757,45.0,48.1,1070.0,574.5
1667430,29.0,48.0,330.0,579.9
1668184,57.0,47.7,570.0,576.8
1668978,38.0,47.8,610.0,578.5
1669627,47.0,47.7,470.0,579.6
1670763,65.0,47.6,890.0,561.4
1671402,49.0,47.6,530.0,564.6
1672072,46.0,47.8,460.0,566.1
1672586,41.0,47.6,410.0,564.6
1673312,53.0,47.5,530.0,563.7
1674128,61.0,47.5,650.0,563.7
1674729,48.0,47.4,480.0,563.3
1675492,45.0,47.2,450.0,558.4
1676380,46.0,47.1,500.0,557.9
1677287,58.0,47.1,1200.0,552.1
1678064,46.0,47.2,500.0,559.0
1678533,24.0,46.9,240.0,550.1
1679377,26.0,46.9,490.0,549.7
1679898,41.0,46.6,410.0,549.4
1680739,60.0,46.6,640.0,549.0
1681134,21.0,46.8,210.0,551.3
1682069,62.0,46.4,620.0,548.0
1682796,45.0,46.6,450.0,549.9
1684068,87.0,46.7,3870.0,550.2
1684568,27.0,47.0,270.0,583.3
1685239,51.0,46.8,510.0,580.8
1685801,36.0,46.7,360.0,580.0
1686409,58.0,46.4,580.0,568.3
1687129,70.0,46.4,790.0,568.6
1688237,75.0,46.8,1020.0,572.7
1689104,81.0,47.0,940.0,578.0
1689828,37.0,47.4,410.0,583.6
1690603,40.0,47.5,630.0,584.5
1691662,63.0,47.4,1250.0,585.9
1692303,33.0,47.6,950.0,593.8
1692856,27.0,47.5,270.0,598.8
1693312,29.0,47.4,290.0,598.2
1694010,38.0,47.2,380.0,589.5
1694779,71.0,47.1,710.0,588.7
1695773,54.0,47.0,580.0,581.3
1696598,56.0,47.3,790.0,585.0
1697223,30.0,47.5,300.0,589.0
1697720,36.0,47.4,360.0,588.0
1698709,79.0,47.3,1250.0,586.9
1699270,41.0,47.5,410.0,587.2
1700343,83.0,47.3,1110.0,584.6
1701163,58.0,47.8,810.0,592.5
1701884,53.0,47.8,530.0,594.8
1702575,32.0,47.8,320.0,595.0
1703621,68.0,47.6,1140.0,590.8
1704587,51.0,48.0,510.0,599.0
1705086,29.0,47.9,290.0,598.3
1705586,36.0,47.8,360.0,597.8
1706025,31.0,47.8,310.0,597.9
1706713,46.0,47.9,460.0,598.5
1707542,48.0,47.8,520.0,597.4
1708351,46.0,47.8,690.0,591.6
1709439,62.0,47.8,890.0,593.6
1710301,81.0,48.0,810.0,598.1
1711533,61.0,48.3,2060.0,601.3
1712703,69.0,48.5,770.0,615.5
1713635,45.0,48.8,1070.0,618.6
1714261,39.0,48.7,390.0,624.0
1714899,31.0,48.7,310.0,623.5
1715802,51.0,48.6,740.0,622.6
1716352,42.0,48.6,420.0,625.0
1716996,35.0,48.7,350.0,626.0
1717714,43.0,48.8,430.0,627.3
1718421,44.0,48.6,440.0,624.4
1718992,24.0,48.6,240.0,625.2
1719660,45.0,48.6,450.0,625.0
1720536,57.0,48.4,800.0,620.1
1721250,58.0,48.4,620.0,622.3
1722456,75.0,48.5,830.0,621.3
1723173,50.0,48.8,730.0,625.1
1723897,41.0,49.0,640.0,629.4
1724609,50.0,48.8,540.0,628.6
1725268,64.0,49.1,640.0,632.2
1725959,52.0,49.2,520.0,633.5
1726913,43.0,49.2,660.0,633.0
1727919,71.0,49.2,790.0,635.1
1728889,55.0,49.4,590.0,637.8
1729600,51.0,49.5,510.0,639.2
1730615,68.0,49.6,910.0,640.7
1731219,39.0,50.0,390.0,646.4
1731975,48.0,50.0,1100.0,646.4
1732818,52.0,50.1,560.0,654.2
1733405,54.0,49.9,540.0,646.0
1734112,62.0,50.0,660.0,646.4
1735101,74.0,49.9,1400.0,643.2
1735684,35.0,50.2,350.0,653.1
1736203,37.0,49.9,370.0,649.0
1736881,35.0,49.8,350.0,648.0
1737571,52.0,49.5,520.0,644.3
1738049,39.0,49.4,390.0,643.6
1738547,27.0,49.3,270.0,642.5
1739150,26.0,48.8,490.0,636.7
1739720,41.0,48.8,410.0,636.6
1740418,36.0,48.5,360.0,633.5
1741197,41.0,48.6,410.0,633.7
1741927,46.0,48.6,460.0,634.0
1742640,39.0,48.6,390.0,627.9
1743541,54.0,48.7,770.0,628.5
1744212,43.0,48.7,430.0,630.5
1744864,33.0,48.7,330.0,628.7
1745812,68.0,48.6,950.0,627.3
1746683,53.0,48.6,530.0,627.9
1747406,39.0,48.6,390.0,627.9
1748057,43.0,48.6,430.0,627.2
1748887,47.0,48.6,510.0,627.4
1749804,59.0,48.5,820.0,627.2
1750598,47.0,48.5,470.0,628.9
1751333,56.0,48.5,560.0,628.8
1752368,62.0,48.6,850.0,629.9
1753231,54.0,48.8,770.0,633.4
1754028,44.0,48.7,440.0,629.1
1754445,25.0,48.7,250.0,628.5
1755562,66.0,48.7,930.0,628.6
1756376,44.0,49.1,440.0,633.0
1757093,55.0,49.2,550.0,633.3
1757668,42.0,49.1,420.0,632.4
1758435,48.0,49.3,520.0,634.5
1759334,58.0,49.2,660.0,633.5
1759994,50.0,49.3,500.0,635.6
1760638,53.0,48.9,530.0,601.9
1761312,51.0,49.2,510.0,604.5
1762037,56.0,49.2,560.0,604.5
1762839,57.0,49.4,610.0,606.5
1763590,42.0,49.4,650.0,606.8
1764218,44.0,49.1,440.0,605.4
1764855,39.0,48.8,390.0,599.6
1765514,44.0,48.4,440.0,594.1
1766155,40.0,48.4,400.0,594.4
1767325,48.0,48.4,560.0,592.1
1767889,24.0,48.3,240.0,585.2
1768598,39.0,48.2,390.0,578.1
1769525,62.0,48.3,660.0,579.3
1770602,57.0,48.6,800.0,583.0
1771213,33.0,48.8,330.0,587.2
1771769,27.0,48.5,270.0,583.4
1772558,45.0,48.2,490.0,580.3
1773391,53.0,48.1,1190.0,577.3
1774070,41.0,48.3,410.0,586.2
1774835,48.0,48.4,480.0,586.7
1775584,49.0,48.0,490.0,579.0
1776540,56.0,48.1,640.0,579.8
1777262,54.0,47.9,540.0,575.1
1778171,59.0,47.8,820.0,572.4
1779254,46.0,47.9,690.0,575.3
1780061,62.0,48.0,1240.0,579.0
1780944,58.0,48.0,580.0,580.0
1782064,67.0,48.0,750.0,580.7
1782806,49.0,48.4,490.0,585.3
1783306,23.0,48.5,230.0,586.6
1784392,73.0,48.5,1010.0,585.8
1785093,52.0,48.7,520.0,591.3
1785776,60.0,48.8,730.0,591.3
1786550,61.0,48.9,610.0,591.7
1787147,41.0,48.9,410.0,588.9
1787659,27.0,48.5,270.0,584.9
1788234,51.0,48.2,510.0,567.0
1789268,55.0,48.0,590.0,564.4
1789924,34.0,48.1,340.0,559.6
1790794,80.0,48.0,840.0,559.1
1791621,60.0,48.5,600.0,564.4
1792244,28.0,48.6,280.0,563.0
1793123,57.0,48.5,800.0,561.6
1793865,40.0,48.7,400.0,566.1
1794662,51.0,48.7,740.0,565.8
1795562,57.0,48.7,610.0,568.8
1796462,33.0,49.1,370.0,572.5
1797220,45.0,48.9,450.0,571.7
1798136,52.0,48.8,600.0,568.2
1799233,64.0,48.8,1100.0,568.0
1799756,26.0,48.6,260.0,570.7
1800222,38.0,48.4,380.0,566.0
1800795,35.0,48.4,350.0,563.4
1801349,45.0,48.2,450.0,561.5
1802068,52.0,48.0,520.0,559.6
1802537,31.0,48.0,310.0,559.6
1803173,49.0,47.9,490.0,556.1
1803556,22.0,47.7,220.0,553.1
1804230,47.0,47.4,470.0,549.4
1804765,33.0,47.3,330.0,549.0
1805553,58.0,47.0,810.0,543.2
1806093,44.0,47.2,440.0,547.4
1806586,33.0,47.1,330.0,540.8
1807093,24.0,46.9,240.0,538.5
1807561,30.0,46.6,300.0,535.5
1808130,37.0,46.3,370.0,531.9
1809267,55.0,46.0,780.0,521.6
1810214,57.0,46.2,1190.0,525.9
1811158,64.0,46.4,680.0,534.1
1811888,39.0,46.6,390.0,537.4
1812606,37.0,46.5,370.0,536.1
1813677,77.0,46.5,1230.0,535.9
1814659,52.0,47.0,750.0,545.5
1815567,55.0,47.2,1170.0,548.1
1816463,56.0,47.4,600.0,555.7
1816991,29.0,47.6,290.0,558.1
1817850,41.0,47.5,410.0,556.9
1818395,38.0,47.4,380.0,556.4
1819105,43.0,47.4,430.0,556.3
1819993,49.0,47.3,490.0,552.9
1820753,51.0,47.4,510.0,553.5
1821380,43.0,47.5,430.0,555.3
1822270,37.0,47.3,410.0,550.1
1822808,35.0,47.1,350.0,548.9
1823464,46.0,47.1,460.0,548.5
1824822,65.0,47.1,920.0,548.8
1825506,43.0,47.3,430.0,552.9
1826679,62.0,47.1,660.0,549.0
1827526,63.0,47.3,860.0,550.9
1828430,45.0,47.4,680.0,553.9
1829220,48.0,47.2,520.0,552.2
1830040,51.0,47.1,550.0,549.7
1830823,55.0,47.2,590.0,550.8
1831469,46.0,47.5,460.0,554.2
1832295,77.0,47.3,770.0,549.5
1832989,52.0,47.6,520.0,552.8
1833583,47.0,47.6,470.0,552.5
1834223,66.0,47.6,660.0,553.0
1834975,77.0,47.8,770.0,554.4
1835630,42.0,48.0,420.0,555.5
1836133,29.0,47.9,290.0,554.7
1836613,34.0,47.7,340.0,552.3
1837192,43.0,47.5,430.0,550.6
1837935,57.0,47.4,570.0,549.3
1838616,35.0,47.4,350.0,548.9
1839613,68.0,47.3,910.0,545.9
1840449,72.0,47.6,810.0,550.6
1841542,74.0,47.9,860.0,554.8
1842059,31.0,48.2,310.0,559.0
1842870,57.0,48.1,610.0,558.1
1843469,39.0,48.2,390.0,558.6
1844573,55.0,48.4,780.0,560.1
1845410,48.0,48.5,1100.0,564.0
1845914,41.0,48.4,410.0,568.4
1846652,44.0,48.2,480.0,564.5
1847938,71.0,48.3,1330.0,566.0
1848545,42.0,48.8,420.0,576.6
1849239,34.0,48.7,340.0,575.9
1849829,41.0,48.5,410.0,567.4
1851119,69.0,48.5,1540.0,567.4
1851837,55.0,48.8,550.0,578.0
1852516,43.0,48.8,430.0,578.6
1853321,63.0,48.7,630.0,576.5
1854132,68.0,48.8,820.0,577.4
1854847,46.0,48.9,460.0,577.4
1855354,41.0,48.9,410.0,575.1
1856055,43.0,48.6,430.0,566.8
1856801,54.0,48.5,1160.0,565.3
1857739,59.0,48.4,820.0,569.4
1858608,51.0,48.5,550.0,572.7
1859519,61.0,48.8,840.0,575.9
1860062,23.0,48.6,230.0,574.2
1860583,34.0,48.3,340.0,571.3
1861596,70.0,48.1,1160.0,567.4
1862403,56.0,48.2,1180.0,572.9
1863133,51.0,48.3,740.0,580.6
1863737,50.0,48.6,500.0,585.3
1864133,22.0,48.6,220.0,585.2
1864800,42.0,48.2,420.0,581.5
1865808,51.0,48.3,740.0,582.3
1866734,67.0,48.0,1380.0,581.3
1867241,30.0,48.1,300.0,589.1
1867874,49.0,48.1,490.0,589.3
1868955,67.0,48.0,710.0,586.2
1869748,59.0,48.3,590.0,589.3
1870270,41.0,48.4,410.0,587.8
1871634,64.0,48.2,680.0,585.8
1872338,49.0,48.5,490.0,588.9
1873133,49.0,48.6,490.0,589.3
1873940,53.0,48.5,570.0,588.2
1874590,52.0,48.4,520.0,582.9
1875464,61.0,48.7,840.0,585.5
1876096,53.0,48.9,530.0,590.1
1876976,47.0,49.1,700.0,591.9
1877865,52.0,49.1,750.0,594.4
1878472,46.0,49.1,460.0,596.7
1879817,81.0,49.3,1600.0,598.2
1880616,54.0,49.6,540.0,609.3
1881321,38.0,49.9,380.0,612.5
1882138,57.0,49.8,800.0,611.6
1883242,72.0,50.0,1380.0,616.3
1883910,46.0,50.2,460.0,622.0
1884865,36.0,50.2,590.0,622.2
1885503,48.0,50.2,480.0,624.8
1886214,54.0,50.5,540.0,627.2
1887155,66.0,50.7,700.0,629.6
1887632,37.0,51.0,370.0,632.9
1888752,62.0,50.8,850.0,628.8
1889785,61.0,50.9,650.0,625.4
1890635,57.0,50.8,1190.0,625.1
1891282,62.0,51.0,710.0,633.1
1892031,47.0,51.3,510.0,636.5
1892726,41.0,51.0,410.0,629.3
1893454,57.0,50.9,670.0,625.9
1894256,52.0,50.9,750.0,620.9
1894861,35.0,50.8,350.0,622.4
1895427,44.0,50.9,440.0,623.0
1895910,38.0,50.9,380.0,623.3
1896904,65.0,50.9,690.0,623.3
1897790,48.0,51.2,710.0,625.9
1898447,41.0,51.2,410.0,628.1
1899194,57.0,51.0,570.0,627.1
1900383,53.0,51.2,570.0,628.5
1901240,49.0,51.4,530.0,630.1
1902104,56.0,51.5,790.0,631.9
1903374,76.0,51.6,1420.0,635.2
1903976,43.0,51.7,430.0,640.2
1904667,45.0,51.7,680.0,640.2
1905355,55.0,51.5,550.0,640.4
1906248,39.0,51.4,430.0,637.3
1906944,44.0,51.4,480.0,634.8
1907603,42.0,51.4,420.0,634.4
1908372,46.0,51.3,460.0,633.1
1909156,46.0,51.2,460.0,631.8
1910000,75.0,51.2,840.0,631.8
1911356,66.0,51.2,700.0,632.5
1911924,43.0,51.3,430.0,634.3
1912892,47.0,51.2,510.0,633.9
1913833,72.0,51.1,950.0,632.4
1914593,60.0,51.0,600.0,634.2
1915425,39.0,51.2,430.0,636.0
1916423,52.0,51.3,560.0,637.4
1917072,54.0,51.5,540.0,639.6
1917871,57.0,51.6,650.0,640.7
1918897,67.0,51.6,940.0,641.5
1919583,48.0,51.9,520.0,647.4
1920446,53.0,51.7,1150.0,643.5
1921147,67.0,51.5,670.0,646.9
1921663,37.0,51.4,370.0,645.0
1922536,49.0,51.5,490.0,645.6
1923761,80.0,51.4,1650.0,644.4
1924804,67.0,51.8,900.0,657.0
1925343,47.0,52.0,470.0,658.2
1926090,46.0,51.9,690.0,651.9
1926906,61.0,52.0,1230.0,654.7
1927697,79.0,52.2,1110.0,662.2
1928435,56.0,52.2,790.0,660.0
1928942,33.0,52.4,330.0,663.7
1929627,54.0,52.4,540.0,663.6
1930810,61.0,52.5,880.0,664.9
1931425,42.0,52.4,420.0,658.3
1932722,60.0,52.3,1260.0,657.0
1933758,63.0,52.5,860.0,665.3
1934158,22.0,52.5,220.0,667.6
1934600,31.0,52.0,310.0,661.6
1935218,37.0,51.8,370.0,660.1
1935757,34.0,51.8,340.0,659.7
1936704,67.0,51.7,710.0,658.8
1937664,55.0,51.8,1170.0,654.3
1938544,74.0,51.8,970.0,657.8
1939476,58.0,52.0,940.0,662.0
1940190,49.0,52.0,490.0,663.0
1941073,55.0,52.3,590.0,665.6
1941824,45.0,52.5,450.0,668.1
1943142,62.0,52.2,1280.0,661.0
1943839,48.0,52.3,480.0,662.0
1944848,60.0,52.3,690.0,659.4
1945383,28.0,52.4,280.0,661.3
1946364,52.0,52.4,560.0,661.9
1947067,49.0,52.5,490.0,663.3
1947972,57.0,52.5,1190.0,660.8
1948666,55.0,52.4,550.0,658.9
1949562,50.0,52.6,540.0,661.4
1950432,57.0,52.7,610.0,661.9
1951073,39.0,52.6,390.0,660.9
1952144,51.0,52.4,1130.0,658.9
1952927,58.0,52.5,620.0,666.1
1953677,55.0,52.4,550.0,665.5
1954416,38.0,52.5,380.0,666.1
1955225,53.0,52.4,530.0,665.0
1955901,46.0,52.4,460.0,664.6
1956746,46.0,52.3,1080.0,664.0
1957439,40.0,52.1,400.0,666.4
1958083,42.0,52.0,420.0,665.1
1958875,48.0,52.0,710.0,662.3
1959691,51.0,51.9,550.0,661.9
1960609,60.0,52.0,920.0,662.8
1962020,93.0,51.8,1430.0,656.0
1963184,62.0,52.2,700.0,664.9
1963881,40.0,52.4,400.0,668.1
1964357,40.0,52.2,400.0,664.1
1964883,38.0,51.9,380.0,654.3
1965947,59.0,51.8,1050.0,653.5
1967048,74.0,52.0,1010.0,658.1
1967676,61.0,52.3,700.0,663.4
1968420,45.0,52.4,490.0,665.0
1969988,64.0,52.2,720.0,662.9
1970996,55.0,52.4,780.0,666.4
1971611,46.0,52.4,460.0,665.7
1972163,27.0,52.2,270.0,663.8
1972668,34.0,51.9,340.0,654.6
1973910,83.0,51.6,1490.0,650.9
1974758,57.0,52.0,800.0,660.7
1975193,31.0,52.2,310.0,664.6
1976257,59.0,51.9,1050.0,661.0
1977437,60.0,52.0,880.0,664.0
1977970,40.0,52.2,400.0,669.3
1978978,44.0,52.2,480.0,668.9
1979835,46.0,52.2,500.0,669.9
1980423,40.0,52.0,400.0,668.0
1981112,44.0,52.0,440.0,664.9
1981908,45.0,52.0,680.0,665.2
1982715,52.0,51.9,750.0,666.3
1983563,50.0,51.9,1120.0,668.1
1984437,57.0,51.9,1280.0,674.0
1984876,26.0,51.9,260.0,678.9
1985416,50.0,51.4,500.0,667.3
1985878,28.0,51.5,280.0,668.0
1986269,21.0,51.3,210.0,664.0
1986941,28.0,51.0,280.0,660.6
1987454,37.0,50.8,370.0,659.1
1988364,66.0,50.8,890.0,658.0
1988758,21.0,51.0,210.0,662.7
1989166,21.0,50.8,210.0,660.2
1989683,25.0,50.5,250.0,657.7
1990330,42.0,50.0,420.0,651.8
1990849,31.0,49.8,310.0,649.0
1991250,21.0,49.6,210.0,647.8
1991911,64.0,49.4,640.0,644.8
1992541,37.0,49.3,370.0,641.7
1993184,54.0,49.1,540.0,639.4
1994055,42.0,49.2,650.0,640.5
1995096,59.0,49.1,720.0,641.4
1995692,44.0,49.2,440.0,643.2
1996428,48.0,49.0,480.0,641.1
1997171,43.0,48.9,430.0,636.5
1997776,30.0,48.8,300.0,635.6
1998170,21.0,48.6,210.0,627.1
1998558,22.0,48.1,220.0,622.5
1999371,52.0,48.0,520.0,621.0
1999987,41.0,48.0,410.0,621.3
