692,30.0,,300.0,
1316,17.0,,170.0,
2007,31.0,,310.0,
2616,25.0,,250.0,
3224,26.0,,260.0,
4000,30.0,,300.0,
4740,31.0,,310.0,
5346,11.0,,110.0,
6057,20.0,,200.0,
6769,19.0,,190.0,
7260,16.0,,160.0,
7928,16.0,,160.0,
8618,26.0,,260.0,
9462,23.0,,230.0,
10098,26.0,,260.0,
10782,18.0,,180.0,
11478,23.0,,230.0,
12072,14.0,,140.0,
12775,18.0,,180.0,
13418,18.0,,180.0,
14053,27.0,,270.0,
14594,25.0,,250.0,
15394,27.0,,270.0,
16081,22.0,,220.0,
16753,31.0,,310.0,
17716,22.0,,220.0,
18441,21.0,,210.0,
18879,14.0,,140.0,
19492,14.0,,140.0,
20105,26.0,,260.0,
20733,21.0,,210.0,
21390,22.0,,220.0,
21985,19.0,,190.0,
22522,15.0,,150.0,
23346,24.0,,240.0,
23920,20.0,,200.0,
24502,16.0,,160.0,
25175,31.0,,310.0,
25604,14.0,,140.0,
26245,23.0,,230.0,
26849,11.0,,110.0,
27324,12.0,,120.0,
28073,23.0,,230.0,
28831,25.0,,250.0,
29445,16.0,,160.0,
30140,17.0,,170.0,
30819,23.0,,230.0,
31528,21.0,,210.0,
32162,17.0,,170.0,
32717,13.0,,130.0,
33462,18.0,,180.0,
34142,24.0,,240.0,
34842,34.0,,340.0,
35531,20.0,,200.0,
36184,15.0,,150.0,
36811,17.0,,170.0,
37495,24.0,,240.0,
38069,18.0,,180.0,
38693,20.0,,200.0,
39393,17.0,,170.0,
40040,26.0,,260.0,
40676,23.0,,230.0,
41355,24.0,,240.0,
42041,19.0,,190.0,
42755,25.0,,250.0,
43262,17.0,,170.0,
43908,24.0,,240.0,
44549,28.0,,280.0,
45417,26.0,,260.0,
46081,30.0,,300.0,
46631,24.0,,240.0,
47358,30.0,,300.0,
48087,24.0,,240.0,
48660,13.0,,130.0,
49357,36.0,,360.0,
49980,16.0,,160.0,
51123,40.0,,440.0,
51768,19.0,,190.0,
52627,30.0,,300.0,
53222,18.0,,180.0,
53878,21.0,,210.0,
54528,25.0,,250.0,
55184,24.0,,240.0,
55951,31.0,,310.0,
56526,15.0,,150.0,
57223,20.0,,200.0,
57772,20.0,,200.0,
58399,17.0,,170.0,
59063,26.0,,260.0,
59778,22.0,,220.0,
60426,27.0,,270.0,
61165,35.0,,350.0,
61862,15.0,,150.0,
62535,24.0,,240.0,
63129,20.0,,200.0,
63816,17.0,,170.0,
64463,21.0,,210.0,
65154,25.0,,250.0,
65814,16.0,,160.0,
66522,33.0,,330.0,
67051,24.0,22.0,240.0,220.7
67730,27.0,22.0,270.0,220.1
68375,17.0,22.1,170.0,221.1
68963,16.0,21.9,160.0,219.7
69679,18.0,21.8,180.0,218.8
70369,20.0,21.8,200.0,218.0
71027,18.0,21.7,180.0,217.0
71740,29.0,21.5,290.0,215.7
72349,13.0,21.7,130.0,217.5
72890,20.0,21.6,200.0,216.8
73758,34.0,21.6,340.0,216.9
74511,27.0,21.8,270.0,218.7
75151,25.0,21.9,250.0,219.8
75796,14.0,21.9,140.0,219.7
76588,22.0,21.8,220.0,218.8
77143,16.0,21.8,160.0,218.4
77807,13.0,21.8,130.0,218.2
78525,22.0,21.7,220.0,217.2
79265,26.0,21.8,260.0,218.0
79964,24.0,21.8,240.0,218.8
80687,27.0,21.9,270.0,219.4
81356,23.0,21.9,230.0,219.4
82081,23.0,21.9,230.0,219.2
82647,22.0,21.8,220.0,218.8
83153,23.0,21.8,230.0,218.8
83848,24.0,21.8,240.0,218.0
84508,14.0,21.8,140.0,218.2
85192,31.0,21.7,310.0,217.5
85878,15.0,21.9,150.0,219.2
86543,28.0,21.9,280.0,219.3
87218,21.0,21.9,210.0,219.5
87916,22.0,21.9,220.0,219.5
88601,28.0,21.9,280.0,219.5
89204,17.0,22.0,170.0,220.4
89849,21.0,22.0,210.0,220.6
90550,20.0,22.0,200.0,220.3
91103,27.0,22.0,270.0,220.3
91740,23.0,22.1,230.0,221.4
92339,18.0,22.0,180.0,220.6
92952,18.0,22.1,180.0,221.0
93681,29.0,22.0,290.0,220.5
94357,22.0,22.2,220.0,222.3
95000,21.0,22.3,210.0,223.3
95680,33.0,22.3,330.0,223.1
96398,32.0,22.4,320.0,223.9
97075,29.0,22.5,290.0,225.5
97623,8.0,22.6,80.0,226.7
98428,27.0,22.5,270.0,225.2
99074,23.0,22.5,230.0,225.8
99780,19.0,22.6,190.0,226.4
100527,25.0,22.7,250.0,227.0
101349,31.0,22.7,310.0,227.7
102017,20.0,22.8,200.0,228.4
102701,17.0,22.7,170.0,227.0
103366,22.0,22.6,220.0,226.7
103935,17.0,22.7,170.0,227.4
104676,22.0,22.7,220.0,227.4
105263,17.0,22.7,170.0,227.2
105840,23.0,22.7,230.0,227.1
106348,13.0,22.7,130.0,227.4
107041,24.0,22.7,240.0,227.0
107729,27.0,22.6,270.0,226.8
108697,51.0,22.7,590.0,227.2
109375,19.0,23.0,190.0,230.7
110075,24.0,23.0,240.0,230.7
110712,23.0,22.9,230.0,230.6
111381,17.0,23.0,170.0,231.2
112143,25.0,22.9,250.0,230.5
112826,9.0,22.9,90.0,230.2
113490,19.0,22.7,190.0,228.5
114236,27.0,22.6,270.0,227.4
114800,16.0,22.6,160.0,227.7
115566,27.0,22.5,270.0,226.3
116128,15.0,22.5,150.0,226.6
116868,22.0,22.6,220.0,226.8
117503,22.0,22.4,220.0,225.4
118212,25.0,22.5,250.0,226.0
118911,22.0,22.3,220.0,224.1
119633,30.0,22.4,300.0,224.4
120307,20.0,22.4,200.0,224.4
120931,14.0,22.4,140.0,224.6
121514,29.0,22.3,290.0,223.9
122217,29.0,22.4,290.0,224.3
122890,26.0,22.4,260.0,224.8
123651,24.0,22.4,240.0,224.3
124342,25.0,22.4,250.0,225.2
124895,23.0,22.5,230.0,225.7
125583,21.0,22.5,210.0,226.0
126149,16.0,22.6,160.0,226.4
126811,20.0,22.5,200.0,225.4
127390,17.0,22.4,170.0,225.2
128073,24.0,22.3,240.0,224.2
128720,14.0,22.2,140.0,223.1
129408,27.0,22.2,270.0,223.0
130056,21.0,22.2,210.0,223.3
130763,25.0,22.3,250.0,223.4
131500,22.0,22.3,220.0,224.2
132542,42.0,22.4,650.0,224.3
133219,29.0,22.5,290.0,228.3
133941,26.0,22.6,260.0,229.6
134518,23.0,22.6,230.0,228.9
135215,34.0,22.6,340.0,228.8
135791,17.0,22.6,170.0,229.5
136484,26.0,22.6,260.0,229.5
137160,17.0,22.7,170.0,230.5
138079,30.0,22.7,920.0,230.4
138717,26.0,22.8,260.0,237.6
139313,24.0,22.9,240.0,238.4
139851,16.0,22.9,160.0,237.9
140597,29.0,22.9,290.0,238.2
141161,16.0,23.0,160.0,239.1
141751,18.0,22.8,180.0,237.3
142480,27.0,22.7,270.0,236.4
143088,24.0,22.7,240.0,236.6
143843,38.0,22.8,380.0,237.6
144499,25.0,23.0,250.0,239.2
145047,17.0,23.1,170.0,240.1
145586,18.0,23.1,180.0,240.5
146207,23.0,23.1,230.0,240.1
146704,16.0,23.0,160.0,239.8
147288,22.0,23.0,220.0,239.0
147927,20.0,22.9,200.0,238.5
148701,26.0,22.9,260.0,238.2
149559,33.0,22.9,330.0,238.5
150086,17.0,23.0,170.0,239.6
150792,29.0,23.0,290.0,239.0
151464,32.0,23.0,320.0,239.5
152161,24.0,23.2,240.0,241.3
152857,27.0,23.1,270.0,240.6
153892,45.0,23.2,490.0,241.8
154570,22.0,23.4,220.0,243.9
155301,31.0,23.4,310.0,244.0
155948,17.0,23.5,170.0,244.9
156884,41.0,23.4,640.0,243.8
157560,30.0,23.6,300.0,248.5
158258,32.0,23.7,320.0,249.4
158913,29.0,23.9,290.0,250.6
159541,18.0,23.9,180.0,250.8
160226,25.0,23.8,250.0,250.3
160926,29.0,23.9,290.0,251.0
161781,43.0,24.0,660.0,252.1
162494,22.0,24.2,220.0,255.8
163188,23.0,24.2,230.0,255.8
163780,20.0,24.2,200.0,256.0
164414,26.0,24.0,260.0,254.7
165199,25.0,24.0,250.0,254.1
165694,20.0,23.9,200.0,253.7
166351,21.0,24.1,210.0,254.9
166899,20.0,24.0,200.0,254.3
167709,35.0,24.0,580.0,254.0
168336,33.0,24.1,330.0,257.9
168911,18.0,24.2,180.0,258.7
169457,17.0,24.1,170.0,257.4
170102,23.0,24.0,230.0,257.1
170605,19.0,24.1,190.0,257.7
171367,25.0,24.1,250.0,257.4
172051,23.0,24.2,230.0,258.2
172609,23.0,24.2,230.0,258.3
173125,12.0,24.2,120.0,258.9
173613,15.0,24.1,150.0,257.8
174330,31.0,24.1,310.0,258.0
175233,42.0,24.2,420.0,258.7
175941,20.0,24.4,200.0,260.2
176620,29.0,24.0,290.0,256.3
177344,26.0,24.2,260.0,257.3
177936,18.0,24.2,180.0,257.5
178501,27.0,24.1,270.0,257.0
179168,32.0,24.2,320.0,258.0
179783,26.0,24.3,260.0,258.7
180339,17.0,24.5,170.0,260.4
180905,12.0,24.4,120.0,260.2
181492,14.0,24.3,140.0,258.7
182172,28.0,24.3,280.0,258.5
182754,18.0,24.3,180.0,258.6
183421,33.0,24.3,330.0,258.9
183956,15.0,24.4,150.0,260.0
184635,27.0,24.4,270.0,259.3
185188,20.0,24.4,200.0,259.5
185861,21.0,24.4,210.0,259.3
186560,25.0,24.3,250.0,258.4
187225,26.0,24.3,260.0,258.9
187913,22.0,24.4,220.0,260.1
188586,33.0,24.4,330.0,259.4
189249,28.0,24.4,280.0,259.8
189929,27.0,24.4,270.0,260.0
190852,39.0,24.4,430.0,260.3
191715,31.0,24.6,310.0,262.1
192447,15.0,24.7,150.0,262.9
193485,51.0,24.6,740.0,262.3
194054,25.0,25.0,250.0,268.1
194744,16.0,25.0,160.0,268.6
195444,20.0,25.0,200.0,268.5
196091,31.0,25.0,310.0,268.1
196811,46.0,25.1,460.0,269.8
197464,19.0,25.3,190.0,271.7
198169,31.0,25.3,310.0,271.5
198926,29.0,25.4,290.0,272.1
199666,25.0,25.4,250.0,272.8
200293,18.0,25.3,180.0,268.8
201100,31.0,25.2,310.0,267.7
201834,30.0,25.2,300.0,268.2
202417,25.0,25.3,250.0,268.9
203473,46.0,25.2,460.0,268.0
204185,24.0,25.5,240.0,270.9
204808,19.0,25.4,190.0,270.7
205399,28.0,25.5,280.0,270.9
206017,21.0,25.4,210.0,264.5
206624,29.0,25.4,290.0,264.0
207567,37.0,25.4,410.0,264.5
208253,32.0,25.7,320.0,267.0
209015,35.0,25.7,350.0,267.3
210132,49.0,25.9,530.0,269.2
210799,24.0,26.2,240.0,272.7
211533,35.0,26.2,350.0,272.4
212145,20.0,26.3,200.0,273.5
212798,28.0,26.1,280.0,271.7
213431,24.0,26.1,240.0,272.0
214113,20.0,26.2,200.0,272.7
215191,50.0,26.2,1350.0,272.9
215947,35.0,26.5,350.0,284.1
216585,29.0,26.7,290.0,286.0
217286,23.0,26.7,230.0,286.7
217861,14.0,26.8,140.0,287.0
218598,34.0,26.6,340.0,285.8
219276,28.0,26.7,280.0,285.9
219908,30.0,26.8,300.0,287.0
220577,32.0,26.8,320.0,287.1
221281,22.0,26.8,220.0,287.1
222035,34.0,26.8,340.0,286.9
222587,21.0,26.8,210.0,287.6
223216,22.0,26.6,220.0,284.8
223887,27.0,26.6,270.0,284.8
224612,36.0,26.6,360.0,284.4
225205,19.0,26.7,190.0,286.3
225980,23.0,26.5,230.0,281.8
226713,33.0,26.4,330.0,281.1
227801,42.0,26.5,650.0,281.2
228420,32.0,26.6,320.0,284.8
229101,38.0,26.7,380.0,286.2
229794,27.0,26.9,270.0,287.5
230490,25.0,26.8,250.0,287.3
231162,23.0,26.7,230.0,283.2
232191,46.0,26.7,500.0,283.3
232799,30.0,26.9,300.0,286.0
233518,29.0,27.0,290.0,287.0
234135,31.0,27.0,310.0,287.3
234761,26.0,27.1,260.0,287.9
235671,30.0,27.2,530.0,288.5
236273,24.0,27.2,240.0,291.7
237278,39.0,27.3,390.0,292.1
237949,31.0,27.3,310.0,290.2
238592,26.0,27.3,260.0,290.0
239263,18.0,27.4,180.0,290.8
239921,24.0,27.4,240.0,290.9
240569,20.0,27.4,200.0,291.0
241245,22.0,27.4,220.0,291.1
242165,55.0,27.4,590.0,290.8
242885,30.0,27.7,300.0,294.4
243554,23.0,27.8,230.0,295.1
244152,30.0,27.9,300.0,296.2
244981,30.0,28.0,530.0,297.7
245666,42.0,28.0,420.0,299.9
246456,31.0,28.0,350.0,299.9
247217,36.0,28.1,360.0,301.4
247799,27.0,28.2,270.0,302.1
248389,17.0,28.2,170.0,302.2
249099,24.0,28.2,240.0,302.1
250100,35.0,28.2,390.0,301.8
250723,21.0,28.2,210.0,302.5
251374,24.0,28.2,240.0,302.0
252174,31.0,28.2,310.0,302.7
252849,21.0,28.4,210.0,304.6
253525,24.0,28.5,240.0,305.3
254129,18.0,28.4,180.0,304.9
254731,20.0,28.4,200.0,304.9
255386,30.0,28.3,300.0,303.6
256003,29.0,28.5,290.0,305.1
256705,34.0,28.5,340.0,305.3
258137,71.0,28.6,1990.0,306.7
258729,24.0,29.1,240.0,324.5
259286,25.0,29.1,250.0,324.4
260010,21.0,29.1,210.0,324.3
260674,18.0,29.1,180.0,324.2
261613,46.0,28.9,500.0,322.7
262413,42.0,29.1,420.0,324.9
263271,39.0,29.3,620.0,326.4
263967,31.0,29.3,310.0,328.3
264991,45.0,29.3,490.0,328.3
265635,20.0,29.6,200.0,331.7
266192,22.0,29.3,220.0,326.3
266753,24.0,29.2,240.0,326.0
267473,23.0,29.3,230.0,326.8
268359,45.0,29.3,450.0,327.1
269146,31.0,29.5,310.0,328.5
269840,30.0,29.3,300.0,327.0
270334,17.0,29.4,170.0,328.1
270987,23.0,29.3,230.0,326.7
271801,26.0,29.2,260.0,326.1
272460,20.0,29.2,200.0,326.2
273106,21.0,29.3,210.0,326.4
273856,35.0,29.2,350.0,325.4
274429,25.0,29.2,250.0,325.9
275219,36.0,29.2,400.0,325.9
275877,22.0,29.1,220.0,325.3
276522,17.0,29.1,170.0,325.1
277374,41.0,29.1,450.0,324.9
277919,25.0,29.2,250.0,326.6
278612,28.0,29.2,280.0,327.0
279267,25.0,29.2,250.0,326.9
279757,13.0,29.1,130.0,325.3
280602,51.0,28.9,510.0,323.4
281328,31.0,29.1,310.0,325.0
282033,25.0,28.9,480.0,322.8
282843,39.0,28.9,390.0,325.2
283469,28.0,29.0,280.0,325.6
284147,26.0,29.0,260.0,326.4
284970,32.0,29.0,360.0,326.2
285580,18.0,29.1,180.0,327.4
286533,51.0,29.1,1360.0,327.2
287258,36.0,29.1,360.0,327.3
288167,35.0,29.1,580.0,327.4
288646,17.0,29.2,170.0,330.3
289238,15.0,29.1,150.0,329.7
290127,43.0,29.1,470.0,329.8
290843,39.0,29.2,390.0,331.1
291748,43.0,29.3,660.0,332.2
292311,19.0,29.4,190.0,335.8
292925,29.0,29.3,290.0,334.5
293656,26.0,29.4,260.0,335.2
294465,33.0,29.3,960.0,334.4
295130,33.0,29.4,330.0,341.9
295760,18.0,29.5,180.0,343.0
296643,42.0,29.4,650.0,342.1
297735,55.0,29.5,1170.0,345.0
298658,45.0,29.9,450.0,354.8
299234,21.0,30.1,210.0,357.0
299930,20.0,30.0,200.0,355.8
300643,38.0,29.7,380.0,351.3
301374,31.0,29.8,310.0,351.9
302052,26.0,29.7,260.0,351.2
302690,23.0,29.7,230.0,351.1
303326,24.0,29.7,240.0,350.9
304205,37.0,29.7,410.0,351.0
304981,36.0,29.6,360.0,350.1
305539,17.0,29.7,170.0,350.7
306844,71.0,29.6,800.0,349.5
307476,33.0,30.0,330.0,354.4
308096,22.0,30.0,220.0,355.1
308827,37.0,30.0,370.0,352.0
309698,52.0,30.1,560.0,353.3
310240,20.0,30.2,200.0,355.0
310863,22.0,30.1,220.0,353.9
311510,36.0,30.1,360.0,353.5
312047,20.0,30.2,200.0,355.3
312834,29.0,30.2,330.0,354.9
313719,46.0,30.3,500.0,356.2
314412,31.0,30.5,310.0,359.0
315197,34.0,30.3,570.0,356.2
315807,22.0,30.3,220.0,358.9
316662,37.0,30.3,370.0,358.8
317580,44.0,30.4,670.0,359.5
318278,37.0,30.5,370.0,360.9
319041,46.0,30.5,500.0,360.4
319673,37.0,30.6,370.0,361.9
320464,37.0,30.6,1000.0,362.0
321206,33.0,30.7,330.0,369.3
321860,25.0,30.9,250.0,370.9
322506,30.0,30.9,300.0,371.0
323610,46.0,30.9,690.0,370.1
324182,26.0,31.1,260.0,374.9
325149,48.0,31.1,480.0,375.1
326109,51.0,31.3,740.0,376.8
326698,20.0,31.6,200.0,382.1
327174,20.0,31.6,200.0,381.7
328957,82.0,31.6,1090.0,381.9
329853,38.0,32.2,420.0,390.8
330659,38.0,32.3,420.0,392.0
331593,36.0,32.4,400.0,393.3
332359,38.0,32.4,380.0,393.9
333712,72.0,32.1,2490.0,377.8
334350,29.0,32.5,290.0,400.3
334954,17.0,32.6,170.0,400.7
335595,33.0,32.5,330.0,400.3
336166,28.0,32.7,900.0,401.8
337005,32.0,32.5,550.0,405.8
337520,17.0,32.4,170.0,407.1
338358,32.0,32.2,550.0,402.6
339187,41.0,32.2,450.0,405.0
340309,44.0,32.2,710.0,404.6
341088,36.0,32.4,360.0,409.7
341775,37.0,32.5,370.0,411.1
342385,26.0,32.7,260.0,412.4
343195,50.0,32.7,730.0,412.7
344198,38.0,32.8,420.0,415.5
344836,22.0,32.8,220.0,416.6
345428,29.0,32.7,290.0,415.8
346128,33.0,32.9,330.0,417.0
346688,28.0,33.0,280.0,418.0
347352,19.0,33.0,190.0,418.2
347869,24.0,33.0,240.0,418.1
348418,27.0,33.0,270.0,418.4
349128,24.0,32.9,240.0,417.6
349818,30.0,32.9,300.0,417.5
350664,44.0,32.8,670.0,416.5
351747,52.0,33.1,560.0,421.0
352536,44.0,33.4,670.0,424.9
353268,25.0,33.4,250.0,427.1
354044,40.0,33.4,440.0,427.1
354883,44.0,33.6,440.0,428.7
355811,38.0,33.8,380.0,430.6
356512,28.0,34.0,280.0,433.1
357311,36.0,33.8,400.0,430.8
358044,39.0,33.8,390.0,431.7
358689,33.0,34.0,330.0,430.8
359624,43.0,33.9,700.0,430.2
360208,23.0,34.1,230.0,434.4
361196,46.0,34.0,690.0,434.1
362351,62.0,34.2,890.0,437.4
362999,27.0,34.6,270.0,444.5
363856,38.0,34.4,610.0,433.6
364521,29.0,34.4,290.0,436.1
365214,44.0,34.3,440.0,433.2
365721,25.0,34.6,250.0,435.9
366400,31.0,34.7,350.0,436.9
367117,38.0,34.6,420.0,435.7
367714,22.0,34.6,220.0,436.0
368571,38.0,34.4,1040.0,431.6
369280,39.0,34.6,390.0,440.1
369929,26.0,34.6,260.0,441.1
370644,27.0,34.6,270.0,441.1
371328,39.0,34.6,390.0,434.2
372369,52.0,34.6,650.0,434.8
373007,30.0,35.0,300.0,439.5
373679,29.0,34.9,290.0,436.0
374302,34.0,34.6,340.0,427.2
375084,48.0,34.5,710.0,426.1
375692,19.0,34.8,190.0,431.1
376349,34.0,34.8,340.0,431.0
376909,31.0,34.7,310.0,430.6
377544,30.0,34.7,300.0,430.6
378065,17.0,34.8,170.0,431.0
379176,56.0,34.7,640.0,430.4
380144,41.0,35.0,450.0,434.4
380886,23.0,35.1,230.0,434.8
381533,33.0,34.9,330.0,433.5
382310,46.0,35.1,700.0,435.1
383094,48.0,34.8,520.0,434.1
383952,44.0,35.0,670.0,436.0
384727,26.0,35.2,260.0,440.5
385318,26.0,35.1,260.0,439.4
386209,43.0,34.8,660.0,436.4
386896,34.0,35.1,340.0,441.0
387649,26.0,35.2,260.0,442.2
388275,23.0,35.1,230.0,441.2
388884,31.0,35.1,310.0,441.5
389535,43.0,35.1,430.0,441.3
390304,40.0,35.1,400.0,440.6
390816,30.0,35.2,300.0,441.5
391370,24.0,35.2,240.0,438.8
392348,54.0,35.2,1400.0,439.0
392896,26.0,35.4,260.0,449.3
393945,32.0,35.2,940.0,445.2
394574,18.0,35.1,180.0,450.9
395287,32.0,34.8,320.0,447.7
396005,28.0,34.8,280.0,447.2
396939,47.0,34.7,470.0,440.0
397571,28.0,34.8,280.0,441.4
398325,37.0,34.9,600.0,441.7
398973,39.0,34.9,390.0,444.7
400264,67.0,34.9,940.0,441.7
401213,41.0,35.3,640.0,448.5
401718,29.0,35.2,290.0,450.1
402296,31.0,35.0,310.0,445.6
402936,40.0,35.1,400.0,446.7
403792,34.0,35.3,570.0,448.7
404776,37.0,34.8,600.0,443.5
405918,51.0,34.8,780.0,445.3
406852,34.0,34.9,380.0,448.9
407958,58.0,34.9,850.0,448.7
408921,47.0,35.1,740.0,453.4
409524,32.0,34.9,320.0,435.9
410239,37.0,34.9,410.0,436.2
411152,41.0,35.1,410.0,438.6
411710,22.0,35.2,220.0,439.4
412241,35.0,35.1,350.0,432.6
412817,23.0,35.2,230.0,430.6
413480,29.0,35.2,290.0,431.2
414560,70.0,35.2,1160.0,428.6
415547,48.0,35.5,520.0,435.7
416138,32.0,35.5,320.0,433.8
416679,20.0,35.5,200.0,433.4
417467,63.0,35.3,670.0,431.7
418538,55.0,35.7,820.0,435.8
419211,34.0,35.7,340.0,436.7
420378,67.0,35.7,900.0,435.9
421240,45.0,36.1,490.0,442.7
421913,38.0,36.3,380.0,444.7
423089,68.0,36.3,760.0,445.2
423793,27.0,36.7,270.0,450.0
424597,31.0,36.8,350.0,450.8
425607,35.0,36.9,580.0,451.9
426494,40.0,37.0,440.0,455.0
427412,37.0,37.1,410.0,457.0
428111,29.0,37.2,290.0,458.1
428789,30.0,37.0,340.0,454.3
429412,29.0,36.8,290.0,452.1
430446,44.0,36.7,900.0,448.3
431311,50.0,36.9,730.0,454.8
431952,21.0,37.0,250.0,457.7
432881,55.0,36.7,820.0,455.8
433751,35.0,36.9,350.0,460.2
434634,44.0,37.0,480.0,460.9
435248,35.0,37.1,350.0,461.7
436461,60.0,37.0,680.0,461.3
437136,26.0,37.3,260.0,464.8
438250,63.0,37.1,1090.0,460.4
438913,27.0,37.5,270.0,469.0
439580,32.0,37.3,320.0,464.8
440314,30.0,37.0,340.0,459.1
440958,35.0,37.1,350.0,459.8
441476,19.0,37.0,190.0,457.2
442640,73.0,36.9,1620.0,456.2
443165,27.0,37.2,270.0,468.0
443913,36.0,37.2,360.0,468.2
444583,44.0,37.3,440.0,468.3
445323,43.0,37.4,430.0,468.5
446412,81.0,37.6,1020.0,470.6
447260,34.0,38.0,380.0,470.4
448474,52.0,37.9,560.0,470.3
449148,21.0,38.2,210.0,473.3
449825,28.0,38.1,280.0,472.7
450433,37.0,38.0,370.0,471.6
451261,45.0,37.9,450.0,468.8
451827,29.0,38.0,290.0,470.3
452583,32.0,38.0,320.0,470.3
453489,41.0,38.0,450.0,470.1
454035,18.0,37.9,180.0,467.5
455310,58.0,37.9,750.0,467.4
455901,28.0,38.2,280.0,471.5
457225,64.0,38.1,910.0,471.2
457886,40.0,38.5,400.0,477.3
458394,19.0,38.7,190.0,479.6
459056,24.0,38.3,240.0,475.1
459693,13.0,38.2,130.0,473.0
461109,77.0,38.1,850.0,472.0
462225,60.0,38.5,1060.0,477.2
462876,28.0,38.6,280.0,480.8
463937,62.0,38.4,660.0,478.4
464575,36.0,38.6,360.0,478.3
465155,22.0,38.7,220.0,479.3
466081,46.0,38.7,1080.0,478.9
466727,21.0,38.7,210.0,483.1
467759,44.0,38.6,480.0,481.8
468493,41.0,38.8,410.0,484.0
469135,20.0,39.0,200.0,485.8
469777,27.0,38.8,270.0,484.7
470551,46.0,38.7,690.0,483.1
471662,51.0,38.7,590.0,486.0
472714,36.0,39.0,360.0,488.9
473933,67.0,39.1,940.0,490.1
474787,47.0,39.2,510.0,485.5
475570,30.0,39.4,300.0,488.0
476460,43.0,39.4,660.0,481.6
477341,56.0,39.6,600.0,486.4
478208,53.0,39.9,1940.0,489.2
478960,53.0,40.1,760.0,505.8
479770,56.0,40.2,790.0,508.7
480840,45.0,40.5,1860.0,513.8
481553,38.0,40.6,610.0,526.4
482829,85.0,40.5,1120.0,528.6
483975,53.0,40.7,800.0,530.4
484808,49.0,40.8,720.0,532.0
485466,18.0,41.0,180.0,536.3
486176,34.0,40.9,340.0,535.0
487166,43.0,40.8,470.0,534.4
488200,56.0,40.9,1970.0,533.4
489053,38.0,41.1,1000.0,547.1
490273,74.0,41.0,1050.0,549.3
490739,19.0,41.4,190.0,556.0
491394,22.0,41.0,220.0,549.4
492516,63.0,40.8,1870.0,544.2
493059,34.0,41.1,340.0,559.7
493752,46.0,41.0,500.0,559.0
494970,61.0,41.1,650.0,559.9
495804,52.0,41.5,560.0,564.2
496399,33.0,41.6,330.0,566.3
497446,75.0,41.8,1020.0,567.3
498308,61.0,42.2,1230.0,574.6
498802,26.0,42.1,260.0,575.3
499952,72.0,41.9,1380.0,572.7
500576,31.0,42.3,310.0,583.3
501509,57.0,42.4,610.0,584.4
502111,38.0,42.4,380.0,583.8
502754,45.0,42.2,1070.0,579.4
503550,40.0,42.3,440.0,586.7
504574,56.0,42.0,830.0,582.1
505511,54.0,42.1,580.0,585.5
506625,65.0,42.3,730.0,587.5
507581,57.0,42.3,1420.0,587.2
508661,53.0,42.6,800.0,598.7
509523,44.0,42.8,670.0,603.2
510302,55.0,42.9,780.0,604.1
510774,23.0,43.0,230.0,607.5
511724,42.0,42.9,460.0,605.7
512324,30.0,43.0,300.0,607.4
512673,6.0,43.0,60.0,607.0
513650,67.0,42.8,940.0,604.7
515210,92.0,43.0,1610.0,605.1
515873,24.0,43.4,240.0,613.9
516937,56.0,43.5,830.0,613.8
517741,38.0,43.5,380.0,613.9
518692,48.0,43.5,520.0,614.2
519745,65.0,43.5,880.0,614.6
520843,83.0,43.8,1040.0,619.9
521522,24.0,44.1,240.0,623.5
522608,58.0,44.0,850.0,623.3
523582,52.0,44.0,520.0,620.9
524284,47.0,44.2,470.0,623.4
525257,57.0,44.4,800.0,624.9
526120,56.0,44.7,790.0,629.5
526997,50.0,44.9,540.0,633.9
528219,54.0,45.2,620.0,637.4
529169,67.0,45.0,900.0,627.4
530211,82.0,45.4,2270.0,633.7
531358,74.0,45.9,820.0,652.8
531859,28.0,46.2,280.0,656.6
532739,61.0,46.0,650.0,655.1
533627,47.0,45.8,1100.0,651.4
534273,34.0,45.9,340.0,658.6
534920,42.0,45.8,420.0,656.4
536169,64.0,46.0,910.0,658.5
536846,34.0,46.3,340.0,664.8
537775,55.0,46.3,910.0,664.5
539082,76.0,46.4,840.0,669.1
539845,51.0,46.9,740.0,674.6
541016,72.0,47.1,1580.0,678.8
541981,59.0,47.4,630.0,690.1
543459,81.0,47.8,1560.0,694.6
544166,51.0,48.0,550.0,702.7
544862,26.0,48.2,260.0,705.4
546195,80.0,47.9,1650.0,698.9
546909,34.0,48.3,380.0,711.4
547836,72.0,48.4,760.0,713.3
548813,63.0,48.9,1250.0,718.5
549797,64.0,49.4,910.0,729.7
550407,48.0,49.3,480.0,730.3
551489,61.0,49.1,1080.0,724.5
552716,81.0,49.5,1500.0,732.5
553633,69.0,49.7,730.0,740.9
554630,54.0,50.0,620.0,744.6
555504,43.0,50.3,430.0,748.6
556079,32.0,50.3,320.0,742.1
557323,66.0,50.4,970.0,743.2
558211,76.0,50.6,1470.0,748.1
559152,53.0,51.0,800.0,758.7
560118,50.0,51.3,540.0,764.7
561038,68.0,51.5,1000.0,767.4
561694,35.0,51.7,350.0,770.5
562399,40.0,51.6,400.0,768.1
563825,105.0,51.6,1750.0,768.5
564470,40.0,52.0,400.0,776.6
565673,63.0,51.9,1290.0,775.5
566730,72.0,52.3,1350.0,785.4
567527,27.0,52.6,270.0,792.3
568519,64.0,52.3,910.0,789.0
569502,71.0,52.4,1380.0,778.7
570973,93.0,52.6,1430.0,784.9
571529,27.0,52.9,270.0,791.3
572429,66.0,52.7,700.0,775.4
573370,68.0,53.0,1010.0,776.3
574246,57.0,52.8,810.0,775.2
574920,37.0,52.9,370.0,775.3
575642,38.0,52.8,420.0,771.8
576162,24.0,53.0,240.0,774.2
576890,28.0,52.9,280.0,773.2
578000,80.0,52.7,880.0,771.3
578562,31.0,53.0,310.0,760.4
579566,75.0,52.9,1370.0,753.5
580349,37.0,52.9,370.0,756.7
581513,83.0,53.1,1000.0,758.5
582376,69.0,53.7,730.0,766.3
583384,60.0,53.8,640.0,754.9
584295,48.0,54.0,560.0,757.9
585017,61.0,54.0,690.0,758.5
585800,36.0,54.0,600.0,758.9
586572,53.0,53.9,1160.0,759.3
587797,85.0,54.1,1120.0,767.6
588401,36.0,54.2,360.0,768.6
589479,83.0,53.9,1140.0,759.9
590425,61.0,54.5,880.0,768.7
591153,33.0,54.4,370.0,763.7
591839,34.0,54.4,340.0,764.3
593002,64.0,54.2,910.0,761.6
593907,61.0,54.4,1330.0,766.9
595178,75.0,54.6,1210.0,769.5
595775,26.0,54.9,260.0,777.2
596817,63.0,54.6,800.0,771.5
597747,69.0,54.7,920.0,773.7
599056,66.0,54.8,740.0,775.6
599827,49.0,54.9,720.0,768.8
600579,33.0,54.8,330.0,768.0
601226,38.0,54.7,420.0,764.6
601880,36.0,54.5,360.0,761.0
602887,86.0,54.7,1490.0,762.3
603736,57.0,55.1,800.0,772.6
604334,33.0,55.4,330.0,777.6
605000,41.0,55.6,410.0,780.3
605795,50.0,55.4,540.0,775.0
606696,56.0,55.0,600.0,764.3
607677,54.0,55.3,580.0,767.9
608679,80.0,55.3,1260.0,765.4
610040,77.0,55.7,1670.0,774.2
610997,65.0,56.0,690.0,785.7
611983,63.0,56.0,1490.0,783.8
613206,83.0,55.8,1000.0,788.3
613848,41.0,56.4,410.0,795.9
614509,41.0,56.2,410.0,791.5
615356,34.0,56.1,380.0,790.4
616049,46.0,56.0,460.0,789.5
617173,83.0,55.8,1330.0,786.1
618071,83.0,56.1,1070.0,791.5
619120,32.0,56.4,320.0,796.8
619603,19.0,56.2,190.0,793.8
620116,14.0,55.8,140.0,786.7
621067,65.0,55.1,1310.0,765.4
621783,51.0,55.0,550.0,770.3
622345,38.0,55.2,380.0,773.0
623473,82.0,55.0,1670.0,770.3
624873,66.0,55.3,930.0,776.0
625639,57.0,55.6,800.0,781.9
627102,119.0,55.8,3310.0,785.7
628285,66.0,56.4,800.0,809.7
629396,87.0,56.7,1330.0,814.3
630120,50.0,57.0,500.0,818.5
631262,75.0,56.7,1020.0,815.1
631907,37.0,57.0,370.0,817.9
632571,40.0,56.6,400.0,805.8
633166,33.0,56.4,330.0,803.5
634253,88.0,56.0,920.0,791.2
635260,69.0,56.3,1150.0,794.9
636251,57.0,56.8,840.0,803.8
637035,46.0,56.5,500.0,795.7
637989,59.0,56.6,860.0,796.9
638879,56.0,56.5,560.0,797.9
639782,56.0,56.4,600.0,791.0
641094,113.0,56.4,1720.0,787.9
642157,58.0,57.0,1040.0,800.3
643095,47.0,57.0,550.0,799.9
643940,66.0,56.6,1280.0,790.4
644853,55.0,56.6,2580.0,795.9
645968,83.0,56.6,1100.0,815.5
646717,46.0,57.0,700.0,822.2
647395,50.0,57.2,500.0,826.0
648563,56.0,57.0,830.0,821.3
649541,58.0,56.8,850.0,814.9
650486,77.0,56.8,850.0,815.4
651782,84.0,57.1,1110.0,818.5
652818,58.0,57.3,850.0,819.6
653768,80.0,57.5,880.0,824.6
654838,82.0,57.9,1090.0,829.4
655586,41.0,57.7,640.0,822.8
656577,71.0,57.7,710.0,825.2
657566,70.0,57.8,2150.0,819.4
658080,19.0,57.8,190.0,827.4
658739,34.0,57.7,340.0,826.6
659974,100.0,57.4,1270.0,820.9
661339,80.0,57.7,1070.0,819.8
661891,25.0,57.5,250.0,816.2
663819,109.0,57.5,2310.0,816.0
664638,66.0,57.9,700.0,832.1
665673,85.0,57.9,1640.0,829.0
666602,53.0,58.2,800.0,837.3
667106,30.0,58.4,300.0,841.6
668048,74.0,58.3,1010.0,840.4
668686,52.0,58.8,520.0,848.1
669354,35.0,59.0,350.0,850.5
670011,37.0,58.6,370.0,845.2
670939,82.0,58.6,2230.0,845.8
671669,46.0,58.7,460.0,854.4
672445,53.0,58.8,810.0,855.3
673225,46.0,58.5,930.0,853.4
674368,80.0,58.3,1650.0,855.4
675044,47.0,58.5,510.0,865.5
675576,23.0,58.4,230.0,865.0
676651,70.0,58.1,970.0,860.4
677284,40.0,58.4,400.0,864.1
677789,32.0,58.3,320.0,856.5
678839,63.0,57.8,1090.0,848.5
680059,81.0,58.0,890.0,855.8
680665,31.0,58.0,310.0,853.3
681557,49.0,57.7,570.0,847.6
682451,53.0,57.9,610.0,849.6
683543,72.0,58.0,1380.0,852.3
684271,62.0,58.1,660.0,857.0
684703,14.0,58.1,140.0,850.3
685430,50.0,57.5,540.0,839.6
686380,60.0,57.8,640.0,842.4
687046,53.0,57.7,530.0,840.8
687987,53.0,57.6,1940.0,836.9
689075,64.0,57.4,680.0,848.9
689910,58.0,57.6,900.0,848.5
690606,26.0,57.8,260.0,854.2
691958,102.0,57.7,1430.0,852.6
693353,95.0,58.4,2630.0,863.3
694017,48.0,58.5,760.0,874.7
695103,83.0,58.4,1430.0,874.3
695848,45.0,58.9,450.0,885.3
696709,50.0,58.9,540.0,885.7
697236,40.0,58.9,400.0,885.7
698289,75.0,58.8,1120.0,883.7
699129,53.0,59.0,760.0,889.1
699792,37.0,58.7,370.0,884.1
700962,73.0,58.3,1400.0,871.1
701893,67.0,58.4,990.0,878.2
702732,53.0,58.4,570.0,873.2
704102,89.0,58.1,970.0,868.9
705000,62.0,58.6,700.0,874.5
705919,66.0,58.8,1120.0,877.4
706751,58.0,59.1,620.0,884.8
707861,94.0,59.3,1020.0,886.4
708778,62.0,59.4,660.0,883.3
709409,44.0,59.2,440.0,879.2
710799,98.0,59.3,1570.0,880.4
712143,84.0,60.1,1780.0,894.2
712761,38.0,60.8,380.0,910.6
713751,75.0,60.5,880.0,901.3
714514,56.0,60.7,790.0,904.6
715281,44.0,60.9,480.0,908.7
716224,54.0,60.5,770.0,896.8
716842,43.0,60.4,430.0,895.2
717686,63.0,60.3,630.0,891.5
718298,31.0,59.7,310.0,864.7
719814,119.0,59.4,4470.0,859.8
720680,64.0,59.7,960.0,891.2
721164,18.0,59.8,180.0,895.8
722137,47.0,59.3,700.0,887.4
723020,72.0,59.4,1000.0,890.7
723920,58.0,59.7,810.0,896.7
724855,53.0,59.9,1150.0,901.5
725884,73.0,59.6,1240.0,903.8
726451,40.0,59.6,400.0,904.7
727338,52.0,59.4,790.0,900.3
728038,51.0,59.5,510.0,903.2
728990,53.0,59.4,760.0,899.7
729686,44.0,59.4,670.0,901.7
730328,33.0,59.3,330.0,902.4
731424,59.0,58.5,860.0,888.5
732027,48.0,58.5,480.0,886.7
732760,64.0,58.5,870.0,886.0
733818,74.0,58.5,1060.0,881.9
734805,60.0,58.7,680.0,866.7
735578,49.0,58.4,530.0,862.5
736712,87.0,58.5,1140.0,860.8
737335,38.0,58.8,380.0,867.2
738322,79.0,58.7,1550.0,862.7
739486,89.0,58.9,970.0,869.7
739889,16.0,59.0,160.0,870.9
740848,59.0,58.3,1220.0,861.4
741952,80.0,58.3,1270.0,865.1
743050,82.0,58.3,1180.0,869.0
743803,57.0,58.3,800.0,869.9
744689,62.0,58.5,700.0,871.5
745366,49.0,58.4,490.0,871.4
745929,43.0,58.2,470.0,854.8
746977,82.0,58.4,940.0,857.6
747773,77.0,58.9,1000.0,863.6
748358,39.0,58.7,390.0,860.9
749309,51.0,58.3,550.0,854.1
750011,46.0,58.5,460.0,857.1
750557,33.0,57.9,330.0,838.6
751278,57.0,57.6,1190.0,834.9
751894,28.0,57.3,280.0,830.4
752652,62.0,57.0,660.0,825.2
753507,63.0,57.4,990.0,828.8
754404,67.0,57.2,710.0,828.6
755113,73.0,57.4,770.0,830.5
756119,67.0,57.8,750.0,834.7
757541,91.0,58.1,1890.0,838.5
758455,72.0,58.2,1080.0,835.1
759221,70.0,58.4,1020.0,841.3
760121,66.0,58.6,980.0,843.4
760883,72.0,58.8,760.0,843.9
761726,48.0,58.7,1100.0,835.0
762286,39.0,58.7,390.0,840.9
763292,85.0,58.9,1120.0,842.5
764003,52.0,59.0,560.0,844.0
765292,67.0,59.2,950.0,845.6
766294,74.0,59.5,970.0,851.9
767152,76.0,59.6,1430.0,850.7
768145,67.0,59.6,1420.0,856.1
769511,101.0,59.9,1280.0,867.2
770249,67.0,60.4,900.0,874.3
771208,66.0,60.6,700.0,877.2
772018,54.0,60.5,580.0,870.4
772965,74.0,60.4,970.0,869.6
773665,56.0,61.0,600.0,877.9
774379,61.0,61.1,610.0,878.5
774967,48.0,61.1,480.0,878.2
775787,58.0,61.1,1200.0,877.7
776513,62.0,61.1,700.0,870.3
777087,40.0,61.1,400.0,870.5
777724,39.0,60.9,390.0,865.5
778589,53.0,61.0,570.0,866.8
779288,39.0,60.6,430.0,858.2
779813,35.0,60.0,350.0,836.2
780736,84.0,59.9,1110.0,832.1
781492,62.0,59.9,660.0,828.9
782364,67.0,60.0,710.0,831.0
782909,41.0,60.2,410.0,832.7
783779,75.0,60.2,1410.0,832.8
784334,47.0,60.2,470.0,835.7
785515,99.0,60.2,1260.0,832.8
786712,83.0,60.8,910.0,841.7
787241,17.0,60.9,170.0,836.8
787973,67.0,60.4,710.0,828.6
788638,44.0,60.5,440.0,830.0
789516,60.0,60.1,1220.0,824.7
790341,61.0,60.0,1270.0,829.9
790937,45.0,60.0,680.0,831.4
791480,33.0,59.9,330.0,832.0
792091,39.0,59.3,390.0,825.1
792923,65.0,59.0,690.0,822.4
793857,77.0,59.2,940.0,824.9
794425,27.0,59.0,270.0,818.6
795379,62.0,58.5,760.0,803.5
796347,64.0,58.7,680.0,807.3
797371,76.0,58.6,840.0,805.3
797997,52.0,58.8,520.0,805.8
798757,63.0,58.9,860.0,806.2
799413,38.0,59.0,380.0,807.1
800410,77.0,58.9,1430.0,806.6
800851,19.0,59.0,190.0,814.6
801442,49.0,58.9,490.0,813.4
802624,66.0,58.2,740.0,773.6
803604,72.0,58.2,950.0,771.4
804532,73.0,58.8,770.0,779.1
805292,58.0,59.0,670.0,779.8
806171,61.0,58.9,650.0,776.5
806686,29.0,58.9,290.0,774.9
807512,52.0,58.7,750.0,766.3
809338,134.0,58.5,1930.0,761.4
810000,37.0,59.4,370.0,776.7
811031,79.0,59.3,960.0,772.5
812066,55.0,59.6,820.0,777.0
812915,56.0,59.6,690.0,777.6
813879,90.0,59.7,1450.0,777.8
814890,63.0,60.3,670.0,789.0
816310,106.0,60.3,1370.0,787.1
817201,53.0,60.9,760.0,796.0
818175,84.0,60.8,880.0,794.9
818750,22.0,60.9,220.0,793.1
819283,42.0,60.5,420.0,788.5
819829,24.0,60.4,240.0,787.4
820679,68.0,59.8,950.0,778.4
821901,93.0,60.1,1010.0,784.1
822996,85.0,60.2,1400.0,778.7
823793,61.0,60.2,700.0,783.0
824748,74.0,60.6,1010.0,788.4
825798,81.0,60.8,1080.0,786.3
826931,84.0,60.8,920.0,784.4
827434,28.0,60.8,280.0,781.8
828555,64.0,60.5,1530.0,776.6
829243,50.0,60.6,730.0,784.9
830145,83.0,60.6,870.0,787.3
830720,39.0,61.0,390.0,791.3
831246,47.0,60.5,470.0,785.8
831952,35.0,60.2,350.0,780.5
833276,91.0,60.2,1500.0,780.1
834161,73.0,60.6,770.0,789.6
834885,49.0,60.9,530.0,792.7
835334,33.0,61.0,330.0,794.7
836267,69.0,60.8,730.0,786.1
837167,73.0,61.2,770.0,790.6
838145,80.0,61.3,840.0,791.7
838688,35.0,61.5,350.0,790.2
839351,48.0,61.2,520.0,786.6
839790,25.0,60.9,250.0,784.1
840725,68.0,60.5,1350.0,779.1
841226,19.0,60.3,190.0,773.7
842501,83.0,59.7,870.0,764.8
843627,78.0,59.9,820.0,763.3
844329,49.0,60.0,490.0,761.7
845459,89.0,59.8,1550.0,759.0
846211,65.0,60.2,970.0,763.5
846761,29.0,60.4,290.0,769.3
847430,49.0,59.9,490.0,761.0
848118,55.0,59.8,590.0,760.3
848642,35.0,59.7,350.0,756.7
849208,49.0,59.3,490.0,750.5
850118,36.0,59.0,360.0,741.1
851190,64.0,58.7,680.0,730.5
852309,78.0,58.4,860.0,724.5
853557,100.0,58.5,1500.0,724.1
854054,17.0,58.8,170.0,732.1
854611,28.0,58.4,280.0,728.0
855301,57.0,58.0,570.0,721.1
856164,60.0,58.0,830.0,720.8
856761,39.0,58.0,390.0,723.0
857707,72.0,57.9,760.0,722.1
858578,77.0,58.0,770.0,717.7
859157,31.0,58.2,310.0,718.4
860312,96.0,58.1,1510.0,717.5
861090,67.0,58.7,1380.0,728.7
862171,84.0,58.8,1480.0,736.8
862970,63.0,59.3,670.0,747.3
864201,91.0,59.5,1470.0,750.5
865317,83.0,59.6,2370.0,754.1
866525,96.0,59.8,1270.0,771.2
867504,57.0,60.1,800.0,776.8
868400,84.0,60.3,1460.0,780.7
869359,89.0,60.4,1160.0,781.2
870094,43.0,60.8,670.0,788.1
870965,79.0,60.2,2200.0,782.2
871638,51.0,60.2,740.0,795.1
872799,99.0,60.5,1540.0,800.8
873545,69.0,60.8,730.0,809.1
874219,50.0,61.1,500.0,812.0
874614,26.0,61.0,260.0,804.8
875539,54.0,60.6,810.0,794.7
876390,68.0,60.7,720.0,796.0
877164,80.0,61.1,840.0,799.9
877910,62.0,61.5,660.0,804.4
878979,96.0,61.5,1190.0,804.1
880079,70.0,61.6,1160.0,806.6
880969,60.0,62.1,640.0,815.5
882125,91.0,62.1,2360.0,814.3
883107,74.0,62.3,740.0,831.1
883784,48.0,62.3,520.0,830.1
884795,90.0,62.3,1170.0,830.1
885338,43.0,62.5,430.0,833.2
885781,19.0,62.6,190.0,833.7
886348,43.0,62.0,430.0,821.3
887252,87.0,62.2,1720.0,823.7
887672,24.0,62.6,240.0,836.0
888305,53.0,62.2,1950.0,831.0
889166,74.0,62.0,780.0,841.0
890049,52.0,62.0,1180.0,841.1
891124,95.0,62.0,1070.0,846.2
892004,68.0,62.3,1150.0,850.4
893013,87.0,62.7,950.0,859.0
894736,115.0,63.0,1460.0,861.0
895496,69.0,62.9,730.0,856.3
896531,97.0,63.2,1660.0,859.9
897473,68.0,63.4,720.0,866.9
898635,86.0,63.5,1260.0,865.9
899228,47.0,63.8,510.0,871.6
899974,72.0,63.4,1040.0,862.2
901042,64.0,63.4,770.0,865.9
901813,70.0,63.0,930.0,859.9
902626,65.0,63.2,880.0,861.6
903598,82.0,63.0,1450.0,861.6
904554,79.0,63.6,1640.0,873.9
905763,89.0,64.0,1160.0,886.1
906566,63.0,64.6,630.0,895.3
907455,78.0,64.6,820.0,892.1
908331,80.0,64.4,2220.0,890.2
909362,97.0,64.4,1630.0,898.4
910458,96.0,64.7,1130.0,907.7
911574,97.0,65.0,1920.0,908.9
912526,87.0,65.1,1490.0,917.3
913041,38.0,65.2,380.0,923.0
913530,40.0,65.2,400.0,924.0
914954,95.0,65.0,1500.0,912.7
916267,91.0,65.5,1660.0,920.4
916935,54.0,65.5,580.0,928.3
917783,41.0,65.7,680.0,930.2
918425,41.0,65.6,410.0,932.3
919076,60.0,65.7,830.0,932.9
920047,79.0,65.4,1200.0,926.2
920792,60.0,65.4,640.0,930.5
921566,54.0,65.6,770.0,931.6
922635,106.0,65.8,1520.0,936.0
923443,57.0,66.1,840.0,943.9
924099,35.0,66.0,350.0,944.6
925302,102.0,65.5,1330.0,939.7
925866,24.0,66.2,240.0,949.5
926711,66.0,66.0,790.0,946.7
927349,41.0,66.4,410.0,952.1
928210,86.0,66.1,1800.0,942.7
929094,76.0,66.8,1030.0,958.8
929677,42.0,66.7,420.0,960.4
930251,47.0,66.3,510.0,956.4
930927,52.0,66.3,560.0,956.6
931805,79.0,65.9,1020.0,946.7
932854,75.0,66.1,790.0,947.2
933548,66.0,66.5,700.0,952.2
934143,54.0,66.7,540.0,954.3
935319,97.0,66.7,1330.0,953.8
936793,95.0,67.3,1120.0,963.6
938218,105.0,67.8,1360.0,969.9
938872,44.0,68.5,440.0,979.9
939505,59.0,68.3,630.0,977.5
940325,59.0,68.1,820.0,975.2
941204,83.0,67.7,870.0,968.4
941666,29.0,68.3,290.0,975.4
942949,89.0,68.3,2380.0,975.5
943425,31.0,68.7,310.0,993.6
943903,31.0,68.4,310.0,988.4
944863,82.0,68.3,1050.0,987.6
945680,77.0,68.4,1090.0,990.5
946619,96.0,68.4,1720.0,993.7
947946,105.0,69.0,1520.0,1007.8
948495,46.0,69.1,460.0,1007.9
948963,33.0,68.9,330.0,998.7
950153,97.0,68.4,1370.0,987.2
950789,51.0,68.8,780.0,994.2
951810,69.0,68.4,770.0,987.3
952500,43.0,68.2,430.0,971.3
953303,77.0,67.7,1000.0,962.9
954562,117.0,67.9,1760.0,964.9
955284,55.0,68.2,550.0,967.9
956097,52.0,67.9,560.0,961.8
957266,95.0,68.0,1610.0,960.7
957805,32.0,68.1,320.0,954.8
959071,100.0,67.9,1950.0,950.6
959947,76.0,67.9,1220.0,954.7
960867,73.0,68.0,960.0,959.6
961685,45.0,68.2,730.0,964.2
963102,111.0,68.4,2390.0,968.9
964339,93.0,69.0,1150.0,984.7
965095,48.0,69.2,720.0,989.0
966038,87.0,68.9,1100.0,987.8
966839,51.0,69.2,510.0,992.2
967794,73.0,68.7,1400.0,985.4
968551,45.0,68.8,450.0,987.8
969345,73.0,68.6,1350.0,985.9
970219,82.0,68.4,1280.0,975.8
971245,90.0,68.5,1210.0,981.2
972099,77.0,68.9,850.0,988.1
973070,77.0,68.8,1490.0,984.9
973675,56.0,69.1,790.0,995.5
974341,62.0,69.5,660.0,1001.5
975056,56.0,69.7,890.0,1003.8
975814,80.0,69.4,840.0,995.5
976262,28.0,70.0,280.0,1001.5
976807,50.0,69.7,500.0,984.8
977838,86.0,69.5,1140.0,982.0
978374,30.0,69.8,300.0,981.6
979036,39.0,69.2,390.0,973.9
980367,109.0,68.9,2910.0,966.3
981162,75.0,69.1,1370.0,985.9
981920,56.0,68.7,600.0,985.0
982835,88.0,68.6,1540.0,983.7
984151,72.0,68.5,1580.0,982.5
984990,56.0,68.5,790.0,991.1
986139,96.0,68.2,1420.0,986.4
986651,35.0,68.7,350.0,995.5
987581,79.0,68.3,830.0,988.6
988165,30.0,68.5,300.0,989.2
988555,27.0,68.1,270.0,982.9
989336,60.0,67.7,930.0,976.8
990372,70.0,67.5,740.0,971.6
991504,89.0,67.4,1510.0,962.6
992163,66.0,67.4,890.0,966.1
992739,48.0,67.4,480.0,968.7
993885,85.0,67.1,1520.0,965.3
994507,49.0,67.2,490.0,958.3
995121,42.0,66.7,420.0,946.9
995885,74.0,66.1,970.0,939.8
996668,62.0,65.9,1250.0,930.3
997593,65.0,65.7,1110.0,927.9
998229,53.0,65.9,530.0,935.2
999140,87.0,66.1,2510.0,936.5
999860,70.0,66.0,740.0,946.6
1000423,35.0,65.8,350.0,937.4
1001558,81.0,65.6,1050.0,935.1
1002453,66.0,66.0,740.0,938.8
1003755,99.0,66.2,1460.0,942.1
1005178,94.0,66.6,2170.0,948.4
1005860,60.0,66.8,600.0,958.1
1007330,118.0,66.8,2460.0,957.7
1007926,26.0,67.4,260.0,974.6
1008898,84.0,66.6,1690.0,962.0
1009426,21.0,66.9,210.0,970.5
1010661,86.0,66.7,1090.0,969.1
1011571,86.0,66.6,900.0,966.7
1012227,53.0,67.2,570.0,973.3
1013113,72.0,67.1,1380.0,971.1
1013849,62.0,67.4,620.0,980.8
1014648,66.0,67.1,890.0,969.0
1015404,69.0,67.0,730.0,967.6
1016151,43.0,67.3,430.0,970.7
1016699,44.0,67.3,440.0,969.9
1017189,39.0,67.2,390.0,968.7
1017875,64.0,66.8,870.0,962.4
1019063,85.0,66.7,930.0,963.2
1019675,58.0,66.9,620.0,965.5
1020554,60.0,66.9,640.0,966.3
1021339,58.0,66.5,710.0,959.4
1022432,88.0,66.2,1240.0,955.3
1023104,36.0,66.0,360.0,954.1
1023779,60.0,65.9,640.0,953.3
1024966,87.0,65.9,1530.0,953.4
1026108,88.0,66.2,1750.0,960.5
1026883,66.0,66.3,700.0,969.3
1028102,110.0,66.6,2050.0,973.4
1028735,52.0,66.8,520.0,970.1
1029164,17.0,67.0,170.0,972.2
1029965,64.0,66.9,680.0,970.8
1030719,78.0,66.7,820.0,967.1
1031892,98.0,66.7,1200.0,964.4
1032570,61.0,66.8,1230.0,959.2
1033728,96.0,66.3,1860.0,956.3
1034541,48.0,66.8,480.0,970.3
1035548,68.0,67.0,910.0,971.8
1036117,42.0,66.7,420.0,967.2
1037056,79.0,66.6,1410.0,963.6
1037936,82.0,66.7,1050.0,970.0
1038904,89.0,67.1,1120.0,976.2
1039710,73.0,67.2,1350.0,977.4
1040586,75.0,66.8,880.0,973.3
1041330,77.0,67.0,810.0,976.6
1042411,58.0,67.2,1240.0,979.1
1043752,97.0,66.8,1660.0,975.4
1044442,66.0,67.5,700.0,988.8
1044875,33.0,67.2,330.0,976.3
1045924,90.0,66.7,1650.0,967.4
1046989,99.0,66.9,1360.0,974.3
1047721,57.0,67.4,700.0,980.6
1048410,55.0,66.9,590.0,963.7
1049158,23.0,66.5,230.0,958.1
1050406,110.0,66.3,1140.0,953.2
1051240,76.0,66.5,1610.0,953.6
1052108,84.0,66.7,1070.0,964.6
1053142,88.0,66.8,1740.0,961.3
1054022,72.0,67.3,1090.0,974.2
1054874,72.0,67.3,850.0,971.6
1055660,70.0,67.2,1020.0,967.3
1056602,79.0,67.0,1020.0,965.4
1057590,96.0,67.0,1280.0,967.1
1058631,73.0,67.2,900.0,965.0
1059611,70.0,67.4,780.0,966.1
1060322,73.0,67.4,730.0,967.3
1061023,48.0,67.6,480.0,965.7
1062107,78.0,67.3,1150.0,962.1
1062777,54.0,67.8,780.0,970.8
1063837,86.0,67.8,1220.0,973.6
1064735,64.0,67.8,680.0,974.4
1065223,35.0,68.2,350.0,978.2
1065794,50.0,68.1,500.0,977.8
1066518,61.0,67.5,610.0,953.7
1067450,82.0,67.4,900.0,946.1
1068269,63.0,67.6,670.0,949.1
1068949,46.0,67.4,500.0,940.4
1070003,86.0,67.1,1720.0,929.6
1070715,68.0,67.4,720.0,938.9
1071542,65.0,67.2,880.0,931.9
1072147,43.0,67.5,430.0,937.2
1072944,70.0,67.1,740.0,933.2
1073953,90.0,67.5,1260.0,937.6
1075113,99.0,68.1,1880.0,947.5
1075826,72.0,68.5,1340.0,957.0
1076532,64.0,68.5,1260.0,963.0
1077689,96.0,68.3,1130.0,960.5
1078946,87.0,68.6,1960.0,962.9
1079512,41.0,69.0,1040.0,977.7
1080442,87.0,68.5,1720.0,972.9
1081165,64.0,68.9,680.0,985.2
1081697,53.0,69.1,530.0,987.8
1083280,96.0,68.9,1850.0,983.4
1083910,49.0,69.3,490.0,989.4
1084984,77.0,69.1,1130.0,983.2
1085474,39.0,69.4,390.0,989.2
1086297,62.0,68.9,620.0,968.0
1086651,12.0,68.8,120.0,966.8
1087802,98.0,68.6,1580.0,964.5
1088466,61.0,68.7,610.0,969.8
1089176,69.0,68.7,690.0,968.5
1089959,69.0,68.4,1320.0,960.8
1090998,73.0,68.1,810.0,952.3
1091780,62.0,68.3,1240.0,954.4
1092602,63.0,67.7,860.0,942.2
1093376,73.0,68.1,770.0,948.2
1094258,57.0,68.0,840.0,939.0
1095097,79.0,68.3,1110.0,945.3
1096497,111.0,68.2,2090.0,945.5
1097010,31.0,68.5,310.0,957.4
1097667,45.0,68.3,450.0,954.8
1098529,58.0,68.0,580.0,945.5
1099310,77.0,68.0,1400.0,945.1
1099937,44.0,68.1,440.0,950.2
1100472,35.0,67.8,350.0,947.3
1101430,71.0,67.8,750.0,946.5
1102419,89.0,68.0,970.0,949.6
1102953,41.0,68.5,410.0,955.4
1103796,67.0,68.3,1300.0,950.8
1104401,43.0,68.1,430.0,954.5
1105748,108.0,68.0,1590.0,952.6
1106609,75.0,68.4,790.0,962.1
1107683,83.0,68.6,1070.0,962.9
1108622,71.0,68.6,750.0,961.2
1109273,68.0,68.9,720.0,965.1
1110328,82.0,69.0,1050.0,965.9
1111171,81.0,68.9,1430.0,961.1
1112137,86.0,68.9,940.0,957.9
1112718,47.0,69.1,470.0,960.3
1114087,95.0,68.4,990.0,944.5
1114651,27.0,68.9,270.0,949.2
1115367,52.0,69.0,1150.0,950.2
1115990,57.0,68.8,570.0,954.9
1117182,104.0,68.6,1700.0,952.4
1117590,26.0,68.7,260.0,957.4
1118063,38.0,68.4,380.0,947.7
1118903,73.0,67.8,960.0,932.9
1119724,54.0,68.0,580.0,937.7
1120374,51.0,67.9,740.0,934.4
1120945,50.0,68.0,540.0,937.6
1121742,67.0,67.7,900.0,928.9
1122379,49.0,67.5,720.0,927.4
1123315,80.0,67.1,3810.0,923.4
1124125,87.0,67.2,1190.0,948.0
1124826,59.0,67.3,630.0,951.1
1126102,99.0,67.1,1580.0,949.3
1126667,55.0,67.6,550.0,952.7
1127893,98.0,67.1,1680.0,941.6
1128755,82.0,67.4,860.0,951.4
1130221,105.0,67.9,2690.0,956.7
1130963,66.0,68.1,700.0,967.1
1131730,60.0,67.8,840.0,960.5
1132316,49.0,67.8,490.0,961.9
1133574,105.0,67.7,1360.0,960.9
1134187,33.0,68.6,330.0,972.2
1134826,53.0,67.8,530.0,964.1
1135568,74.0,67.6,740.0,953.3
1136329,62.0,67.4,660.0,950.0
1137045,30.0,67.2,300.0,939.2
1137548,42.0,66.8,420.0,931.3
1138613,75.0,66.5,750.0,927.0
1139393,61.0,66.5,650.0,924.3
1140421,78.0,66.3,820.0,920.6
1141217,65.0,66.2,1370.0,916.0
1142294,102.0,66.1,1300.0,920.7
1143550,92.0,66.4,1280.0,925.9
1144372,68.0,66.6,720.0,931.4
1145416,69.0,66.8,1360.0,933.8
1146897,92.0,66.7,2610.0,935.9
1147928,78.0,67.1,910.0,954.2
1148527,58.0,67.0,580.0,951.1
1149175,58.0,66.9,620.0,950.1
1149940,47.0,67.2,700.0,952.8
1150927,88.0,67.1,1500.0,954.8
1151785,61.0,67.4,840.0,963.7
1152394,52.0,67.2,520.0,963.1
1152882,36.0,67.1,360.0,961.6
1153710,65.0,67.0,690.0,960.2
1154436,64.0,66.8,1270.0,949.9
1155061,19.0,66.7,190.0,955.4
1155958,83.0,66.3,870.0,948.5
1156757,60.0,66.7,830.0,952.9
1157242,35.0,66.6,350.0,953.8
1158073,87.0,66.0,910.0,944.7
1158759,69.0,65.9,730.0,935.0
1159563,74.0,65.9,780.0,928.9
1160386,65.0,66.0,890.0,924.1
1160977,34.0,65.7,340.0,921.7
1161872,73.0,65.1,960.0,905.5
1162937,70.0,65.5,740.0,904.7
1163832,80.0,65.3,1030.0,894.9
1164812,47.0,65.4,700.0,898.4
1165510,63.0,65.4,670.0,900.1
1166741,95.0,65.1,1890.0,888.3
1167847,88.0,65.5,920.0,902.3
1168449,63.0,65.6,1250.0,900.2
1169240,75.0,65.9,1370.0,908.8
1170128,74.0,66.0,970.0,916.3
1170948,81.0,66.6,810.0,924.8
1171778,51.0,66.4,1930.0,917.1
1172958,95.0,66.4,2200.0,930.3
1173921,85.0,66.6,1090.0,945.4
1175078,95.0,66.8,1230.0,943.1
1175756,69.0,67.0,730.0,947.3
1176711,84.0,67.1,1070.0,942.2
1177874,101.0,67.3,1090.0,944.3
1179185,96.0,67.6,1420.0,947.5
1180513,94.0,67.9,1170.0,953.3
1181456,90.0,68.1,1450.0,953.9
1182464,75.0,67.9,830.0,947.5
1183297,58.0,68.3,580.0,952.7
1183952,59.0,68.4,630.0,954.0
1184567,56.0,68.5,600.0,954.5
1185722,94.0,68.2,1600.0,946.5
1186570,76.0,68.8,1090.0,958.1
1187647,92.0,69.2,1190.0,965.5
1188280,55.0,69.4,1170.0,969.9
1189062,72.0,69.0,950.0,971.9
1189958,72.0,69.3,760.0,977.3
1190728,75.0,69.4,790.0,971.9
1191877,92.0,69.7,1160.0,975.5
1192765,57.0,69.6,800.0,971.2
1193896,85.0,69.4,1600.0,971.3
1194394,41.0,69.4,410.0,976.6
1195275,62.0,69.1,710.0,973.2
1195832,48.0,69.0,710.0,973.1
1196678,71.0,68.7,1040.0,969.7
1197482,75.0,68.6,880.0,965.8
1198350,69.0,68.5,930.0,965.2
1198912,38.0,68.7,420.0,969.8
1199524,54.0,68.1,540.0,964.1
1200278,72.0,68.4,760.0,966.8
1201448,92.0,68.6,960.0,962.9
1202201,77.0,69.0,810.0,966.8
1202752,55.0,68.7,550.0,957.9
1203683,86.0,69.0,1180.0,960.8
1204688,89.0,69.4,930.0,968.8
1205486,80.0,69.6,1430.0,968.5
1206258,77.0,69.9,810.0,977.0
1207140,70.0,70.1,1410.0,977.7
1208010,84.0,70.3,1070.0,986.4
1208606,51.0,70.5,1930.0,988.1
1209606,71.0,70.5,750.0,1000.2
1210456,66.0,70.4,890.0,969.6
1211574,84.0,70.2,1070.0,966.6
1212062,34.0,70.5,340.0,971.0
1213441,101.0,69.8,1410.0,958.6
1214429,106.0,70.3,2520.0,967.2
1215188,54.0,70.4,770.0,975.6
1216101,82.0,70.1,860.0,974.7
1216886,53.0,69.8,530.0,956.4
1217677,75.0,69.7,980.0,954.7
1218516,54.0,69.9,540.0,956.1
1219243,61.0,69.9,650.0,956.6
1220148,83.0,69.5,1190.0,949.5
1220883,73.0,70.0,970.0,958.1
1221721,82.0,70.2,950.0,962.5
1222717,97.0,70.3,1050.0,964.6
1223285,45.0,70.6,450.0,968.5
1224183,83.0,70.8,910.0,970.0
1224885,49.0,71.2,530.0,974.9
1225870,87.0,70.9,1100.0,972.7
1226956,80.0,71.2,1420.0,977.2
1227753,72.0,71.2,760.0,983.2
1228758,97.0,71.3,1290.0,977.1
1229656,72.0,71.2,1450.0,977.0
1230442,50.0,71.0,540.0,978.7
1231056,37.0,70.8,370.0,976.9
1231566,35.0,70.5,350.0,967.0
1232491,69.0,69.9,960.0,944.4
1233273,78.0,69.8,1400.0,944.9
1234208,84.0,70.0,1500.0,953.1
1235053,80.0,70.3,840.0,961.9
1235855,74.0,70.6,1360.0,963.3
1236607,74.0,70.5,1060.0,961.9
1237397,71.0,70.6,750.0,964.1
1238299,68.0,70.8,680.0,966.4
1239424,95.0,71.1,1270.0,969.6
1240190,58.0,71.4,820.0,975.4
1240788,42.0,71.4,420.0,970.9
1241569,78.0,71.6,1010.0,973.2
1241958,23.0,71.6,230.0,974.6
1243167,101.0,71.2,1370.0,968.6
1244105,94.0,71.8,1610.0,978.8
1245173,78.0,71.9,1050.0,985.8
1246161,92.0,72.0,1580.0,989.0
1246866,58.0,72.2,810.0,997.0
1247677,72.0,72.1,2130.0,996.2
1248465,62.0,72.5,850.0,1014.1
1249267,71.0,72.4,1340.0,1013.0
1250181,92.0,72.4,960.0,1019.0
1251013,73.0,72.5,1350.0,1018.3
1251794,62.0,72.8,660.0,1024.8
1252855,97.0,72.8,1140.0,1024.7
1254055,91.0,72.8,1460.0,1017.2
1255076,94.0,72.8,1490.0,1022.6
1255810,71.0,73.1,750.0,1025.0
1256650,69.0,73.1,920.0,1018.8
1258115,99.0,73.0,1260.0,1018.3
1259008,92.0,73.2,1160.0,1022.8
1259691,51.0,73.6,510.0,1015.1
1260686,79.0,73.2,870.0,998.2
1261533,80.0,73.1,840.0,996.0
1262204,52.0,73.0,1140.0,992.1
1263076,70.0,72.8,830.0,996.2
1263979,78.0,72.7,1010.0,993.8
1264869,58.0,72.4,1200.0,993.0
1265916,51.0,72.1,550.0,990.8
1266622,51.0,71.6,510.0,984.6
1267679,67.0,71.2,670.0,975.2
1268614,79.0,71.2,830.0,973.6
1269425,70.0,71.4,740.0,976.1
1270200,70.0,71.5,1320.0,977.2
1270748,50.0,71.6,500.0,984.4
1271779,89.0,71.2,2220.0,973.4
1272401,35.0,71.3,350.0,984.7
1272837,36.0,70.7,360.0,976.3
1273684,90.0,70.6,1130.0,968.2
1274466,73.0,70.7,730.0,970.0
1275068,48.0,70.7,480.0,969.7
1276285,100.0,70.5,1660.0,966.6
1277107,59.0,70.6,820.0,971.6
1277821,51.0,70.6,510.0,971.8
1278535,38.0,70.2,1000.0,960.9
1279218,35.0,70.2,350.0,966.8
1280067,92.0,69.9,1150.0,963.2
1280918,96.0,70.4,1820.0,967.6
1281826,72.0,70.6,1390.0,975.4
1282634,61.0,70.6,1230.0,980.5
1283176,41.0,70.5,410.0,983.5
1283925,77.0,70.5,810.0,983.4
1285003,94.0,70.8,1300.0,986.1
1285947,82.0,71.0,1150.0,991.5
1286542,44.0,70.9,440.0,993.4
1287245,44.0,70.6,440.0,989.7
1287835,57.0,70.4,570.0,988.6
1288632,63.0,70.2,860.0,982.5
1289421,51.0,69.9,1130.0,981.8
1289947,41.0,69.6,410.0,978.8
1290576,60.0,69.2,830.0,974.8
1291349,68.0,69.2,1300.0,969.0
1292173,66.0,69.0,660.0,971.3
1293169,105.0,69.1,1900.0,958.6
1293938,73.0,69.5,860.0,970.1
1294775,86.0,69.6,1490.0,969.8
1295774,90.0,69.6,1650.0,974.0
1296607,57.0,70.1,1200.0,987.1
1297284,55.0,69.7,550.0,985.0
1297993,57.0,69.2,890.0,965.3
1298688,65.0,69.2,650.0,966.5
1299354,54.0,69.0,540.0,964.4
1300133,61.0,69.0,750.0,964.5
1300713,55.0,68.9,550.0,962.2
1301667,83.0,68.9,1060.0,962.3
1302692,86.0,69.1,2270.0,966.4
1303632,88.0,69.2,2290.0,977.2
1304460,61.0,69.3,840.0,990.4
1305106,47.0,69.1,470.0,989.3
1305793,68.0,68.6,810.0,983.5
1306636,74.0,68.8,970.0,987.1
1307270,41.0,68.8,410.0,987.7
1308048,62.0,68.7,850.0,986.5
1308927,76.0,68.4,890.0,984.0
1309712,64.0,68.4,880.0,978.7
1310505,72.0,68.3,760.0,979.9
1311518,92.0,68.0,1050.0,974.6
1312495,95.0,68.2,1610.0,970.6
1313618,78.0,68.7,820.0,981.3
1314323,68.0,69.1,720.0,985.8
1315355,82.0,69.4,950.0,989.5
1316459,86.0,69.6,1090.0,989.4
1317088,52.0,69.6,1140.0,986.3
1317874,71.0,69.3,750.0,982.7
1318744,81.0,69.2,1040.0,981.8
1319175,34.0,69.3,340.0,978.6
1320135,81.0,68.9,1370.0,971.4
1321180,93.0,69.0,1210.0,977.6
1322013,66.0,69.3,1280.0,982.9
1323189,113.0,69.0,1450.0,983.0
1323924,76.0,69.5,890.0,989.3
1324795,90.0,69.9,980.0,994.0
1325753,63.0,70.0,1340.0,993.7
1326909,100.0,70.4,1080.0,1004.8
1327735,74.0,70.4,980.0,1001.9
1328756,109.0,70.2,1450.0,995.6
1329573,66.0,70.5,890.0,999.6
1330439,73.0,70.2,770.0,992.7
1331001,40.0,70.4,400.0,992.3
1331821,81.0,70.0,1140.0,975.0
1332751,87.0,70.2,1540.0,977.9
1333604,85.0,70.4,980.0,979.9
1334814,94.0,70.3,1060.0,980.1
1335818,99.0,70.5,1740.0,977.2
1336649,78.0,70.9,820.0,988.0
1337597,71.0,70.7,750.0,984.8
1338359,56.0,70.5,690.0,977.7
1339318,88.0,70.1,920.0,969.7
1340014,71.0,70.3,950.0,971.4
1340875,70.0,70.3,930.0,971.7
1341844,87.0,70.0,950.0,968.4
1342731,79.0,70.0,1110.0,966.3
1343567,82.0,70.3,1530.0,972.3
1344172,39.0,70.3,390.0,978.9
1345116,67.0,69.9,710.0,974.4
1345892,66.0,70.0,700.0,970.1
1346544,53.0,70.0,570.0,968.8
1347528,91.0,69.8,1540.0,964.4
1348223,61.0,70.1,650.0,967.8
1348951,73.0,70.2,770.0,968.8
1349665,66.0,70.4,790.0,971.4
1350419,51.0,70.4,740.0,972.6
1351242,86.0,70.1,1180.0,971.7
1351706,38.0,70.3,380.0,976.1
1352604,76.0,70.0,1080.0,966.7
1353143,38.0,70.2,420.0,972.5
1353685,48.0,69.7,520.0,954.5
1355051,110.0,69.8,2270.0,956.2
1355877,61.0,70.6,650.0,975.3
1356631,62.0,70.3,660.0,970.5
1357383,62.0,70.2,750.0,969.8
1358133,56.0,70.3,600.0,972.5
1358998,88.0,69.9,1110.0,961.9
1360028,98.0,70.2,1020.0,964.8
1360642,46.0,70.6,1090.0,969.9
1361487,79.0,70.7,830.0,970.8
1362362,81.0,71.2,1040.0,975.6
1362992,54.0,71.0,540.0,974.5
1363752,63.0,70.6,630.0,961.7
1364303,46.0,70.5,1880.0,954.1
1365318,93.0,70.4,1680.0,960.6
1366535,93.0,70.9,1200.0,973.3
1367706,106.0,71.1,1430.0,977.2
1368586,88.0,71.2,920.0,978.5
1369630,81.0,71.2,1660.0,976.2
1370323,48.0,71.6,480.0,988.4
1370925,50.0,71.6,540.0,988.8
1371682,58.0,71.6,620.0,988.5
1372270,47.0,71.5,470.0,986.1
1372999,63.0,71.5,860.0,979.5
1373718,59.0,71.7,820.0,984.0
1374338,46.0,71.7,690.0,983.9
1374998,57.0,71.5,570.0,977.8
1376205,100.0,71.4,1130.0,976.9
1377064,77.0,71.3,1000.0,969.2
1378054,53.0,71.4,760.0,970.6
1378698,56.0,71.0,600.0,963.3
1379501,72.0,70.7,950.0,952.8
1380307,69.0,70.9,820.0,950.3
1381522,97.0,71.0,1630.0,953.0
1382647,61.0,71.4,610.0,960.4
1383284,46.0,71.4,460.0,960.0
1384041,72.0,71.3,1440.0,959.2
1384779,62.0,71.4,660.0,966.1
1385528,68.0,71.5,720.0,967.2
1386371,90.0,71.3,1650.0,963.8
1387234,88.0,71.4,920.0,957.6
1387780,36.0,71.4,360.0,943.9
1388494,58.0,71.1,1210.0,939.1
1389723,117.0,71.2,1340.0,946.5
1390811,80.0,71.7,880.0,951.8
1391793,81.0,71.8,1470.0,950.9
1392276,46.0,72.2,460.0,961.5
1392936,61.0,72.0,650.0,957.6
1393661,68.0,71.8,680.0,955.2
1394208,48.0,71.9,480.0,953.2
1395223,98.0,71.6,1250.0,950.4
1396017,59.0,71.7,630.0,952.4
1397013,88.0,71.4,1730.0,942.6
1397959,67.0,71.4,800.0,951.7
1398992,79.0,71.4,1020.0,952.5
1399738,35.0,71.4,390.0,953.2
1400338,56.0,70.9,560.0,946.2
1401152,85.0,70.9,1080.0,940.4
1401923,71.0,71.1,940.0,943.7
1402504,46.0,71.0,500.0,942.7
1403482,89.0,71.1,930.0,944.3
1404152,63.0,71.2,2040.0,939.9
1405235,81.0,70.9,1170.0,948.2
1406144,66.0,71.0,890.0,947.1
1406781,36.0,70.6,360.0,941.5
1407677,85.0,70.2,1560.0,936.2
1408388,59.0,70.1,590.0,942.0
1408959,52.0,70.1,520.0,934.5
1409641,54.0,69.6,580.0,928.9
1410531,98.0,69.4,1020.0,924.9
1411265,68.0,69.3,1000.0,920.6
1412091,84.0,69.3,970.0,921.7
1412948,74.0,69.4,970.0,923.7
1413951,79.0,69.8,2200.0,929.4
1414681,60.0,69.7,640.0,940.0
1415554,71.0,69.5,840.0,931.0
1416469,76.0,69.3,990.0,929.6
1417146,59.0,69.1,590.0,928.9
1418267,102.0,68.7,1970.0,917.4
1418956,39.0,69.0,390.0,928.9
1419655,67.0,68.7,710.0,925.3
1420310,28.0,68.8,280.0,925.5
1421077,60.0,68.2,640.0,919.1
1422044,72.0,68.1,990.0,916.0
1422964,58.0,68.1,620.0,916.6
1423681,63.0,67.8,760.0,913.3
1424717,82.0,67.6,1280.0,909.8
1425958,87.0,67.6,1140.0,907.3
1426636,64.0,68.1,880.0,914.8
1427484,87.0,68.1,1100.0,916.5
1428121,48.0,68.3,480.0,920.5
1428712,44.0,68.2,670.0,919.6
1429192,34.0,67.8,340.0,910.9
1430156,86.0,67.5,1320.0,907.8
1431070,74.0,67.6,1450.0,913.3
1431632,49.0,67.7,490.0,919.9
1432916,107.0,67.7,1430.0,917.4
1434013,88.0,67.9,1240.0,919.9
1434878,74.0,68.4,970.0,928.5
1435495,55.0,68.4,550.0,927.4
1436389,86.0,68.6,2600.0,928.7
1437243,65.0,68.9,1280.0,949.5
1438191,89.0,68.5,1130.0,939.6
1439223,85.0,68.8,1700.0,944.4
1440300,86.0,69.0,1550.0,954.8
1441149,83.0,69.2,1070.0,962.8
1441789,53.0,69.5,570.0,967.5
1443138,76.0,69.2,1470.0,962.1
1443858,74.0,68.9,970.0,966.6
1444572,76.0,69.2,990.0,965.4
1445175,53.0,69.2,570.0,967.0
1446009,62.0,68.9,850.0,962.3
1446627,54.0,69.0,540.0,965.4
1447602,83.0,68.9,2240.0,964.5
1448460,73.0,69.3,960.0,968.1
1449228,59.0,69.1,1210.0,960.9
1449777,52.0,68.7,520.0,961.0
1450651,78.0,68.2,820.0,951.9
1451416,77.0,68.1,3770.0,950.9
1452116,55.0,68.0,780.0,972.0
1452779,54.0,68.1,770.0,975.0
1453588,70.0,68.2,740.0,977.3
1454171,52.0,68.3,750.0,978.5
1455051,97.0,68.3,1240.0,981.3
1456149,101.0,68.7,1290.0,985.1
1457065,85.0,69.1,1170.0,989.8
1457604,43.0,69.5,430.0,994.6
1458523,79.0,69.3,1410.0,993.2
1459315,70.0,69.1,740.0,996.0
1460165,78.0,69.0,1010.0,993.4
1460781,40.0,69.3,400.0,995.9
1461580,69.0,69.1,730.0,993.9
1462252,54.0,69.1,540.0,991.7
1463080,81.0,69.0,1080.0,988.9
1464158,96.0,68.8,1470.0,983.4
1464807,58.0,69.2,810.0,992.0
1465513,60.0,69.3,920.0,995.5
1466510,79.0,69.2,2250.0,990.3
1467076,44.0,69.3,480.0,1006.2
1467926,66.0,69.1,700.0,1003.8
1468781,62.0,68.8,860.0,994.3
1469691,86.0,68.6,2270.0,993.7
1470551,77.0,69.1,1090.0,1012.8
1471135,53.0,69.3,570.0,1011.6
1472036,71.0,68.6,750.0,1003.9
1472804,72.0,68.5,1340.0,1002.6
1474023,86.0,68.4,1090.0,1001.3
1475086,85.0,68.8,1080.0,1007.6
1475917,74.0,69.1,1370.0,1011.9
1476759,74.0,69.2,740.0,1018.8
1477634,71.0,69.4,950.0,1021.4
1478782,96.0,69.1,1320.0,1018.4
1479872,98.0,69.5,1060.0,1025.3
1480523,59.0,69.6,830.0,1018.6
1481041,38.0,69.5,380.0,1018.9
1481587,45.0,69.1,450.0,1012.5
1482395,68.0,69.2,1310.0,1013.1
1483577,95.0,69.3,1610.0,1020.6
1484660,92.0,69.4,1540.0,1025.9
1485273,50.0,69.6,740.0,1031.9
1485979,75.0,69.7,790.0,1034.3
1486577,52.0,69.6,760.0,1032.9
1487262,56.0,69.4,790.0,1020.1
1488294,64.0,69.2,640.0,1016.3
1488925,63.0,69.2,760.0,1013.8
1489845,90.0,69.4,1520.0,1017.8
1490649,65.0,69.5,690.0,1017.4
1491484,69.0,69.6,730.0,1018.4
1492436,83.0,69.7,1450.0,1020.5
1493174,57.0,70.0,610.0,1029.2
1493947,73.0,69.6,1350.0,1025.1
1494732,81.0,69.6,850.0,1028.6
1495496,57.0,69.6,800.0,1027.4
1496257,75.0,69.4,890.0,1025.7
1497167,58.0,69.4,1200.0,1012.6
1497963,79.0,69.4,1410.0,1018.2
1498699,69.0,69.5,730.0,1023.9
1499650,69.0,69.4,920.0,1021.3
1500268,38.0,69.5,380.0,1024.6
1501376,99.0,68.9,1220.0,1008.7
1502272,85.0,69.5,1090.0,1017.0
1503063,61.0,69.6,650.0,1020.8
1503748,55.0,70.0,790.0,1024.5
1504427,57.0,69.9,810.0,1026.0
1505350,67.0,69.8,940.0,1024.2
1506420,87.0,69.9,1720.0,1027.4
1507022,38.0,70.1,380.0,1037.0
1507441,33.0,69.7,330.0,1028.0
1508244,79.0,69.1,1110.0,1019.9
1509253,75.0,69.3,2170.0,1022.2
1509951,78.0,69.2,1010.0,1032.9
1511001,91.0,69.4,1180.0,1038.2
1511866,76.0,69.9,800.0,1043.3
1512756,54.0,70.3,810.0,1047.9
1513529,79.0,70.0,1020.0,1042.8
1514323,74.0,70.1,780.0,1038.5
1515146,55.0,70.3,680.0,1041.4
1516133,95.0,69.8,2600.0,1033.9
1516705,45.0,69.9,450.0,1047.5
1517656,73.0,69.6,770.0,1042.3
1518477,89.0,69.8,930.0,1044.5
1519325,84.0,69.8,1310.0,1027.8
1520118,66.0,70.0,700.0,1028.1
1520852,53.0,69.8,570.0,1023.8
1521508,55.0,69.4,1180.0,1012.5
1522130,55.0,69.1,550.0,1008.8
1522988,87.0,68.8,910.0,1003.6
1523787,78.0,69.2,1400.0,1007.0
1524565,61.0,69.2,840.0,1006.3
1525259,63.0,69.1,860.0,1005.0
1526052,67.0,68.9,1290.0,1003.7
1526961,87.0,69.1,1430.0,1010.9
1527599,60.0,69.3,640.0,1016.7
1528428,80.0,69.4,840.0,1017.7
1529021,62.0,69.4,660.0,1003.7
1529761,81.0,69.2,810.0,1000.7
1530869,95.0,69.5,2370.0,996.7
1531603,56.0,69.9,790.0,1015.2
1532278,48.0,69.7,480.0,1014.9
1532898,31.0,69.4,350.0,982.0
1533862,71.0,69.2,750.0,977.7
1534907,85.0,69.3,1470.0,977.5
1535565,47.0,69.5,510.0,984.8
1536486,65.0,69.4,1310.0,982.4
1537351,75.0,69.1,980.0,983.1
1538347,85.0,68.8,1510.0,980.0
1538945,46.0,68.8,460.0,983.4
1540049,95.0,68.9,1660.0,983.7
1540890,72.0,69.0,950.0,986.2
1541696,83.0,69.0,1450.0,988.3
1542769,101.0,69.1,1090.0,992.7
1543258,42.0,69.7,420.0,999.6
1544257,95.0,69.4,2590.0,996.5
1544938,69.0,69.8,1310.0,1017.0
1545638,58.0,69.7,2000.0,1019.3
1546374,44.0,69.4,480.0,1024.6
1546828,38.0,69.2,380.0,1021.3
1547584,58.0,69.0,620.0,1015.9
1548527,73.0,68.8,970.0,999.6
1549635,93.0,69.1,2580.0,1004.5
1550560,85.0,69.3,1080.0,1023.3
1551230,51.0,69.6,510.0,1025.5
1552498,98.0,69.2,2440.0,1007.9
1553603,99.0,69.4,1070.0,1021.4
1554183,42.0,69.9,420.0,1026.4
1554839,58.0,69.6,820.0,1023.1
1555706,72.0,69.5,760.0,1017.9
1556444,78.0,69.3,820.0,1014.6
1557149,65.0,69.2,1280.0,1012.0
1557908,65.0,69.2,690.0,1011.1
1558696,79.0,69.1,1020.0,1010.6
1559415,61.0,69.2,2030.0,1011.3
1560189,73.0,68.8,970.0,1018.4
1561052,74.0,68.6,780.0,1017.5
1561740,52.0,68.7,520.0,1017.0
1562728,94.0,68.8,1260.0,1018.4
1563935,97.0,69.3,1730.0,1026.5
1565027,75.0,69.6,980.0,1030.7
1565901,72.0,69.4,1580.0,1024.4
1566557,62.0,69.2,620.0,1024.8
1567004,28.0,69.3,280.0,1023.6
1567577,47.0,68.9,470.0,1018.5
1568619,88.0,68.8,960.0,1015.6
1569244,53.0,69.1,530.0,1017.3
1570065,63.0,69.0,2040.0,1016.2
1570875,76.0,69.0,1380.0,1029.0
1572019,88.0,68.9,960.0,1027.6
1572873,89.0,69.1,1160.0,1030.3
1573685,74.0,69.3,780.0,1034.6
1574804,78.0,69.2,3810.0,1027.9
1575364,52.0,69.4,750.0,1059.9
1576193,76.0,69.2,800.0,1053.9
1577201,74.0,69.2,780.0,1053.4
1577880,69.0,69.4,1150.0,1053.2
1578876,88.0,69.3,1200.0,1055.8
1579590,72.0,69.6,950.0,1055.8
1580893,92.0,69.5,960.0,1051.2
1581542,65.0,69.8,690.0,1053.5
1582288,63.0,69.7,860.0,1051.2
1583020,68.0,70.0,720.0,1056.0
1583778,62.0,69.6,850.0,1051.0
1584627,79.0,69.4,1420.0,1048.6
1585230,59.0,69.6,820.0,1056.3
1585975,74.0,69.6,1370.0,1056.6
1586698,75.0,69.8,980.0,1062.2
1587451,77.0,69.9,810.0,1062.6
1588423,99.0,69.8,1610.0,1053.5
1589170,71.0,70.4,940.0,1065.8
1590214,92.0,70.8,1290.0,1071.9
1590945,70.0,70.9,930.0,1073.7
1591687,66.0,70.9,700.0,1061.3
1592456,63.0,70.7,1260.0,1058.2
1593134,68.0,70.5,720.0,1059.0
1594148,69.0,70.4,1400.0,1058.2
1594811,61.0,70.5,650.0,1064.1
1595683,85.0,70.4,890.0,1060.4
1596064,25.0,70.5,250.0,1061.5
1597102,102.0,70.2,2750.0,1057.2
1598132,78.0,70.2,1100.0,1058.7
1599154,100.0,70.6,1270.0,1065.2
1600446,127.0,70.8,2640.0,1070.2
1601633,114.0,71.2,1730.0,1087.3
1602358,78.0,71.5,820.0,1091.5
1603321,80.0,71.6,1040.0,1092.7
1604019,53.0,71.9,620.0,1097.4
1604661,44.0,71.9,440.0,1091.8
1605535,92.0,71.8,1770.0,1090.7
1606171,61.0,71.8,610.0,1099.3
1606849,61.0,71.6,610.0,1091.4
1607502,57.0,71.6,1190.0,1089.1
1608655,106.0,71.6,1230.0,1092.4
1609332,51.0,72.0,510.0,1091.8
1610489,94.0,71.6,1400.0,1082.6
1611163,65.0,72.0,690.0,1090.2
1612030,57.0,71.8,570.0,1088.7
1612781,73.0,71.8,2150.0,1087.8
1613431,60.0,71.7,830.0,1101.2
1614206,65.0,71.3,1270.0,1085.8
1614884,64.0,71.4,1270.0,1090.6
1615690,81.0,71.6,1040.0,1098.5
1616423,72.0,72.1,950.0,1105.4
1617115,55.0,72.1,590.0,1107.4
1617918,70.0,71.8,740.0,1098.6
1618522,49.0,72.0,720.0,1100.9
1619024,45.0,71.9,450.0,1095.0
1619824,53.0,71.6,570.0,1089.7
1620534,64.0,71.2,870.0,1080.3
1621360,74.0,71.4,2400.0,1084.4
1622146,70.0,71.2,930.0,1091.8
1623279,67.0,71.2,2090.0,1091.6
1624237,81.0,71.0,2260.0,1098.0
1625345,90.0,70.8,1840.0,1109.7
1626023,58.0,71.3,620.0,1123.9
1626638,62.0,70.9,620.0,1104.2
1627571,91.0,70.9,1140.0,1097.3
1628219,61.0,71.2,1230.0,1088.7
1628897,57.0,71.4,610.0,1096.2
1629756,63.0,71.6,860.0,1098.5
1630423,71.0,71.6,2130.0,1100.9
1631072,58.0,71.6,620.0,1112.5
1631996,69.0,71.2,2110.0,1092.9
1632876,58.0,71.1,2000.0,1103.2
1633876,86.0,71.2,1720.0,1118.1
1634559,58.0,71.0,620.0,1110.9
1635157,57.0,70.6,610.0,1106.4
1635927,79.0,70.8,830.0,1108.3
1636683,80.0,71.0,840.0,1108.4
1637623,85.0,71.1,930.0,1109.2
1638375,74.0,71.1,1360.0,1110.3
1639291,77.0,71.2,1010.0,1111.1
1640120,79.0,71.3,790.0,1114.3
1640580,33.0,71.3,330.0,1112.0
1641315,50.0,71.1,540.0,1095.0
1641844,57.0,70.8,610.0,1090.7
1642648,70.0,70.7,930.0,1089.0
1643243,49.0,70.8,490.0,1093.1
1643983,60.0,70.4,1220.0,1085.4
1644983,67.0,70.0,2090.0,1080.3
1646025,81.0,69.9,1440.0,1091.4
1646961,94.0,70.0,1260.0,1090.0
1647586,57.0,70.4,570.0,1096.4
1648586,86.0,70.6,1720.0,1099.3
1649182,53.0,71.0,770.0,1111.8
1650223,88.0,70.7,920.0,1109.9
1651015,67.0,71.0,1290.0,1113.8
1651915,88.0,71.1,1120.0,1106.3
1653268,102.0,71.2,1250.0,1103.7
1653831,38.0,71.3,380.0,1106.6
1654866,73.0,70.8,970.0,1098.8
1655499,47.0,70.8,510.0,1100.7
1656294,78.0,70.5,1110.0,1067.7
1656863,54.0,70.8,580.0,1071.3
1657714,59.0,70.5,820.0,1069.1
1658358,70.0,70.4,930.0,1069.5
1659002,61.0,70.4,650.0,1067.3
1659703,76.0,70.1,1390.0,1061.8
1660757,102.0,70.2,1250.0,1066.2
1661487,62.0,70.3,660.0,1069.1
1662522,97.0,70.2,1210.0,1068.8
1663496,92.0,70.6,1540.0,1072.3
1664486,82.0,70.8,1480.0,1080.5
1665211,59.0,71.0,820.0,1086.8
1665910,59.0,70.8,820.0,1080.8
1666672,65.0,70.8,780.0,1080.8
1667330,75.0,70.7,790.0,1074.9
1668219,90.0,70.7,1220.0,1073.0
1668938,73.0,70.9,960.0,1077.1
1669811,91.0,70.6,990.0,1070.6
1670819,89.0,70.8,1750.0,1071.1
1671860,85.0,70.8,2360.0,1075.7
1672563,55.0,70.9,590.0,1090.0
1673461,54.0,70.8,580.0,1088.9
1674248,77.0,70.7,1050.0,1082.1
1675030,68.0,70.8,1300.0,1085.4
1675640,52.0,70.8,520.0,1084.4
1676373,66.0,70.7,700.0,1083.1
1677572,89.0,70.5,1290.0,1081.2
1678280,70.0,71.2,1320.0,1091.6
1679210,87.0,70.8,1150.0,1077.3
1680237,102.0,70.9,1250.0,1077.8
1681327,97.0,71.0,1470.0,1077.6
1682245,89.0,70.6,1510.0,1065.9
1682645,22.0,70.4,220.0,1063.7
1683328,65.0,69.8,880.0,1057.7
1684107,78.0,69.7,1400.0,1056.1
1684956,74.0,69.9,780.0,1063.9
1685849,89.0,70.2,1220.0,1067.3
1686853,92.0,70.2,2570.0,1061.8
1687564,65.0,70.5,690.0,1081.4
1688302,65.0,70.6,980.0,1082.2
1689323,85.0,70.6,1120.0,1080.1
1690262,90.0,70.4,1530.0,1079.0
1691166,85.0,70.8,1600.0,1089.2
1691952,80.0,70.7,1040.0,1091.2
1692644,64.0,70.9,680.0,1094.7
1693401,69.0,71.0,730.0,1095.8
1694377,91.0,70.9,1460.0,1081.6
1695118,80.0,71.2,840.0,1087.9
1695986,72.0,71.4,2140.0,1083.6
1696716,55.0,71.4,590.0,1092.3
1697903,105.0,71.2,1320.0,1087.8
1698523,55.0,71.5,780.0,1091.5
1699448,92.0,71.5,1390.0,1093.4
1700117,38.0,71.7,380.0,1099.9
1701211,86.0,71.6,1430.0,1096.5
1701980,65.0,72.0,690.0,1106.3
1702990,91.0,72.2,1470.0,1107.5
1703879,87.0,72.4,1100.0,1113.5
1704658,75.0,72.6,790.0,1100.5
1705393,82.0,72.6,860.0,1099.1
1706116,70.0,72.8,930.0,1086.8
1707049,85.0,72.6,1080.0,1073.5
1707942,67.0,72.6,990.0,1065.9
1708437,28.0,72.7,280.0,1069.6
1709410,91.0,72.4,1140.0,1066.2
1710147,73.0,72.4,1360.0,1066.2
1711297,107.0,72.5,1820.0,1067.5
1712465,97.0,73.0,1050.0,1079.6
1713237,72.0,73.3,950.0,1081.5
1714056,76.0,73.3,800.0,1069.7
1714866,66.0,73.5,890.0,1071.5
1715822,86.0,73.5,1610.0,1059.3
1716710,86.0,73.8,900.0,1055.4
1717237,42.0,73.8,420.0,1047.2
1718070,62.0,73.6,660.0,1045.2
1718572,45.0,73.6,450.0,1045.7
1719413,85.0,73.3,1080.0,1041.9
1720275,88.0,73.4,920.0,1044.3
1721038,73.0,73.4,960.0,1044.2
1722264,108.0,73.4,1310.0,1040.2
1723015,68.0,73.7,1000.0,1043.2
1723737,43.0,73.6,1050.0,1045.3
1724552,62.0,73.7,860.0,1052.5
1725654,96.0,73.8,1230.0,1055.7
1726769,107.0,74.2,1730.0,1061.9
1727488,76.0,74.6,990.0,1069.9
1728376,83.0,74.8,1060.0,1074.9
1729059,66.0,75.0,660.0,1073.3
1729778,66.0,75.0,700.0,1059.0
1730589,74.0,74.9,780.0,1051.6
1731262,55.0,74.7,790.0,1046.8
1731903,67.0,74.7,910.0,1049.0
1732974,93.0,74.5,1200.0,1040.9
1733979,86.0,74.9,1520.0,1045.2
1734963,91.0,74.9,1240.0,1051.2
1735767,80.0,75.1,1420.0,1050.7
1736664,75.0,75.0,1070.0,1053.7
1737441,81.0,74.8,1040.0,1051.9
1738180,51.0,75.2,750.0,1058.5
1739082,84.0,75.0,1460.0,1056.3
1739935,64.0,75.3,640.0,1065.8
1740901,86.0,75.2,1410.0,1061.1
1741587,65.0,75.5,690.0,1069.4
1742153,40.0,75.6,400.0,1068.1
1742995,69.0,75.3,930.0,1062.8
1743899,75.0,75.4,1110.0,1065.6
1744683,69.0,75.3,930.0,1062.8
1745535,91.0,75.0,950.0,1059.6
1746409,90.0,75.3,2310.0,1062.5
1747131,54.0,75.2,580.0,1073.5
1748572,110.0,74.8,1900.0,1063.9
1749412,63.0,75.1,1250.0,1068.1
1750266,77.0,75.2,1000.0,1072.4
1751015,45.0,75.4,490.0,1074.2
1751840,83.0,75.2,870.0,1071.3
1752595,70.0,75.2,930.0,1072.1
1753372,81.0,75.0,2220.0,1069.2
1754515,103.0,75.1,1880.0,1081.8
1755377,77.0,75.2,1390.0,1090.7
1756637,95.0,75.1,1810.0,1087.1
1757292,65.0,75.2,690.0,1081.6
1758154,73.0,75.3,770.0,1082.6
1759308,93.0,75.5,1010.0,1084.5
1760313,93.0,75.7,970.0,1084.1
1760942,61.0,75.9,610.0,1080.8
1762168,110.0,76.0,1180.0,1081.7
1763061,76.0,76.4,990.0,1086.5
1763886,85.0,76.3,1470.0,1083.5
1764541,59.0,76.5,820.0,1085.0
1765529,86.0,76.2,1090.0,1081.7
1766162,51.0,76.0,740.0,1080.1
1766879,55.0,75.6,590.0,1072.8
1767512,26.0,75.2,260.0,1063.6
1768336,68.0,75.3,910.0,1064.0
1769160,75.0,75.3,790.0,1064.3
1769903,82.0,75.3,1050.0,1058.2
1770993,81.0,75.3,1090.0,1060.9
1772117,94.0,75.3,1690.0,1059.6
1772983,89.0,75.3,1520.0,1050.8
1774091,79.0,75.5,870.0,1059.1
1774848,72.0,75.7,950.0,1058.0
1775875,97.0,75.5,1820.0,1056.3
1777015,62.0,75.6,990.0,1059.2
1778118,90.0,75.4,2140.0,1053.1
1778868,80.0,75.5,1030.0,1064.1
1779707,91.0,75.6,1140.0,1067.6
1780809,89.0,75.8,970.0,1071.7
1781946,108.0,75.8,1970.0,1066.8
1782707,64.0,76.1,680.0,1078.1
1783682,83.0,76.0,1060.0,1063.5
1784787,96.0,76.3,1320.0,1068.2
1785822,100.0,76.2,1320.0,1068.2
1787062,105.0,76.7,2780.0,1073.6
1787779,64.0,76.8,680.0,1087.5
1788605,86.0,77.1,2510.0,1090.5
1789601,83.0,77.1,1060.0,1101.3
1790856,107.0,77.2,1530.0,1105.0
1791719,88.0,77.4,1510.0,1105.6
1792327,30.0,77.4,300.0,1109.7
1793395,84.0,77.0,1500.0,1104.8
1794126,72.0,77.0,950.0,1111.2
1794899,71.0,77.0,1330.0,1111.4
1796198,120.0,76.9,1370.0,1113.9
1797055,65.0,77.4,690.0,1117.7
1797684,62.0,77.8,660.0,1121.8
1798424,73.0,77.5,770.0,1117.0
1799292,91.0,77.5,1230.0,1111.1
1800828,107.0,77.3,1250.0,1105.2
1801880,74.0,77.4,1590.0,1107.2
1802741,82.0,77.4,1060.0,1113.6
1803528,55.0,77.5,1170.0,1116.2
1804815,103.0,77.4,2110.0,1119.0
1805666,83.0,77.6,870.0,1124.0
1806352,63.0,77.5,670.0,1123.7
1807760,117.0,77.7,1440.0,1126.2
1808447,35.0,78.3,590.0,1134.0
1809638,98.0,78.2,1670.0,1135.4
1810534,77.0,78.3,1390.0,1141.3
1811193,64.0,78.2,970.0,1146.0
1812158,74.0,78.1,780.0,1146.1
1812717,38.0,77.8,380.0,1140.8
1813428,70.0,77.5,740.0,1134.6
1814277,82.0,77.7,860.0,1131.5
1815507,85.0,77.9,930.0,1131.5
1816386,88.0,77.8,1110.0,1128.5
1817164,75.0,77.6,990.0,1122.3
1817889,73.0,77.6,960.0,1122.3
1819073,90.0,77.5,1260.0,1121.3
1819796,58.0,77.8,620.0,1127.3
1820452,76.0,77.7,1380.0,1126.5
1821327,78.0,77.7,1100.0,1132.5
1822279,98.0,77.9,1440.0,1135.6
1823302,101.0,78.2,1470.0,1140.9
1823854,41.0,78.3,410.0,1143.6
1825140,118.0,77.9,1770.0,1132.5
1826062,79.0,78.2,2210.0,1137.8
1826833,76.0,78.1,1380.0,1145.7
1827969,114.0,78.2,1600.0,1148.8
1828763,73.0,78.5,770.0,1154.4
1829456,57.0,78.7,610.0,1154.6
1830432,86.0,78.4,990.0,1146.1
1831306,79.0,78.6,1030.0,1149.6
1832462,88.0,78.6,1500.0,1145.8
1833640,104.0,78.8,1120.0,1153.9
1834592,97.0,79.4,1200.0,1161.1
1835591,79.0,79.7,1260.0,1163.8
1836830,101.0,79.8,1670.0,1165.3
1837531,75.0,80.1,880.0,1172.7
1838585,99.0,79.9,1260.0,1172.0
1839516,94.0,80.0,1020.0,1161.5
1840232,71.0,80.4,750.0,1165.9
1841017,64.0,80.0,1270.0,1154.4
1841793,87.0,80.0,1100.0,1154.6
1842839,106.0,80.1,1520.0,1155.6
1843585,74.0,80.8,780.0,1165.9
1844448,64.0,80.7,680.0,1165.0
1845136,67.0,80.6,900.0,1162.5
1845992,83.0,80.5,1450.0,1149.3
1846896,75.0,80.3,790.0,1145.0
1847627,71.0,80.2,940.0,1139.0
1848431,81.0,80.0,1430.0,1130.3
1849523,95.0,80.2,1180.0,1137.7
1850520,91.0,80.4,1140.0,1141.8
1851325,67.0,80.4,710.0,1143.1
1852476,100.0,80.1,1750.0,1140.5
1853537,86.0,80.5,900.0,1151.9
1854304,76.0,80.2,800.0,1149.1
1855324,93.0,80.2,1410.0,1147.2
1855888,34.0,80.3,340.0,1146.6
1856950,94.0,80.1,1600.0,1141.8
1857754,67.0,80.2,710.0,1146.9
1858603,73.0,80.3,960.0,1146.6
1859665,99.0,80.5,1350.0,1150.3
1860498,75.0,81.2,1370.0,1161.2
1861079,48.0,81.3,480.0,1165.8
1861957,79.0,81.0,1500.0,1162.7
1862837,80.0,81.0,840.0,1167.2
1864105,100.0,81.0,2680.0,1164.7
1865150,86.0,81.0,1710.0,1174.6
1865939,67.0,81.0,990.0,1176.5
1866808,85.0,80.9,1120.0,1177.7
1867816,82.0,81.0,860.0,1179.4
1869441,105.0,80.9,1540.0,1169.8
1870513,87.0,81.3,1100.0,1175.3
1871423,86.0,81.3,900.0,1164.9
1872120,75.0,81.3,980.0,1163.6
1873020,80.0,81.2,1260.0,1162.0
1873918,82.0,81.1,1140.0,1164.9
1874748,79.0,80.8,830.0,1156.6
1875623,71.0,81.0,1340.0,1158.1
1876445,86.0,80.9,1180.0,1160.9
1877246,76.0,80.8,2170.0,1159.5
1878473,101.0,80.5,1130.0,1168.0
1879345,83.0,80.5,1060.0,1151.5
1880247,77.0,80.7,1430.0,1155.3
1881117,86.0,80.6,1100.0,1144.5
1882180,93.0,80.6,970.0,1144.9
1883224,99.0,80.5,2450.0,1139.3
1883954,61.0,80.6,610.0,1148.7
1884758,63.0,80.9,960.0,1151.8
1885563,85.0,80.7,890.0,1146.4
1886185,58.0,80.8,810.0,1145.8
1886817,63.0,80.7,860.0,1140.6
1887746,90.0,80.1,2140.0,1135.5
1888295,33.0,80.4,330.0,1150.0
1889308,81.0,80.1,890.0,1146.7
1890038,57.0,80.2,610.0,1147.9
1890873,66.0,79.8,700.0,1141.7
1891674,78.0,79.4,820.0,1136.2
1892511,68.0,79.4,1300.0,1128.5
1893463,78.0,79.3,1010.0,1130.9
1894549,88.0,79.5,2330.0,1129.3
1895964,97.0,79.4,1050.0,1131.5
1896965,95.0,79.5,1220.0,1133.3
1897648,64.0,79.8,880.0,1138.8
1898694,104.0,79.3,1310.0,1133.2
1899547,62.0,80.0,940.0,1140.4
1900595,97.0,79.6,1920.0,1133.1
1902188,111.0,79.8,1610.0,1138.4
1903399,108.0,80.3,1830.0,1144.8
1904454,91.0,80.6,1760.0,1155.3
1905377,105.0,81.2,1290.0,1169.1
1906491,95.0,81.5,1500.0,1174.6
1907322,56.0,81.7,790.0,1181.0
1908056,61.0,81.4,840.0,1179.6
1909117,81.0,81.1,1270.0,1176.9
1910426,111.0,81.2,1190.0,1179.7
1911015,59.0,81.5,630.0,1182.0
1912026,100.0,81.2,1310.0,1175.7
1912607,49.0,81.6,530.0,1182.6
1913428,83.0,81.4,870.0,1174.1
1914194,88.0,81.4,920.0,1171.8
1914804,47.0,81.3,510.0,1166.6
1915586,74.0,80.8,780.0,1157.0
1916668,62.0,81.1,750.0,1160.7
1917711,110.0,80.6,1410.0,1150.5
1919116,106.0,80.9,1850.0,1142.5
1919826,76.0,81.2,800.0,1147.2
1920729,88.0,80.8,920.0,1139.2
1921644,83.0,80.9,1450.0,1140.7
1922858,111.0,81.2,1950.0,1149.1
1923715,87.0,81.4,1100.0,1158.7
1924479,57.0,81.5,1190.0,1159.4
1925844,113.0,81.2,2210.0,1156.3
1926727,90.0,81.3,1540.0,1167.2
1927517,74.0,81.2,1360.0,1170.6
1928476,94.0,81.2,1170.0,1171.6
1929784,112.0,81.1,2190.0,1166.6
1930600,61.0,81.5,650.0,1179.7
1931584,72.0,81.1,1040.0,1173.6
1932644,94.0,80.9,1310.0,1173.8
1933422,70.0,81.1,930.0,1179.4
1934293,93.0,81.2,970.0,1176.0
1935034,66.0,81.2,900.0,1174.7
1936025,91.0,80.8,1140.0,1168.5
1936789,77.0,81.0,810.0,1172.1
1937959,108.0,81.1,3340.0,1173.4
1939074,91.0,81.6,950.0,1197.8
1940004,83.0,81.6,2250.0,1192.8
1941065,95.0,81.7,4180.0,1207.4
1941829,77.0,82.0,1000.0,1239.8
1942825,74.0,81.9,870.0,1235.5
1943457,63.0,81.7,670.0,1232.4
1944620,105.0,81.4,1320.0,1227.7
1945553,90.0,81.8,1520.0,1233.8
1946405,77.0,81.7,1620.0,1231.5
1947634,104.0,81.6,2020.0,1238.7
1948263,68.0,81.9,720.0,1250.9
1948962,71.0,81.6,980.0,1244.0
1950133,115.0,82.0,2320.0,1250.4
1951073,85.0,82.2,1090.0,1257.6
1951951,67.0,82.4,750.0,1261.4
1952612,64.0,82.3,880.0,1259.3
1953321,75.0,82.0,790.0,1254.6
1954235,82.0,82.0,860.0,1248.8
1954952,72.0,82.3,2130.0,1252.6
1955552,54.0,82.3,580.0,1258.9
1956674,76.0,82.0,930.0,1256.3
1957595,84.0,81.8,920.0,1238.8
1958350,72.0,81.7,1340.0,1230.9
1959512,104.0,81.8,2680.0,1234.4
1960916,115.0,82.0,1420.0,1250.0
1961787,76.0,82.3,1390.0,1255.6
1962596,76.0,82.0,1090.0,1254.1
1963715,114.0,81.9,1220.0,1254.0
1964294,50.0,82.2,500.0,1257.2
1965242,89.0,81.9,1350.0,1252.4
1966110,75.0,82.0,1370.0,1253.3
1967012,81.0,82.0,850.0,1255.6
1967636,58.0,82.0,810.0,1255.8
1968329,71.0,81.8,940.0,1250.5
1969488,104.0,81.7,1350.0,1248.1
1970056,44.0,82.0,440.0,1239.9
1970674,54.0,81.4,1170.0,1233.0
1971562,79.0,81.1,1500.0,1234.1
1972552,73.0,81.1,1670.0,1234.8
1973230,68.0,81.0,720.0,1240.5
1974013,69.0,80.8,920.0,1238.0
1974831,64.0,80.5,880.0,1222.7
1976064,109.0,80.5,1360.0,1225.4
1976768,73.0,81.0,1350.0,1229.4
1977818,112.0,80.8,1570.0,1234.0
1978801,86.0,81.4,900.0,1241.6
1979579,79.0,81.6,830.0,1242.0
1980621,108.0,81.5,1940.0,1228.9
1981729,97.0,82.2,1430.0,1245.0
1982451,78.0,82.4,1010.0,1250.4
1983602,97.0,82.6,1050.0,1254.4
1984968,111.0,82.9,2290.0,1257.9
1985944,93.0,83.2,2670.0,1272.6
1986946,90.0,83.5,1140.0,1286.3
1988057,96.0,83.6,1620.0,1287.6
1989384,89.0,83.7,1250.0,1280.5
1989906,36.0,83.6,400.0,1282.5
1991082,113.0,83.0,2870.0,1274.3
1992391,115.0,83.5,2660.0,1294.2
1992935,44.0,83.6,440.0,1307.7
1993720,82.0,83.4,1540.0,1302.7
1994784,95.0,83.3,1610.0,1298.9
1995419,55.0,83.1,590.0,1298.9
1996153,75.0,82.6,980.0,1286.5
1997032,86.0,82.4,1480.0,1278.7
1998098,99.0,82.3,1840.0,1280.6
1999297,112.0,82.3,1680.0,1284.0
